price,feasible,subscribers,rate_mbps,revenue,A_group_1,A_group_2,A_group_3,A_group_4
0.0,True,2000.0,5.0,0.0,1.0,0.9999999999957041,0.999999999965679,1.0
0.1,True,1999.99999989995,5.000000000250125,199.999999989995,1.0,0.9999999999934854,0.999999999943554,1.0
0.2,True,1999.99999989995,5.000000000250125,399.99999997999,1.0,0.9999999999901557,0.999999999907676,1.0
0.30000000000000004,True,1999.999999861875,5.000000000345312,599.9999999585626,1.0,0.9999999999851765,0.999999999849822,1.0
0.4,True,1999.9999997769005,5.0000000005577485,799.9999999107603,1.0,0.9999999999777575,0.9999999997570544,1.0
0.5,True,1999.9999996415727,5.000000000896068,999.9999998207863,1.0,0.9999999999667428,0.999999999609138,1.0
0.6000000000000001,True,1999.9999994272382,5.000000001431904,1199.999999656343,1.0,0.9999999999504487,0.9999999993746094,1.0
0.7000000000000001,True,1999.9999990896406,5.000000002275899,1399.9999993627484,1.0,0.9999999999264311,0.9999999990048384,1.0
0.8,True,1999.9999985608256,5.000000003597935,1599.9999988486607,1.0,0.9999999998911561,0.9999999984251048,1.0
0.9,True,1999.9999977370626,5.000000005657343,1799.9999979633565,1.0,0.9999999998395336,0.9999999975212843,1.0
1.0,True,1999.999996460945,5.000000008847637,1999.999996460945,1.0,0.9999999997642589,0.9999999961201039,1.0
1.1,True,1999.9999944950243,5.000000013762439,2199.999993944527,1.0,0.9999999996548896,0.9999999939600518,1.0
1.2000000000000002,True,1999.9999914832274,5.000000021291931,2399.9999897798734,1.0,0.9999999994965536,0.999999990648797,1.0
1.3,True,1999.9999868947662,5.000000032763085,2599.999982963196,1.0,0.9999999992681515,0.9999999856012636,0.9999999999999997
1.4000000000000001,True,1999.9999799426598,5.000000050143351,2799.999971919724,1.0,0.9999999989398614,0.9999999779501612,0.9999999999993503
1.5,True,1999.9999690852217,5.000000077286947,2999.9999536278324,1.0,0.9999999984696939,0.999999966417566,0.9999999994506855
1.6,True,1999.9998313182896,5.0000004217043115,3199.9997301092635,1.0,0.9999999977987554,0.9999999491318569,0.9999998250577885
1.7000000000000002,True,1999.9851196225354,5.0000372012204455,3399.9747033583108,1.0,0.9999999968451614,0.9999999233758449,0.9999788417360613
1.8,True,1999.317507865384,5.001706812779688,3598.7715141576914,1.0,0.9999999955203132,0.9999998857071463,0.9990251594641282
1.9000000000000001,True,1988.9495633874287,5.027779579774137,3779.0041704361147,1.0,0.9999999941806373,0.9999998409931529,0.9842138680820912
2.0,True,1942.1762585996155,5.148863269088866,3884.352517199231,1.0,0.9999999945574698,0.9999998274060852,0.9173948786042747
2.1,True,1857.9410700196354,5.382302033882224,3901.6762470412345,1.0,0.9999999964670024,0.999999857261135,0.7970588559874421
2.2,True,1756.6575946506157,5.692629019139564,3864.6467082313548,1.0,0.9999999981549337,0.9999998992402578,0.6523681224334067
2.3000000000000003,True,1651.8777421982368,6.0537167760929425,3799.318807055945,1.0,0.9999999991387175,0.9999999342277334,0.5026825736650512
2.4000000000000004,True,1550.9154827330042,6.447804610460219,3722.1971585592105,1.0,0.999999999615552,0.9999999582388743,0.35845074341214966
2.5,True,1458.7091291124837,6.855376305270851,3646.772822781209,1.0,0.9999999998252947,0.9999999729959057,0.22672736207260635
2.6,True,1380.6200142193727,7.243122580440193,3589.612036970369,1.0,0.9999999999115469,0.9999999810245432,0.11517147330694905
2.7,True,1325.5660096685526,7.5439472097662055,3579.0282261050925,1.0,0.9999999999411372,0.999999983699714,0.036522891929231714
2.8000000000000003,True,1303.065415919911,7.674211806887997,3648.583164575751,1.0,0.9999999999376904,0.9999999804272478,0.0043791907826427265
2.9000000000000004,True,1300.1119284514239,7.691645450796761,3770.3245925091296,1.0,0.9999999999116894,0.9999999710773245,0.00015993502899065226
3.0,True,1300.0014549081418,7.692299083393411,3900.0043647244256,1.0,0.9999999998697751,0.9999999561561637,2.1348480564905504e-06
3.1,True,1299.9999479995333,7.692308000002774,4029.9998387985534,1.0,0.9999999998083274,0.9999999338215255,1.0854992764386345e-08
3.2,True,1299.999910544615,7.692308221629533,4159.999713742768,1.0,0.9999999997188704,0.9999999006513718,2.086644656276169e-11
3.3000000000000003,True,1299.999866417794,7.692308482735028,4289.999559178721,1.0,0.9999999995891107,0.9999998516666234,1.506145135587516e-14
3.4000000000000004,True,1299.9998016399597,7.69230886603592,4419.999325575864,1.0,0.9999999994015667,0.9999997797329403,4.063284712044482e-18
3.5,True,1299.9997070484126,7.6923094257494276,4549.998974669444,1.0,0.9999999991314805,0.9999996746912405,4.083864385522475e-22
3.6,True,1299.9995696958413,7.692310238486988,4679.998450905029,1.0,0.9999999987439208,0.9999995221633968,1.5255504991841985e-26
3.7,True,1299.9993713698593,7.6923114120144644,4809.99767406848,1.0,0.9999999981897916,0.9999993019243344,2.11436325667173e-31
3.8000000000000003,True,1299.99908660879,7.692313096993205,4939.996529113403,1.0,0.9999999974003506,0.9999989856985778,1.0857918929152896e-36
3.9000000000000004,True,1299.9986800348217,7.692315502760463,5069.994852135806,1.0,0.9999999962797157,0.999998534198754,2.0638226710602987e-42
4.0,True,1299.9981027951474,7.692318918388292,5199.992411180589,1.0,0.9999999946946618,0.9999978931735725,1.450762544542023e-48
4.1000000000000005,True,1299.9972878469116,7.6923237405843,5329.988880172338,1.0,0.9999999924607881,0.999996988171949,3.769027034113391e-55
4.2,True,1299.996143755862,7.692330510388028,5459.98380377462,1.0,0.9999999893238409,0.9999957176567711,3.6169069282248817e-62
4.3,True,1299.9945466005215,7.692339961079025,5589.976550382242,1.0,0.9999999849346081,0.9999939440151112,1.2815367854516396e-69
4.4,True,1299.9923294825498,7.692353080252719,5719.96624972322,1.0,0.999999978815312,0.9999914819105415,1.6759369089984802e-77
4.5,True,1299.989269039508,7.6923711896394815,5849.951710677786,1.0,0.9999999703148258,0.9999880833072697,8.087159041613263e-86
4.6000000000000005,True,1299.985068238917,7.692396046938407,5979.931313899018,1.0,0.9999999585492539,0.9999834183656292,1.4396394825814192e-94
4.7,True,1299.9793346039035,7.692429974701824,6109.902872638347,1.0,0.9999999423234577,0.9999770512657911,9.45293050556598e-104
4.800000000000001,True,1299.9715528840056,7.692476022121296,6239.863453843228,1.0,0.9999999200278933,0.9999684098649189,2.2892756440417976e-113
4.9,True,1299.9610510450595,7.692538166401861,6369.809150120792,1.0,0.9999998895036444,0.999956747938145,2.044764945164535e-123
5.0,True,1299.9469583173209,7.6926215612244775,6499.734791586605,1.0,0.9999998478667175,0.9999410986044194,6.736466505581282e-134
5.1000000000000005,True,1299.9281539222995,7.692732840524145,6629.6335850037285,1.0,0.9999997912804828,0.999920217406892,8.187199190361436e-145
5.2,True,1299.9032050113701,7.692880486368622,6759.496666059124,1.0,0.9999997146625511,0.9998925134209552,3.6717545410672043e-156
5.300000000000001,True,1299.8702923131268,7.693075269998626,6889.312549259573,1.0,0.9999996113093552,0.9998559667236174,6.078947436117678e-168
5.4,True,1299.8271220270512,7.693330774945843,7019.066458946078,1.0,0.9999994724182631,0.9998080306037762,3.717541085315645e-180
5.5,True,1299.770822649711,7.693664010409169,7148.73952457341,1.0,0.9999992864832492,0.9997455170589566,8.404352253799294e-193
5.6000000000000005,True,1299.6978257134413,7.694096121543263,7278.307823995272,1.0,0.9999990385361138,0.9996644644513537,7.031302875705394e-206
5.7,True,1299.6037298983522,7.694653200773857,7407.741260420607,1.0,0.9999987092012181,0.9995599867312316,2.1799754265224687e-219
5.800000000000001,True,1299.4831486914782,7.695367200467013,7537.002262410574,1.0,0.9999982735280754,0.9994261044287368,2.509123867733241e-233
5.9,True,1299.3295427559137,7.696276942021748,7666.044302259891,1.0,0.9999976995634824,0.999255558714686,1.0745390770070835e-247
6.0,True,1299.1350394746119,7.6974292095486385,7794.810236847671,1.0,0.9999969466240232,0.9990396112775636,1.7170040563895918e-262
6.1000000000000005,True,1298.8902437685092,7.69887990765617,7923.230486987907,1.0,0.9999959632317978,0.998767834580166,1.027254846355646e-277
6.2,True,1298.5840462483266,7.700695252564124,8051.221086739625,1.0,0.9999946846825051,0.9984278992353616,2.3109484533378826e-293
6.300000000000001,True,1298.2034369911812,7.702952954104627,8178.681653044442,1.0,0.9999930302271245,0.9980053677175066,1.96492620901262e-309
6.4,True,1297.7333356235392,7.705743333776015,8305.493347990652,1.0,0.9999908998681026,0.9974835062776873,0.0
6.5,True,1297.156450751173,7.709170311884183,8431.516929882624,1.0,0.9999881707996885,0.9968431295458171,0.0
6.6000000000000005,True,1296.4531838291593,7.713352186358434,8556.591013272453,1.0,0.9999846935609278,0.996062494574415,0.0
6.7,True,1295.601593952888,7.7184221188629,8680.53067948435,1.0,0.9999802880187703,0.9951172626101484,0.0
6.800000000000001,True,1294.5774403579414,7.724528242385462,8803.126594434003,1.0,0.999974739356113,0.9939805472074649,0.0
6.9,True,1293.354318216661,7.731833310603145,8924.144795694961,1.0,0.9999677943014624,0.9926230659515203,0.0
7.0,True,1291.9039002543113,7.740513824620779,9043.32730178018,1.0,0.9999591578967193,0.9910134096388524,0.0
7.1000000000000005,True,1290.1962915867064,7.750758597904371,9160.393670265616,1.0,0.9999484911482885,0.9891184370633868,0.0
7.2,True,1288.2004980822062,7.762766754777214,9275.043586191885,1.0,0.9999354099334063,0.986903795661694,0.0
7.300000000000001,True,1285.8849999007582,7.776745199432124,9386.960499275536,1.0,0.9999194855271889,0.9843345586614672,0.0
7.4,True,1283.2184124589046,7.79290563703648,9495.816252195895,1.0,0.9999002470674426,0.9813759589385757,0.0
7.5,True,1280.1702080110426,7.811461270870115,9601.27656008282,1.0,0.9998771861795214,0.9779941897501538,0.0
7.6000000000000005,True,1276.7114636097806,7.832623333486759,9703.007123434334,1.0,0.9998497638452624,0.9741572342675097,0.0
7.7,True,1272.8155965148192,7.856597630781445,9800.680093164108,1.0,0.9998174194293743,0.9698356806990198,0.0
7.800000000000001,True,1268.4590471485924,7.883581281145263,9893.980567759021,1.0,0.9997795815920097,0.9650034787008415,0.0
7.9,True,1263.6218726058485,7.913759817545688,9982.612793586204,1.0,0.9997356806411621,0.9596385960879583,0.0
8.0,True,1258.288220344623,7.94730478940761,10066.305762756983,1.0,0.9996851617368202,0.9537235422232782,0.0
8.1,True,1252.4466610570623,7.984371958451325,10144.817954562204,1.0,0.9996274982703979,0.9472457349009257,0.0
8.200000000000001,True,1246.0903705931482,8.025100133981395,10217.941038863817,1.0,0.9995622047194652,0.940197699626993,0.0
8.3,True,1239.2171617700396,8.06961064493044,10285.50244269133,1.0,0.999488848320736,0.9325771023689259,0.0
8.4,True,1231.829376728909,8.11800740339116,10347.366764522836,1.0,0.9994070590047752,0.9243866276573821,0.0
8.5,True,1223.9336577057547,8.170377484956864,10403.436090498915,1.0,0.9993165371806871,0.9156337225010263,0.0
8.6,True,1215.5406203889331,8.226792122175503,10453.649335344824,1.0,0.999217059117173,0.9063302317393747,0.0
8.700000000000001,True,1206.6644542105487,8.287308012683962,10497.980751631774,1.0,0.999108479842685,0.8964919536022351,0.0
8.8,True,1197.322475944992,8.351968831210202,10536.43778831593,1.0,0.9989907336287133,0.8861381435769444,0.0
8.9,True,1187.5346599623865,8.420806850653719,10569.05847366524,1.0,0.9988638322483482,0.8752909927919079,0.0
9.0,True,1177.32316544947,8.493844590395256,10595.90848904523,1.0,0.9987278612922612,0.8639751035455754,0.0
9.1,True,1166.7118772128429,8.571096425185104,10617.07808263687,1.0,0.9985829748784502,0.8522169802580912,0.0
9.200000000000001,True,1155.725972556194,8.652570105249389,10632.678947516986,1.0,0.9984293891162005,0.8400445496820814,0.0
9.3,True,1144.3915229258685,8.738268153571232,10642.841163210578,1.0,0.9982673746814064,0.827486719956561,0.0
9.4,True,1132.735135685624,8.828189119380658,10647.710275444866,1.0,0.9980972488363701,0.8145729843105354,0.0
9.5,True,1120.783638383816,8.922328679262417,10647.444564646252,1.0,0.9979193671929788,0.8013330722058992,0.0
9.600000000000001,True,1108.5638062023781,9.020680581532906,10642.212539542832,1.0,0.9977341154649025,0.7877966479389746,0.0
9.700000000000001,True,1096.1021303573395,9.123237445711291,10632.190664466194,1.0,0.9975419014284699,0.7739930556756106,0.0
9.8,True,1083.424626086136,9.229991417238622,10617.561335644134,1.0,0.9973431472315831,0.7599511074247586,0.0
9.9,True,1070.5566762150052,9.340934695167554,10598.51109452855,1.0,0.9971382821785066,0.7456989108243338,0.0
10.0,True,1057.522906730868,9.456059945701893,10575.22906730868,1.0,0.9969277360695488,0.7312637327676411,0.0
10.100000000000001,True,1044.347091389126,9.575360608031778,10547.905623030174,1.0,0.9967119331211534,0.7166718941659176,0.0
10.200000000000001,True,1031.0520806178147,9.698831114338976,10516.73122230171,1.0,0.9964912865086781,0.7019486925649282,0.0
10.3,True,1017.6597520479339,9.826467028764815,10481.89544609372,1.0,0.9962661935081369,0.6871183481593891,0.0
10.4,True,1004.1909791235505,9.95826511878041,10443.586182884925,1.0,0.9960370312228553,0.6722039698647868,0.0
10.5,True,990.6656149246406,10.094223367953164,10401.988956708727,1.0,0.9958041528599211,0.6572275381695796,0.0
10.600000000000001,True,977.1024885979833,10.23434093832748,10357.286379138624,1.0,0.9955678845138353,0.642209901883565,0.0
10.700000000000001,True,963.5194121058825,10.378618089430963,10309.657709532943,1.0,0.995328522409028,0.6271707862489702,0.0
10.8,True,949.933195303375,10.527056059775187,10259.27850927645,1.0,0.9950863305495242,0.6121288102148527,0.0
10.9,True,936.3596676325444,10.67965691568456,10206.320377194734,1.0,0.9948415387225218,0.5971015109865099,0.0
11.0,True,922.8137049779729,10.836423371322486,10150.950754757701,1.0,0.9945943408023612,0.5821053742415172,0.0
11.100000000000001,True,909.3092604521955,10.997358582961139,10093.332791019371,1.0,0.9943448933021648,0.5671558686574619,0.0
11.200000000000001,True,895.859398080522,11.16246591979289,10033.625258501848,1.0,0.9940933141217555,0.5522674836179623,0.0
11.3,True,882.4763285086364,11.33174871319184,9971.982512147591,1.0,0.9938396814433577,0.5374537691801629,0.0
11.4,True,869.1714461738319,11.505209983623905,9908.554486381683,1.0,0.9935840327185325,0.5227273773668064,0.0
11.5,True,855.9553669266489,11.682852151398391,9843.486719656463,1.0,0.9933263637260754,0.5081001046460428,0.0
11.600000000000001,True,842.8379663668375,11.864676722035078,9776.920409855316,1.0,0.9930666276131315,0.4935829342714806,0.0
11.700000000000001,True,829.8284177924755,12.05068395536776,9708.992488171965,1.0,0.9928047339193418,0.47918607889965015,0.0
11.8,True,816.9352299065472,12.240872512186728,9639.835712897257,1.0,0.9925405475156713,0.4649190226763557,0.0
11.9,True,804.1662839082193,12.43523907941074,9569.57877850781,1.0,0.9922738874244615,0.45079056271246726,0.0
12.0,True,791.5288698576256,12.633777971735542,9498.346438291508,1.0,0.9920045254739355,0.4368088496933634,0.0
12.100000000000001,True,779.0297219544366,12.836480712073362,9426.259635648683,1.0,0.9917321847633974,0.42298142777973113,0.0
12.200000000000001,True,766.6750532396353,13.04333557971444,9353.435649523552,1.0,0.9914565378457105,0.4093152729672139,0.0
12.3,True,754.4705887803352,13.254327138405534,9279.988241998124,1.0,0.9911772046531662,0.3958168309441126,0.0
12.4,True,742.4215980996009,13.46943572977578,9206.027816435051,1.0,0.9908937500520415,0.38249205343243486,0.0
12.5,True,730.5329263995113,13.688636936990344,9131.661579993892,1.0,0.9906056810091609,0.3693464335529757,0.0
12.600000000000001,True,718.8090247151465,13.911901014268501,9056.993711410847,1.0,0.9903124433017777,0.3563850400608783,0.0
12.700000000000001,True,707.2539789956413,14.139192280262348,8982.125533244645,1.0,0.9900134177092047,0.34361255050422324,0.0
12.8,True,695.8715381284496,14.370468473096423,8907.155688044155,1.0,0.9897079156172396,0.33103328335678545,0.0
12.9,True,684.6651409879815,14.605680063643751,8832.180318744962,1.0,0.9893951739515428,0.31865122910867916,0.0
13.0,True,673.637942388915,14.844769527881859,8757.293251055895,1.0,0.9890743493709155,0.30647008057192526,0.0
13.100000000000001,True,662.7928382350769,15.087670570835643,8682.586180879509,1.0,0.9887445115923928,0.294493262129554,0.0
13.200000000000001,True,652.132489644418,15.334307305333926,8608.148863306318,1.0,0.9884046357676004,0.2827239583232245,0.0
13.3,True,641.659346234144,15.584593380723486,8534.069304914115,1.0,0.9880535937676258,0.2711651416451787,0.0
13.4,True,631.3756685431007,15.838431061296674,8460.43395847755,1.0,0.9876901442410951,0.2598195996612953,0.0
13.5,True,621.2835496177298,16.095710253640082,8387.327919839352,1.0,0.9873129212849858,0.2486899615134635,0.0
13.600000000000001,True,611.3849357704798,16.356307483104395,8314.835126478527,1.0,0.9869204215478061,0.23777872385133952,0.0
13.700000000000001,True,601.6816465055817,16.620084820731243,8243.03855712647,1.0,0.9865109895617421,0.22708827623321948,0.0
13.8,True,592.1753936190507,16.886888762610504,8172.0204319429,1.0,0.9860828010696703,0.21662092598456056,0.0
13.9,True,582.8677992692737,17.156549070881493,8101.862409842905,1.0,0.9856338441188481,0.20637892271722647,0.0
14.0,True,573.7604133271002,17.428877572804957,8032.645786579403,1.0,0.9851618975679545,0.19636448201500822,0.0
14.100000000000001,True,564.854729364413,17.70366694327269,7964.451684038223,1.0,0.9846645067858946,0.1865798088969191,0.0
14.200000000000001,True,556.1521995843034,17.98068947218857,7897.3612340971085,1.0,0.984138956115125,0.1770271204014044,0.0
14.3,True,547.6542482515353,18.259695842635082,7831.455749996954,1.0,0.9835822377665338,0.16770866744244578,0.0
14.4,True,539.362283425125,18.540413943104742,7766.816881321801,1.0,0.9829910167334934,0.1586267556426485,0.0
14.5,True,531.2777066401643,18.822547746715493,7703.526746282382,1.0,0.9823615913098149,0.14978376486460593,0.0
14.600000000000001,True,523.4019201042315,19.105776299041043,7641.668033521781,1.0,0.9816898487906489,0.14118216705115683,0.0
14.700000000000001,True,515.7363308675502,19.38975286689308,7581.324063752989,1.0,0.9809712159511212,0.1328245418636373,0.0
14.8,True,508.2823513035918,19.67410431299257,7522.578799293159,1.0,0.980200603942483,0.12471358946117717,0.0
14.9,True,501.0413950986704,19.958430776025388,7465.516786970189,1.0,0.9793723473322493,0.11685213959133617,0.0
15.0,True,494.0148677976296,20.242305752013202,7410.2230169644445,1.0,0.9784801371591473,0.1092431559619933,0.0
15.100000000000001,True,487.20415079332855,20.525276690924557,7356.782676979262,1.0,0.9775169480957306,0.10188973463797935,0.0
15.200000000000001,True,480.6105774840224,20.806866241582966,7305.280777757141,1.0,0.9764749601374254,0.09479509496392391,0.0
15.3,True,474.2354002294499,21.086574294457325,7255.801623510584,1.0,0.9753454756739817,0.08796256121658169,0.0
15.4,True,468.079746472596,21.363880995405246,7208.4280956779785,1.0,0.9741188334694814,0.08139553308694669,0.0
15.5,True,462.14456269345254,21.638250900796923,7163.240721748514,1.0,0.9727843217666813,0.07509744260012965,0.0
15.600000000000001,True,456.4305445555738,21.909138464291416,7120.3164950669525,1.0,0.9713300938827637,0.06907169531002356,0.0
15.700000000000001,True,450.9380521817361,22.175995021085114,7079.727419253258,1.0,0.9697430907899746,0.06332159335971237,0.0
15.8,True,445.66700986575495,22.438277410329803,7041.538755878929,1.0,0.968008976652005,0.05785023837261565,0.0
15.9,True,440.6167903801006,22.695458317358813,7005.8069670436,1.0,0.9661120948394708,0.0526604126802291,0.0
16.0,True,435.786085240199,22.947038326127704,6972.577363843184,1.0,0.9640354535122533,0.04775443837527593,0.0
16.1,True,431.1727638954074,23.19255954308322,6941.8814987160595,1.0,0.961760751216099,0.04313401516909748,0.0
16.2,True,426.7737268235392,23.431620485238447,6913.7343745413355,1.0,0.9592684537915788,0.038800040072470475,0.0
16.3,True,422.5847598061943,23.66389172336976,6888.131584840968,1.0,0.9565379338515863,0.03475241448430777,0.0
16.400000000000002,True,418.6003990392684,23.889131551119025,6865.046544244003,1.0,0.9535476827189364,0.03098984721719394,0.0
16.5,True,414.81381883832825,24.10720073888728,6844.4280108324165,1.0,0.9502756016313068,0.02750966501337798,0.0
16.6,True,411.2167550658319,24.31807526519462,6826.19813409281,1.0,0.9466993739731275,0.024307644745741583,0.0
16.7,True,407.7994775126284,24.521855841981374,6810.251274460894,1.0,0.9427969133395327,0.021377883160774568,0.0
16.8,True,404.5508228413245,24.718773106839688,6796.453823734251,1.0,0.93854687386683,0.01871272007550649,0.0
16.900000000000002,True,401.45829608469205,24.909187573222773,6784.645203831296,1.0,0.9339292004628325,0.016302728880139047,0.0
17.0,True,398.5082431906023,25.09358381130677,6774.640134240239,1.0,0.9289256887454633,0.014136783823898434,0.0
17.1,True,395.68609027228706,25.272558843598997,6766.23214365611,1.0,0.9235205192331797,0.012202207139591,0.0
17.2,True,392.97663803915356,25.446805311117927,6759.198174273441,1.0,0.9177007290033015,0.01048499137599977,0.0
17.3,True,390.36439357525165,25.617090504624294,6753.304008851854,1.0,0.9114565873945338,0.008970084551210178,0.0
17.400000000000002,True,387.83391737386404,25.784232765697492,6748.310162305235,1.0,0.9047818502028067,0.007641719258687294,0.0
17.5,True,385.37016213215276,25.94907697231307,6743.977837312673,1.0,0.897673878056664,0.006483762800137877,0.0
17.6,True,382.95878146748106,26.112470803464653,6740.074553827667,1.0,0.8901336173944523,0.005480064430884971,0.0
17.7,True,380.5863910044956,26.275243246629586,6736.379120779572,1.0,0.8821654545944969,0.00461477787206779,0.0
17.8,True,378.2407702750816,26.43818643010731,6732.685710896453,1.0,0.873776963513363,0.0038726417465059907,0.0
17.900000000000002,True,375.91100043238515,26.602041410061613,6728.806907739695,1.0,0.8649785728313982,0.0032392065175242436,0.0
18.0,True,373.5875388462352,26.76748809899652,6724.575699232233,1.0,0.8557831818884918,0.002701002742646471,0.0
18.1,True,371.26223645995356,26.93513914949078,6719.84647992516,1.0,0.8462057525520034,0.002245651055001991,0.0
18.2,True,368.9283069767049,27.105537338536145,6714.495186976029,1.0,0.8362629010039901,0.0018619186398857223,0.0
18.3,True,366.580258497384,27.279155841588675,6708.418730502128,1.0,0.8259725082461314,0.0015397298312855552,0.0
18.400000000000002,True,364.21379840756634,27.456400728699727,6701.533890699222,1.0,0.815353362574734,0.0012701398669057074,0.0
18.5,True,361.8257214014013,27.637615040933547,6693.775845925925,1.0,0.8044248422184717,0.0010452810641266342,0.0
18.6,True,359.41378931478016,27.823083858482246,6685.096481254912,1.0,0.7932066413921559,0.0008582900405562893,0.0
18.7,True,356.97660924529026,28.013039905168338,6675.462592886927,1.0,0.7817185406479732,0.0007032234684280186,0.0
18.8,True,354.51351533364914,28.207669291785773,6664.854088272604,1.0,0.7699802186209612,0.0005749684549522276,0.0
18.900000000000002,True,352.0244574387707,28.407117143953975,6653.262245592767,1.0,0.7580111020486932,0.0004691522544802266,0.0
19.0,True,349.5098990685919,28.611492912358063,6640.688082303246,1.0,0.7458302491088705,0.00038205471868631673,0.0
19.1,True,346.9707255486699,28.820875260259644,6627.140857979596,1.0,0.7334562616784339,0.0003105257922035655,0.0
19.200000000000003,True,344.40816285189817,29.035316460545634,6612.636726756446,1.0,0.7209072216836964,0.0002519094612874894,0.0
19.3,True,341.82370685170207,29.254846283492075,6597.19754223785,1.0,0.7082006473281203,0.00020397487341981965,0.0
19.400000000000002,True,339.21906242838895,29.479475382109626,6580.8498111107465,1.0,0.6953534653788871,0.0001648548362352155,0.0
19.5,True,336.59609163765714,29.709198200568874,6563.623786934314,1.0,0.6823819962211886,0.00013299154824362463,0.0
19.6,True,333.9567700426579,29.943995442052728,6545.552692836096,1.0,0.6693019489031277,0.00010708918003576392,0.0
19.700000000000003,True,331.3031502806794,30.18383613777297,6526.672060529385,1.0,0.656128423873267,8.607278447301817e-05,0.0
19.8,True,328.63733195702747,30.428679360467775,6507.019172749144,1.0,0.6428759215409571,6.905294315105263e-05,0.0
19.900000000000002,True,325.9614370126975,30.67847562474226,6486.632596552681,1.0,0.6295583551602053,5.529553406274854e-05,0.0
20.0,True,323.2775897847049,30.933168014088942,6465.5517956940985,1.0,0.6161890668511637,4.419601608033987e-05,0.0
20.1,True,320.5879010584806,31.192693071020894,6443.816811275461,1.0,0.6027808458329255,3.525765766013658e-05,0.0
20.200000000000003,True,317.8944554937626,31.45698148295074,6421.468000974006,1.0,0.5893459481531086,2.8073181257488897e-05,0.0
20.3,True,315.19930188459347,31.725958592577665,6398.545828257247,1.0,0.5758961173699824,2.2309345071950776e-05,0.0
20.400000000000002,True,312.5044457877758,31.99954475780827,6375.090694070627,1.0,0.5624426057781883,1.7694035627265586e-05,0.0
20.5,True,309.81184412113794,32.27765558275413,6351.142804483327,1.0,0.5489961958752944,1.4005495499056591e-05,0.0
20.6,True,307.12340139262824,32.56020203818967,6326.742068688142,1.0,0.5355672218490594,1.1063358478833961e-05,0.0
20.700000000000003,True,304.44096727372016,32.84709048703386,6301.928022566009,1.0,0.5221655909287495,8.72120861358921e-06,0.0
20.8,True,301.76633527613427,33.13822262794622,6276.739773743593,1.0,0.5088008044922102,6.860419422900836e-06,0.0
20.900000000000002,True,299.1012423300866,33.43349536797995,6251.215964698811,1.0,0.49548197885682377,5.385065062347797e-06,0.0
21.0,True,296.4473690957517,33.73280063339009,6225.3947510107855,1.0,0.4822178657094846,4.217726393975952e-06,0.0
21.1,True,293.806340868046,34.036025126126155,6199.313792315771,1.0,0.4690168721505605,3.2960421007887386e-06,0.0
21.200000000000003,True,291.1797289588349,34.343050032214755,6173.010253927301,1.0,0.45588708034097236,2.5698784773877216e-06,0.0
21.3,True,288.569052460824,34.653750687134384,6146.520817415552,1.0,0.44283626675141874,1.9990117103127688e-06,0.0
21.400000000000002,True,285.9757803108818,34.96799620278712,6119.881698652872,1.0,0.4298719210332134,1.5512337014618585e-06,0.0
21.5,True,283.4013336112753,35.285649056671005,6093.128672642419,1.0,0.41700126442423346,1.2008071426856466e-06,0.0
21.6,True,280.84708808535134,35.60656465471677,6066.29710264359,1.0,0.40423126799091763,9.272079641858295e-07,0.0
21.700000000000003,True,278.3143767407857,35.93059085594318,6039.4219752750505,1.0,0.39156867023713493,7.141037331089037e-07,0.0
21.8,True,275.80449258747933,36.2575674753674,6012.537938407049,1.0,0.3790199945732088,5.485253924799422e-07,0.0
21.900000000000002,True,273.3186914504579,36.58732575855542,5985.679342765028,1.0,0.3665915663659054,4.2019709208044833e-07,0.0
22.0,True,270.8581948295428,36.91968783256946,5958.8802862499415,1.0,0.3542895296725951,3.2099503154494315e-07,0.0
22.1,True,268.42419278808984,37.25446613485618,5932.174660616786,1.0,0.34211986364861985,2.445113708559413e-07,0.0
22.200000000000003,True,266.01784685256246,37.59146282220077,5905.596200126887,1.0,0.3300883986255496,1.8570353461858015e-07,0.0
22.3,True,263.64029291988834,37.93046916026099,5879.17853211351,1.0,0.3182008317977152,1.4061277919930683e-07,0.0
22.400000000000002,True,261.2926440844056,38.271264906981806,5852.9552274906855,1.0,0.3064627427973158,1.0613882454299914e-07,0.0
22.5,True,258.9759935518865,38.61361766721622,5826.959854917447,1.0,0.294879608390456,7.985977183547824e-08,0.0
22.6,True,256.69141736380817,38.957282260150606,5801.226032422065,1.0,0.2834568173206635,5.988852675735134e-08,0.0
22.700000000000003,True,254.43997714554482,39.30200007163103,5775.787481203868,1.0,0.2721996843140745,4.475858491468689e-08,0.0
22.8,True,252.22272273655756,39.64749841529874,5750.678078393513,1.0,0.2611134636825171,3.3333384852150636e-08,0.0
22.900000000000002,True,250.04069471884037,39.993489904691536,5725.931909061445,1.0,0.25020336228871654,2.4734535146678942e-08,0.0
23.0,True,247.89492681419074,40.33967184611036,5701.583316726387,1.0,0.2394745517877639,1.8285123086428718e-08,0.0
23.1,True,245.78644812140485,40.68572566320074,5677.666951604452,1.0,0.22893218001409427,1.346504685078529e-08,0.0
23.200000000000003,True,243.71628515924388,41.031316366347916,5654.217815694458,1.0,0.21858138135430333,9.875910725256215e-09,0.0
23.3,True,241.68546367480434,41.376092082456914,5631.271303622942,1.0,0.20842728591281157,7.213508133016813e-09,0.0
23.400000000000002,True,239.69501016970307,41.71968366350239,5608.8632379710525,1.0,0.19847502723960864,5.246310424004645e-09,0.0
23.5,True,237.7459530882586,42.06170439539592,5587.029897574077,1.0,0.18872974834659806,3.798697213472018e-09,0.0
23.6,True,235.83932360258075,42.40174983223439,5565.808037020906,1.0,0.17919660569171064,2.7379204592536353e-09,0.0
23.700000000000003,True,233.9761559192914,42.73939778483,5545.234895287206,1.0,0.16988077075796487,1.964000824228135e-09,0.0
23.8,True,232.1574870215831,43.07420849653806,5525.348191113678,1.0,0.1607874287988863,1.4019205701686713e-09,0.0
23.900000000000002,True,230.38435574875592,43.405725043697984,5506.186102395267,1.0,0.1519217742632648,9.95609967809942e-10,0.0
24.0,True,228.65780110364705,43.73347400234621,5487.78722648753,1.0,0.143289002353085,7.033302850988029e-10,0.0
24.1,True,226.97885966705027,44.056966427044145,5470.1905179759115,1.0,0.13489429611153225,4.941409762955983e-10,0.0
24.200000000000003,True,225.34856198815405,44.375699191396095,5453.435200113328,1.0,0.12674280838730745,3.452059316557329e-10,0.0
24.3,True,223.7679278122858,44.68915674273388,5437.560645838545,1.0,0.11883963798255587,2.39746970001075e-10,0.0
24.400000000000002,True,222.23796000330867,44.996813325010365,5422.606224080732,1.0,0.11118979927181233,1.6549493025165298e-10,0.0
24.5,True,220.75963702367483,45.29813572273438,5408.611107080033,1.0,0.10379818457754869,1.1352198131075606e-10,0.0
24.6,True,219.33390381130621,45.59258658252414,5395.614033758133,1.0,0.09666951871631951,7.736493032209258e-11,0.0
24.700000000000003,True,217.96166103345803,45.8796283373201,5383.653027526414,1.0,0.089808304931971,5.236982150506853e-11,0.0
24.8,True,216.64375247540218,46.15872779961842,5372.765061389974,1.0,0.08321876221859253,3.520415557261183e-11,0.0
24.900000000000002,True,215.38095071134182,46.4293614034707,5362.9856727124115,1.0,0.07690475345097916,2.3495552827661974e-11,0.0
25.0,True,214.17394097402905,46.691021113593884,5354.348524350727,1.0,0.07086970480010067,1.556539052723025e-11,0.0
25.1,True,213.02330339707987,46.94322095531394,5346.884915266705,1.0,0.06511651693934913,1.0233455786874378e-11,0.0
25.200000000000003,True,211.92949385292573,47.185504094771126,5340.623245093729,1.0,0.059647469234589315,6.67544935755712e-12,0.0
25.3,True,210.89282374893463,47.417450353383664,5335.588440848046,1.0,0.05446411872523425,4.319627259030696e-12,0.0
25.400000000000002,True,209.91343928719857,47.63868399258724,5331.801357894844,1.0,0.04956719642351852,2.7722746027273252e-12,0.0
25.5,True,208.99130084484665,47.84888155428016,5329.278171543589,1.0,0.0449565042162937,1.7643033020581412e-12,0.0
25.6,True,208.12616327941763,48.047779493126974,5328.029779953092,1.0,0.04063081639207941,1.1132368524599968e-12,0.0
25.700000000000003,True,207.31755809251752,48.23518129389408,5328.061242977701,1.0,0.03658779045945458,6.963350761222699e-13,0.0
25.8,True,206.56477847636896,48.41096373622089,5329.371284690319,1.0,0.03282389237990173,4.31732082216083e-13,0.0
25.900000000000002,True,205.86686830246592,48.57508195688727,5331.951889033868,1.0,0.029334341511135096,2.652990687489822e-13,0.0
26.0,True,205.2226160711241,48.727572971461846,5335.788017849227,1.0,0.026113080354893705,1.6156764554261067e-13,0.0
26.1,True,204.63055471184265,48.86855735734008,5340.857477979093,1.0,0.023152773558773976,9.751127368754856e-14,0.0
26.200000000000003,True,204.08896790185187,48.99823887006516,5347.13095902852,1.0,0.020444839508997573,5.832227845016975e-14,0.0
26.3,True,203.59590326015376,49.11690186232309,5354.572255742044,1.0,0.017979516300613407,3.457035504594822e-14,0.0
26.400000000000002,True,203.149192395719,49.22490649394642,5363.138679246982,1.0,0.015745961978504138,2.0308887793450008e-14,0.0
26.5,True,202.74647737244143,49.32268185173047,5372.781650369698,1.0,0.013732386862993513,1.1825424897078946e-14,0.0
26.6,True,202.38524274232645,49.41071722670924,5383.447456945884,1.0,0.011926213708375915,6.825622173070946e-15,0.0
26.700000000000003,True,202.06285192359456,49.489551913190205,5395.078146359975,1.0,0.010314259616945523,3.905882136125752e-15,0.0
26.8,True,201.77658644602863,49.55976397526582,5407.612516753567,1.0,0.008882932227102994,2.2162178139462644e-15,0.0
26.900000000000002,True,201.52368638291745,49.62195848779227,5420.98716370048,1.0,0.007618431912695471,1.247079253227256e-15,0.0
27.0,True,201.30139031471288,49.67675575596416,5435.137538497248,1.0,0.0065069515735426365,6.960509124764876e-16,0.0
27.1,True,201.10697322879082,49.724779998669796,5449.998974500231,1.0,0.005534866143147895,3.854195566490758e-16,0.0
27.200000000000003,True,200.93778100475876,49.766648909908945,5465.507643329439,1.0,0.004688905021345144,2.1176513315856021e-16,0.0
27.3,True,200.7912604310518,49.80296442450903,5481.601409767714,1.0,0.003956302150911682,1.154743381445887e-16,0.0
27.400000000000002,True,200.66498404001078,49.83430491293932,5498.220562696296,1.0,0.003324920194155516,6.250401952691005e-17,0.0
27.5,True,200.5566694090727,49.86121892363068,5515.308408749499,1.0,0.0027833470386032996,3.358926830100798e-17,0.0
27.6,True,200.46419290349107,49.88422049425192,5532.811724136353,1.0,0.002320964510563194,1.7924149155086853e-17,0.0
27.700000000000003,True,200.38559811652115,49.90378597061228,5550.681067827636,1.0,0.0019279905761564325,9.499331983570588e-18,0.0
27.8,True,200.31909947903895,49.920352208084786,5568.870965517283,1.0,0.0015954973895329547,5.0006961607792236e-18,0.0
27.900000000000002,True,200.26308165748327,49.934315986924325,5587.339978243784,1.0,0.0013154082826772478,2.6152430311350314e-18,0.0
28.0,True,200.216095439865,49.94603444858161,5606.05067231622,1.0,0.0010804771954929006,1.358919929819326e-18,0.0
28.1,True,200.17685083293395,49.95582635249828,5624.969508405445,1.0,0.0008842541616459909,7.01659936833949e-19,0.0
28.200000000000003,True,200.14420807116045,49.96397395843971,5644.066667606725,1.0,0.0007210403534507838,3.600444161764388e-19,0.0
28.3,True,200.11716718261653,49.97072535448456,5663.315831268048,1.0,0.0005858359112672698,1.8362113845007537e-19,0.0
28.400000000000002,True,200.09485668020977,49.97629707185293,5682.693929717958,1.0,0.00047428339964806647,9.308128280460965e-20,0.0
28.5,True,200.07652185937096,49.98087685185153,5702.180872992072,1.0,0.0003826092957684953,4.690364859098591e-20,0.0
28.6,True,200.06151309351463,49.98462645499289,5721.759274474519,1.0,0.00030756546672346016,2.3495404304775468e-20,0.0
28.700000000000003,True,200.0492744323694,49.98768442612221,5741.414176209002,1.0,0.00024637216117359744,1.1700785083679877e-20,0.0
28.8,True,200.03933272959594,49.99016875105029,5761.132782612363,1.0,0.00019666364743740677,5.7932637278847015e-21,0.0
28.900000000000002,True,200.0312874572394,49.99217935912998,5780.904207514219,1.0,0.00015643728575278308,2.8518408029044674e-21,0.0
29.0,True,200.02480130641496,49.99380044218192,5800.719237886034,1.0,0.00012400653170476335,1.3958404401544708e-21,0.0
29.1,True,200.0195916261761,49.99510257319875,5820.5701163217245,1.0,9.795813056534463e-05,6.7930892839476375e-22,0.0
29.200000000000003,True,200.01542271508677,49.99614461853055,5840.450343280534,1.0,7.711357516101727e-05,3.287232588223304e-22,0.0
29.3,True,200.01209895157658,49.99697544507558,5860.354499281194,1.0,6.0494757643174456e-05,1.581735579375621e-22,0.0
29.400000000000002,True,200.00945872845625,49.997635429715075,5880.278086616614,1.0,4.729364206653696e-05,7.568066653507296e-23,0.0
29.5,True,200.00736914277306,49.99815778218456,5900.2173897118055,1.0,3.684571366967588e-05,3.600722248032195e-23,0.0
29.6,True,200.00572138326683,49.9985696950999,5920.169352944698,1.0,2.860691615469322e-05,1.7035418663500778e-23,0.0
29.700000000000003,True,200.00442675294795,49.998893336257645,5940.131474562555,1.0,2.2133764572240636e-05,8.014538191319398e-24,0.0
29.8,True,200.00341326279138,49.999146698864855,5960.101715231183,1.0,1.7066313798964524e-05,3.749470245074511e-24,0.0
29.900000000000002,True,200.00262273341602,49.99934432524429,5980.07841972914,1.0,1.3113666928930306e-05,1.7443338456333625e-24,0.0
30.0,True,200.0020083441826,49.999497918996106,6000.060250325478,1.0,1.0041720768366506e-05,8.069741545811236e-25,0.0
30.1,True,200.00153257287772,49.99961685971652,6020.046130443619,1.0,7.662864248780174e-06,3.712458072222629e-25,0.0
30.200000000000003,True,200.00116547357814,49.999708633303364,6040.035197302061,1.0,5.827367754732416e-06,1.6983869025082178e-25,0.0
30.3,True,200.00088324510497,49.9997791896989,6060.026762326681,1.0,4.41622539167182e-06,7.726552866851255e-26,0.0
30.400000000000002,True,200.00066704738745,49.99983323870932,6080.020278240579,1.0,3.3352368059949857e-06,3.4955031107421256e-26,0.0
30.5,True,200.0005020278995,49.999874493340165,6100.015311850935,1.0,2.5101393687322697e-06,1.572565937071029e-26,0.0
30.6,True,200.00037652496178,49.999905868936764,6120.0115216638305,1.0,1.8826246809264278e-06,7.035316381299572e-27,0.0
30.700000000000003,True,200.0002814190277,49.99992964534207,6140.00863956415,1.0,1.4070950112967796e-06,3.1299270169670586e-27,0.0
30.8,True,200.00020960705885,49.999947598290206,6160.006455897413,1.0,1.0480351684499941e-06,1.3847160071579171e-27,0.0
30.900000000000002,True,200.00015557868664,49.999961105358594,6180.004807381418,1.0,7.778933081539678e-07,6.092045989891302e-28,0.0
31.0,True,200.00011507607462,49.99997123099789,6200.003567358313,1.0,5.753802488052916e-07,2.6652721842574355e-28,0.0
31.1,True,200.00008482223595,49.99997879445,6220.002637971538,1.0,4.2411105577649233e-07,1.1595669277268098e-28,0.0
31.200000000000003,True,200.0000623050346,49.999984423746206,6240.00194391708,1.0,3.115250490238079e-07,5.0167888640416197e-29,0.0
31.3,True,200.0000456062473,49.99998859844077,6260.001427475541,1.0,2.2803111241091818e-07,2.158397553958575e-29,0.0
31.400000000000002,True,200.000033266901,49.99999168327613,6280.001044580692,1.0,1.6633438126269027e-07,9.234481416814441e-30,0.0
31.5,True,200.00002418166645,49.99999395458412,6300.000761722493,1.0,1.209082092239168e-07,3.9288809144963954e-30,0.0
31.6,True,200.00001751640878,49.99999562089818,6320.000553518517,1.0,8.758192023594927e-08,1.662265218693058e-30,0.0
31.700000000000003,True,200.0000126441017,49.999996838974766,6340.000400818025,1.0,6.32203856071771e-08,6.993694826853125e-31,0.0
31.8,True,200.00000909523868,49.99999772619043,6360.00028922859,1.0,4.5476070739759353e-08,2.926090469141864e-31,0.0
31.900000000000002,True,200.00000651962466,49.999998370093884,6380.000207976027,1.0,3.259800140013166e-08,1.2174281365160741e-31,0.0
32.0,True,200.0000046570692,49.999998835732725,6400.000149026215,1.0,2.3285223759536682e-08,5.037014875951654e-32,0.0
32.1,True,200.0000033150009,49.99999917124979,6420.0001064115295,1.0,1.6574881484159645e-08,2.0724174770318636e-32,0.0
32.2,True,200.0000023514446,49.99999941213885,6440.000075716517,1.0,1.1757100113490536e-08,8.479205750468284e-33,0.0
32.300000000000004,True,200.00000166213152,49.99999958446711,6460.000053686849,1.0,8.310535006535966e-09,3.449902479266738e-33,0.0
32.4,True,200.00000117077911,49.999999707305214,6480.000037933243,1.0,5.853774196911866e-09,1.3958282568384589e-33,0.0
32.5,True,200.00000082179446,49.999999794551385,6500.00002670832,1.0,4.108851231835581e-09,5.61604374224891e-34,0.0
32.6,True,200.00000057481742,49.999999856295645,6520.000018739048,1.0,2.873965880998084e-09,2.246995051026711e-34,0.0
32.7,True,200.00000040065908,49.999999899835224,6540.000013101552,1.0,2.0031747066919694e-09,8.940189003725994e-35,0.0
32.800000000000004,True,200.000000278291,49.999999930427244,6560.000009127945,1.0,1.3913339545848258e-09,3.537236109142754e-35,0.0
32.9,True,200.0000001926206,49.99999995184485,6580.000006337217,1.0,9.629829555025488e-10,1.3917267735076062e-35,0.0
33.0,True,200.00000013285805,49.99999996678549,6600.000004384316,1.0,6.641708609463851e-10,5.4452311201875267e-36,0.0
33.1,True,200.00000009131833,49.99999997717041,6620.0000030226365,1.0,4.5647226366640125e-10,2.1186093306564682e-36,0.0
33.2,True,200.00000006254837,49.99999998436291,6640.0000020766065,1.0,3.1262355759298816e-10,8.197048349126746e-37,0.0
33.300000000000004,True,200.00000004269438,49.999999989326405,6660.000001421724,1.0,2.1335416584537077e-10,3.153813409147107e-37,0.0
33.4,True,200.00000002904247,49.99999999273938,6680.000000970018,1.0,1.4509487579683465e-10,1.2066635901840203e-37,0.0
33.5,True,200.00000001968877,49.99999999507781,6700.000000659574,1.0,9.832726560304237e-11,4.5910071711370945e-38,0.0
33.6,True,200.00000001330295,49.99999999667426,6720.000000446979,1.0,6.639971553358271e-11,1.7370052081546345e-38,0.0
33.7,True,200.00000000895892,49.99999999776026,6740.000000301916,1.0,4.468155613388037e-11,6.535299529327509e-39,0.0
33.800000000000004,True,200.00000000601455,49.99999999849636,6760.000000203292,1.0,2.996122962347184e-11,2.4451243107013164e-39,0.0
33.9,True,200.00000000402602,49.99999999899349,6780.0000001364815,1.0,2.001979924966555e-11,9.09719083999991e-40,0.0
34.0,True,200.0000000026875,49.99999999932812,6800.000000091375,1.0,1.332993488827892e-11,3.3657699625763294e-40,0.0
34.1,True,200.00000000179003,49.99999999955249,6820.00000006104,1.0,8.844312045090295e-12,1.2383179512852164e-40,0.0
34.2,True,200.00000000119013,49.99999999970246,6840.000000040703,1.0,5.8474606912358516e-12,4.530544217756976e-41,0.0
34.300000000000004,True,200.00000000079027,49.999999999802434,6860.000000027107,1.0,3.8524526316593125e-12,1.648310023412122e-41,0.0
34.4,True,200.00000000052492,49.99999999986876,6880.000000018057,1.0,2.5291441019981333e-12,5.963450306461692e-42,0.0
34.5,True,200.00000000034956,49.9999999999126,6900.00000001206,1.0,1.6545338292697165e-12,2.145489276754854e-42,0.0
34.6,True,200.00000000023348,49.99999999994163,6920.000000008079,1.0,1.0785569624330324e-12,7.675823721485009e-43,0.0
34.7,True,200.00000000015692,49.99999999996077,6940.000000005445,1.0,7.006085609929705e-13,2.7308220521759548e-43,0.0
34.800000000000004,True,200.00000000010664,49.99999999997334,6960.000000003712,1.0,4.5349476662833847e-13,9.661208192627082e-44,0.0
34.9,True,200.0000000000736,49.9999999999816,6980.000000002568,1.0,2.9250492607234735e-13,3.398904638205331e-44,0.0
35.0,True,200.00000000005167,49.999999999987075,7000.000000001808,1.0,1.879999534487678e-13,1.1890931806163462e-44,0.0
35.1,True,200.00000000003695,49.99999999999076,7020.000000001297,1.0,1.2040528442850402e-13,4.136776322199086e-45,0.0
35.2,True,200.00000000002723,49.999999999993186,7040.000000000959,1.0,7.684156620860048e-14,1.4311241347870692e-45,0.0
35.300000000000004,True,200.00000000002044,49.999999999994884,7060.000000000722,1.0,4.886628640233613e-14,4.9233596862697816e-46,0.0
35.4,True,200.0000000000157,49.99999999999608,7080.000000000555,1.0,3.096596033766929e-14,1.6842815655533244e-46,0.0
35.5,True,200.0000000000123,49.999999999996916,7100.000000000437,1.0,1.9553364196212883e-14,5.729761911516184e-47,0.0
35.6,True,200.0000000000099,49.99999999999752,7120.000000000352,1.0,1.2303248110480931e-14,1.9383271968014122e-47,0.0
35.7,True,200.00000000000796,49.99999999999801,7140.000000000285,1.0,7.713990089640739e-15,6.520578366349717e-48,0.0
35.800000000000004,True,200.0000000000063,49.99999999999842,7160.0000000002265,1.0,4.8194671563553434e-15,2.1812907087040126e-48,0.0
35.9,True,200.00000000000497,49.99999999999876,7180.000000000178,1.0,3.000400899494873e-15,7.256200401536489e-49,0.0
36.0,True,200.00000000000415,49.99999999999896,7200.000000000149,1.0,1.861313507837464e-15,2.40034222335211e-49,0.0
36.1,True,200.0000000000032,49.99999999999919,7220.000000000116,1.0,1.1505868988798822e-15,7.895963428749768e-50,0.0
36.2,True,200.00000000000236,49.9999999999994,7240.000000000086,1.0,7.087264702154785e-16,2.582884885908051e-50,0.0
36.300000000000004,True,200.00000000000182,49.99999999999954,7260.000000000067,1.0,4.350076576389622e-16,8.401809427869807e-51,0.0
36.4,True,200.00000000000136,49.99999999999965,7280.000000000049,1.0,2.6605649351147565e-16,2.7177427754406016e-51,0.0
36.5,True,200.00000000000102,49.999999999999744,7300.000000000037,1.0,1.6214711837426876e-16,8.742014404042467e-52,0.0
36.6,True,200.00000000000074,49.999999999999815,7320.000000000027,1.0,9.846972443851807e-17,2.7962901183601758e-52,0.0
36.7,True,200.0000000000005,49.999999999999865,7340.000000000019,1.0,5.958734515645919e-17,8.894476257151503e-53,0.0
36.800000000000004,True,200.00000000000034,49.999999999999915,7360.000000000014,1.0,3.593046952813404e-17,2.813363671679707e-53,0.0
36.9,True,200.00000000000023,49.999999999999936,7380.000000000008,1.0,2.1588825324095647e-17,8.849090068531632e-54,0.0
37.0,True,200.00000000000014,49.999999999999964,7400.0000000000055,1.0,1.292564200527775e-17,2.7678242161266606e-54,0.0
37.1,True,200.00000000000009,49.99999999999997,7420.000000000004,1.0,7.711377382262026e-18,8.608856089213305e-55,0.0
37.2,True,200.00000000000006,49.999999999999986,7440.000000000003,1.0,4.5842495574059584e-18,2.6626823015193834e-55,0.0
37.300000000000004,True,200.00000000000003,49.99999999999999,7460.000000000002,1.0,2.715568416057251e-18,8.189551594935433e-56,0.0
37.4,True,200.00000000000003,49.99999999999999,7480.000000000001,1.0,1.6029102126609195e-18,2.504768957059769e-56,0.0
37.5,True,200.0,50.0,7500.0,1.0,9.427864775799411e-19,7.61801648954871e-57,0.0
37.6,True,200.0,50.0,7520.0,1.0,5.525517414150825e-19,2.3040014249809705e-57,0.0
37.7,True,200.0,50.0,7540.000000000001,1.0,3.2269168773127403e-19,6.929311576310573e-58,0.0
37.800000000000004,True,199.99999999604276,50.00000000098931,7559.999999850417,1.0,1.8778356945319334e-19,2.072353610007199e-58,0.0
37.9,True,200.0000000035223,49.999999999119424,7580.000000133495,1.0,1.0888853514873422e-19,6.163167536051445e-59,0.0
38.0,True,200.00000000195175,49.99999999951206,7600.000000074167,1.0,6.291602114632243e-20,1.822679640142055e-59,0.0
38.1,True,200.0000000010319,49.99999999974202,7620.000000039316,1.0,3.6223853644602117e-20,5.360223336037369e-60,0.0
38.2,True,200.0000000005177,49.999999999870575,7640.000000019777,1.0,2.0781751132520493e-20,1.5675504250215465e-60,0.0
38.300000000000004,True,200.00000000024477,49.99999999993881,7660.000000009375,1.0,1.1880193199300532e-20,4.5585441663058356e-61,0.0
38.400000000000006,True,200.00000000010817,49.99999999997296,7680.000000004155,1.0,6.767348329344283e-21,1.3182468614962576e-61,0.0
38.5,True,200.00000000004425,49.99999999998894,7700.0000000017035,1.0,3.84120085149488e-21,3.7908201387053276e-62,0.0
38.6,True,200.00000000001657,49.99999999999585,7720.00000000064,1.0,2.172544878916098e-21,1.084015242440898e-62,0.0
38.7,True,200.0000000000056,49.9999999999986,7740.000000000217,1.0,1.2244006516476472e-21,3.082501516745642e-63,0.0
38.800000000000004,True,200.00000000000168,49.999999999999574,7760.0000000000655,1.0,6.8759262061827645e-22,8.716393616961985e-64,0.0
38.900000000000006,True,200.00000000000045,49.999999999999886,7780.000000000019,1.0,3.8476142917439863e-22,2.4509582846800414e-64,0.0
39.0,True,200.0000000000001,49.999999999999964,7800.000000000005,1.0,2.1453805020916365e-22,6.853311664572181e-65,0.0
39.1,True,200.00000000000003,49.99999999999999,7820.000000000002,1.0,1.1919812430351908e-22,1.905594321748938e-65,0.0
39.2,True,200.0,50.0,7840.000000000001,1.0,6.59912907338661e-23,5.268970303444176e-66,0.0
39.300000000000004,True,200.00000000452573,49.99999999886857,7860.000000177862,1.0,3.6404557267567644e-23,1.4487261982983353e-66,0.0
39.400000000000006,True,200.0000000011147,49.999999999721325,7880.00000004392,1.0,2.001136153952474e-23,3.961065924305295e-67,0.0
39.5,True,200.0000000002271,49.99999999994323,7900.00000000897,1.0,1.0960972855204328e-23,1.0769683760224079e-67,0.0
39.6,True,200.00000000003604,49.99999999999098,7920.000000001427,1.0,5.9823659359515205e-24,2.9117822038380727e-68,0.0
39.7,True,200.00000000000398,49.999999999999005,7940.000000000158,1.0,3.2534796043492046e-24,7.828522657426072e-69,0.0
39.800000000000004,True,200.00000000000023,49.999999999999936,7960.00000000001,1.0,1.7630891712076556e-24,2.0929828080911425e-69,0.0
39.900000000000006,True,200.0,50.0,7980.000000000001,1.0,9.520316377148756e-25,5.5643746893433655e-70,0.0
40.0,True,199.99999999648767,50.00000000087808,7999.999999859507,1.0,5.122467810643043e-25,1.4710650072924942e-70,0.0
40.1,True,199.9999999998584,50.00000000003539,8019.999999994322,1.0,2.746361429804351e-25,3.867337652690199e-71,0.0
40.2,True,199.99999999919066,50.00000000020233,8039.999999967466,1.0,1.4671907717793625e-25,1.0110135685545074e-71,0.0
40.300000000000004,True,199.99999999803558,50.0000000004911,8059.999999920835,1.0,7.810265049621031e-26,2.6282488341254896e-72,0.0
40.400000000000006,True,199.99999999665482,50.000000000836295,8079.999999864856,1.0,4.142810787308859e-26,6.794234287308398e-73,0.0
40.5,True,199.99999999531346,50.000000001171635,8099.999999810195,1.0,2.1896485687855044e-26,1.7465420173770067e-73,0.0
40.6,True,200.0000000042479,49.99999999893802,8120.000000172466,1.0,1.1531972137087126e-26,4.4645940663978994e-74,0.0
40.7,True,200.000000003454,49.9999999991365,8140.000000140579,1.0,6.0517706044950826e-27,1.1348782691965058e-74,0.0
40.800000000000004,True,200.00000000300375,49.99999999924906,8160.0000001225535,1.0,3.164542232139623e-27,2.868671943105826e-75,0.0
40.900000000000006,True,200.0000000028693,49.99999999928267,8180.000000117356,1.0,1.648878903161555e-27,7.210688538555958e-76,0.0
41.0,True,200.00000000299514,49.999999999251216,8200.0000001228,1.0,8.560830887882093e-28,1.802340227407416e-76,0.0
41.1,True,200.0000000033152,49.999999999171195,8220.000000136255,1.0,4.428862852850532e-28,4.479823946475378e-77,0.0
41.2,True,200.0000000037646,49.99999999905885,8240.000000155102,1.0,2.283061292837757e-28,1.1072589351192721e-77,0.0
41.300000000000004,True,200.00000000428656,49.99999999892836,8260.000000177037,1.0,1.172713179143557e-28,2.7214569003949523e-78,0.0
41.400000000000006,True,200.00000000483556,49.99999999879111,8280.000000200193,1.0,6.002260063207224e-29,6.651470880671458e-79,0.0
41.5,True,199.99999999532798,50.000000001168,8299.999999806112,1.0,3.0611629871698184e-29,1.6165823792089138e-79,0.0
41.6,True,199.99999999584108,50.00000000103973,8319.999999826989,1.0,1.5556310964946119e-29,3.9069859105740685e-80,0.0
41.7,True,199.99999999631112,50.00000000092221,8339.999999846174,1.0,7.877259889579691e-30,9.38965543765323e-81,0.0
41.800000000000004,True,199.99999999673142,50.000000000817145,8359.999999863374,1.0,3.97458700083987e-30,2.2439915672296852e-81,0.0
41.900000000000006,True,199.9999999971002,50.00000000072495,8379.999999878499,1.0,1.998283022343328e-30,5.332814634257033e-82,0.0
42.0,True,199.9999999974191,50.000000000645215,8399.999999891603,1.0,1.00108286918701e-30,1.2602462318032706e-82,0.0
42.1,True,199.99999999769176,50.00000000057706,8419.999999902824,1.0,4.997248958069595e-31,2.9615422216173796e-83,0.0
42.2,True,199.99999999792277,50.0000000005193,8439.999999912341,1.0,2.4856487307039164e-31,6.920604033614068e-84,0.0
42.300000000000004,True,199.99999999811715,50.000000000470706,8459.999999920356,1.0,1.2319589117402466e-31,1.608176002617343e-84,0.0
42.400000000000006,True,199.99999999827983,50.00000000043004,8479.999999927066,1.0,6.084155184524916e-32,3.7160932812527164e-85,0.0
42.5,True,199.99999999841543,50.000000000396135,8499.999999932656,1.0,2.994000193394318e-32,8.538921934209899e-86,0.0
42.6,True,199.99999999852804,50.00000000036799,8519.999999937294,1.0,1.468083442115868e-32,1.9511148651606637e-86,0.0
42.7,True,199.99999999862132,50.00000000034467,8539.99999994113,1.0,7.172935518022455e-33,4.433287986936203e-87,0.0
42.800000000000004,True,199.99999999869843,50.00000000032539,8559.999999944293,1.0,3.492129005723271e-33,1.001687641370927e-87,0.0
42.900000000000006,True,199.999999998762,50.0000000003095,8579.999999946891,1.0,1.694067438247774e-33,2.250618613784323e-88,0.0
43.0,True,199.99999999881436,50.0000000002964,8599.999999949017,1.0,8.188758698033344e-34,5.0284561942496015e-89,0.0
43.1,True,199.99999999885733,50.00000000028567,8619.99999995075,1.0,3.944139943783903e-34,1.1171990680800076e-89,0.0
43.2,True,199.9999999988926,50.00000000027685,8639.99999995216,1.0,1.8929246358432573e-34,2.46825225785889e-90,0.0
43.300000000000004,True,199.99999999892142,50.000000000269644,8659.9999999533,1.0,9.052342965770393e-35,5.422649844729323e-91,0.0
43.400000000000006,True,199.99999999894496,50.00000000026375,8679.999999954212,1.0,4.3135540998801107e-35,1.1846677822153757e-91,0.0
43.5,True,199.99999999896414,50.00000000025896,8699.99999995494,1.0,2.0481227337132944e-35,2.573620740307173e-92,0.0
43.6,True,199.99999999897972,50.00000000025507,8719.999999955517,1.0,9.689984753805972e-36,5.559752125354146e-93,0.0
43.7,True,199.9999999989923,50.00000000025192,8739.999999955964,1.0,4.568109488287432e-36,1.1943433088947533e-93,0.0
43.800000000000004,True,199.9999999990025,50.000000000249365,8759.999999956312,1.0,2.145833990579567e-36,2.551324855826306e-94,0.0
43.900000000000006,True,199.99999999901073,50.00000000024731,8779.999999956572,1.0,1.0043887793295826e-36,5.419573694989935e-95,0.0
44.0,True,199.9999999990173,50.00000000024567,8799.99999995676,1.0,4.6843961200612285e-37,1.1447937199122799e-95,0.0
44.1,True,199.99999999902258,50.000000000244356,8819.999999956895,1.0,2.1769643381304013e-37,2.404651013655731e-96,0.0
44.2,True,199.99999999902678,50.0000000002433,8839.999999956985,1.0,1.0080797092106911e-37,5.022726612331055e-97,0.0
44.300000000000004,True,199.99999999903014,50.000000000242466,8859.999999957035,1.0,4.6514055211879446e-38,1.0432530196525851e-97,0.0
44.400000000000006,True,199.99999999903278,50.0000000002418,8879.999999957057,1.0,2.138549090156273e-38,2.1547770841845414e-98,0.0
44.5,True,199.99999999903488,50.00000000024127,8899.999999957052,1.0,9.797152107246932e-39,4.425655399284741e-99,0.0
44.6,True,199.99999999903653,50.00000000024087,8919.99999995703,1.0,4.4722492909442074e-39,9.038895221859208e-100,0.0
44.7,True,199.99999999903784,50.00000000024054,8939.999999956992,1.0,2.0342185168955313e-39,1.8357586454790956e-100,0.0
44.800000000000004,True,199.99999999903883,50.00000000024029,8959.99999995694,1.0,9.21965287859446e-40,3.707475140417574e-101,0.0
44.900000000000006,True,199.99999999903963,50.00000000024009,8979.99999995688,1.0,4.163675036592497e-40,7.4456619003576e-102,0.0
45.0,True,199.99999999904026,50.000000000239936,8999.999999956812,1.0,1.8736320043773707e-40,1.4869307300378397e-102,0.0
45.1,True,199.9999999990407,50.000000000239815,9019.999999956737,1.0,8.401114481585899e-41,2.9528438936613843e-103,0.0
45.2,True,199.99999999904108,50.00000000023973,9039.999999956657,1.0,3.7534840258140735e-41,5.831127377950785e-104,0.0
45.300000000000004,True,199.99999999904136,50.00000000023966,9059.999999956575,1.0,1.6710029997845216e-41,1.1450562536095404e-104,0.0
45.400000000000006,True,199.9999999990416,50.000000000239595,9079.99999995649,1.0,7.412501646216269e-42,2.2359564281956745e-105,0.0
45.5,True,199.99999999904173,50.00000000023956,9099.999999956399,1.0,3.276402282562074e-42,4.341722213777597e-106,0.0
45.6,True,199.99999999904188,50.000000000239524,9119.99999995631,1.0,1.443026841764402e-42,8.383451967394326e-107,0.0
45.7,True,199.99999999904196,50.00000000023951,9139.999999956219,1.0,6.332807716073796e-43,1.6097033307118555e-107,0.0
45.800000000000004,True,199.99999999904202,50.00000000023949,9159.999999956126,1.0,2.7692542260893833e-43,3.0734835044656615e-108,0.0
45.900000000000006,True,199.99999999904207,50.00000000023948,9179.999999956033,1.0,1.2066294406553484e-43,5.835498727627779e-109,0.0
46.0,True,199.99999999904213,50.00000000023946,9199.999999955939,1.0,5.238772091013325e-44,1.101760215385532e-109,0.0
46.1,True,199.99999999904216,50.00000000023945,9219.999999955844,1.0,2.266363272073009e-44,2.068512622906075e-110,0.0
46.2,True,199.9999999990422,50.00000000023945,9239.99999995575,1.0,9.769535304766341e-45,3.8618127754309796e-111,0.0
46.300000000000004,True,199.9999999990422,50.00000000023945,9259.999999955655,1.0,4.1962619355263985e-45,7.169455477553205e-112,0.0
46.400000000000006,True,199.99999999904222,50.000000000239446,9279.99999995556,1.0,1.7959552366287182e-45,1.3235581153863352e-112,0.0
46.5,True,199.99999999904222,50.000000000239446,9299.999999955464,1.0,7.659009323933466e-46,2.4297506827843592e-113,0.0
46.6,True,199.99999999904222,50.000000000239446,9319.999999955367,1.0,3.2545713565635843e-46,4.435496426397904e-114,0.0
46.7,True,199.99999999904222,50.000000000239446,9339.999999955273,1.0,1.3780311823054153e-46,8.051643673541507e-115,0.0
46.800000000000004,True,199.99999999904222,50.000000000239446,9359.999999955176,1.0,5.813909647751558e-47,1.4534115993578834e-115,0.0
46.900000000000006,True,199.99999999904225,50.00000000023944,9379.999999955082,1.0,2.444113879555483e-47,2.608881951976887e-116,0.0
47.0,True,199.99999999904225,50.00000000023944,9399.999999954985,1.0,1.0238078670707454e-47,4.656739418056403e-117,0.0
47.1,True,199.99999999904225,50.00000000023944,9419.99999995489,1.0,4.273259773265481e-48,8.265537795861883e-118,0.0
47.2,True,199.99999999904225,50.00000000023944,9439.999999954794,1.0,1.777230981638145e-48,1.4588879537496236e-118,0.0
47.300000000000004,True,199.99999999904225,50.00000000023944,9459.9999999547,1.0,7.364989763639547e-49,2.560556561516412e-119,0.0
47.400000000000006,True,199.99999999904225,50.00000000023944,9479.999999954603,1.0,3.0411935020357795e-49,4.4689798179691906e-120,0.0
47.5,True,199.99999999904225,50.00000000023944,9499.999999954507,1.0,1.2512945072780973e-49,7.756110162900292e-121,0.0
47.6,True,199.99999999904225,50.00000000023944,9519.99999995441,1.0,5.130013935576905e-50,1.3385699522099623e-121,0.0
47.7,True,199.99999999904225,50.00000000023944,9539.999999954316,1.0,2.0956609406768868e-50,2.2972045841743834e-122,0.0
47.800000000000004,True,199.99999999904225,50.00000000023944,9559.99999995422,1.0,8.530351093599574e-51,3.920304023366056e-123,0.0
47.900000000000006,True,199.99999999904225,50.00000000023944,9579.999999954125,1.0,3.459841097233431e-51,6.652750961491555e-124,0.0
48.0,True,199.99999999904225,50.00000000023944,9599.999999954027,1.0,1.398262486551543e-51,1.122649536450092e-124,0.0
48.1,True,199.99999999904225,50.00000000023944,9619.999999953932,1.0,5.630727544128715e-52,1.8838595719569338e-125,0.0
48.2,True,199.99999999904225,50.00000000023944,9639.999999953838,1.0,2.259350048888078e-52,3.143505423872325e-126,0.0
48.300000000000004,True,199.99999999904225,50.00000000023944,9659.999999953741,1.0,9.033284391371546e-53,5.216043906481144e-127,0.0
48.400000000000006,True,199.99999999904225,50.00000000023944,9679.999999953647,1.0,3.598743916511515e-53,8.606559453263563e-128,0.0
48.5,True,199.99999999904225,50.00000000023944,9699.999999953548,1.0,1.428562529093156e-53,1.4121446731856216e-128,0.0
48.6,True,199.99999999904225,50.00000000023944,9719.999999953454,1.0,5.650547966146376e-54,2.3040402922885506e-129,0.0
48.7,True,199.99999999904225,50.00000000023944,9739.999999953357,1.0,2.227023649744455e-54,3.738196960427747e-130,0.0
48.800000000000004,True,199.99999999904225,50.00000000023944,9759.999999953263,1.0,8.745849415235688e-55,6.031085676899611e-131,0.0
48.900000000000006,True,199.99999999904225,50.00000000023944,9779.999999953166,1.0,3.422331048247436e-55,9.67586941739052e-132,0.0
49.0,True,199.99999999904225,50.00000000023944,9799.99999995307,1.0,1.3343963559689273e-55,1.5436386957522573e-132,0.0
49.1,True,199.99999999904225,50.00000000023944,9819.999999952974,1.0,5.184303744354453e-56,2.4488514897127864e-133,0.0
49.2,True,199.99999999904225,50.00000000023944,9839.999999952879,1.0,2.0069601297597964e-56,3.8631391185565147e-134,0.0
49.300000000000004,True,199.99999999904225,50.00000000023944,9859.999999952783,1.0,7.741582038546296e-57,6.060093607499747e-135,0.0
49.400000000000006,True,199.99999999904225,50.00000000023944,9879.999999952688,1.0,2.975523057123001e-57,9.45321156203577e-136,0.0
49.5,True,199.99999999904225,50.00000000023944,9899.999999952592,1.0,1.1395660405252457e-57,1.4663595066089502e-136,0.0
49.6,True,199.99999999904225,50.00000000023944,9919.999999952495,1.0,4.348687621925928e-58,2.2618435090464963e-137,0.0
49.7,True,199.99999999904225,50.00000000023944,9939.9999999524,1.0,1.653557939653598e-58,3.469330216222857e-138,0.0
49.800000000000004,True,199.99999999904225,50.00000000023944,9959.999999952304,1.0,6.265028765781645e-59,5.291632681729421e-139,0.0
49.900000000000006,True,199.99999999904225,50.00000000023944,9979.99999995221,1.0,2.365206842618405e-59,8.025917389880517e-140,0.0
50.0,True,199.99999999904225,50.00000000023944,9999.999999952111,1.0,8.897285909718878e-60,1.2104883151939248e-140,0.0
50.1,True,199.99999999904225,50.00000000023944,10019.999999952017,1.0,3.33494201385121e-60,1.8154630594634014e-141,0.0
50.2,True,199.99999999904225,50.00000000023944,10039.99999995192,1.0,1.245550402816489e-60,2.7075414097531807e-142,0.0
50.300000000000004,True,199.99999999904225,50.00000000023944,10059.999999951826,1.0,4.6352863036515226e-61,4.015352274540386e-143,0.0
50.400000000000006,True,199.99999999904225,50.00000000023944,10079.99999995173,1.0,1.7188343286404236e-61,5.921517678336086e-144,0.0
50.5,True,199.99999999904225,50.00000000023944,10099.999999951633,1.0,6.35087596505958e-62,8.683668143307801e-145,0.0
50.6,True,199.99999999904225,50.00000000023944,10119.999999951538,1.0,2.338166104148387e-62,1.26629296681682e-145,0.0
50.7,True,199.99999999904225,50.00000000023944,10139.999999951442,1.0,8.577469212399243e-63,1.836225181857369e-146,0.0
50.800000000000004,True,199.99999999904225,50.00000000023944,10159.999999951347,1.0,3.1353426815400243e-63,2.6477588574620495e-147,0.0
50.900000000000006,True,199.99999999904225,50.00000000023944,10179.999999951251,1.0,1.1419651798332622e-63,3.7965720434773614e-148,0.0
51.0,True,199.99999999904225,50.00000000023944,10199.999999951155,1.0,4.14440960555139e-64,5.413343250734946e-149,0.0
51.1,True,199.99999999904225,50.00000000023944,10219.999999951058,1.0,1.4986989605640649e-64,7.675385018028312e-150,0.0
51.2,True,199.99999999904225,50.00000000023944,10239.999999950964,1.0,5.4001774127995535e-65,1.0821698691928779e-150,0.0
51.300000000000004,True,199.99999999904225,50.00000000023944,10259.999999950867,1.0,1.9388468273515695e-65,1.517229745312694e-151,0.0
51.400000000000006,True,199.99999999904225,50.00000000023944,10279.999999950773,1.0,6.936186892862825e-66,2.1152800926607578e-152,0.0
51.5,True,199.99999999904225,50.00000000023944,10299.999999950676,1.0,2.472520211284416e-66,2.9325472540873563e-153,0.0
51.6,True,199.99999999904225,50.00000000023944,10319.99999995058,1.0,8.782146064848646e-67,4.042804485683972e-154,0.0
51.7,True,199.99999999904225,50.00000000023944,10339.999999950485,1.0,3.1081585755701293e-67,5.542185049982594e-155,0.0
51.800000000000004,True,199.99999999904225,50.00000000023944,10359.999999950389,1.0,1.0960928663303517e-67,7.555093618997849e-156,0.0
51.900000000000006,True,199.99999999904225,50.00000000023944,10379.999999950294,1.0,3.851528988741806e-68,1.0241397032053124e-156,0.0
52.0,True,199.99999999904225,50.00000000023944,10399.999999950196,1.0,1.348529938839854e-68,1.380508424732345e-157,0.0
52.1,True,199.99999999904225,50.00000000023944,10419.999999950101,1.0,4.704674510601044e-69,1.8504587421405676e-158,0.0
52.2,True,199.99999999904225,50.00000000023944,10439.999999950005,1.0,1.635460677281335e-69,2.466494887763165e-159,0.0
52.300000000000004,True,199.99999999904225,50.00000000023944,10459.99999994991,1.0,5.664898480956238e-70,3.269199938712973e-160,0.0
52.400000000000006,True,199.99999999904225,50.00000000023944,10479.999999949814,1.0,1.9551749490557364e-70,4.308867855822401e-161,0.0
52.5,True,199.99999999904225,50.00000000023944,10499.999999949718,1.0,6.7238892573271095e-71,5.647357499025839e-162,0.0
52.6,True,199.99999999904225,50.00000000023944,10519.999999949623,1.0,2.304076436720334e-71,7.360168908206076e-163,0.0
52.7,True,199.99999999904225,50.00000000023944,10539.999999949527,1.0,7.867098425283571e-72,9.538732224065367e-164,0.0
52.800000000000004,True,199.99999999904225,50.00000000023944,10559.999999949432,1.0,2.6765392942653763e-72,1.2292887063241647e-164,0.0
52.900000000000006,True,199.99999999904225,50.00000000023944,10579.999999949336,1.0,9.073481769918539e-73,1.5753514851558283e-165,0.0
53.0,True,199.99999999904225,50.00000000023944,10599.99999994924,1.0,3.064894957106086e-73,2.0075268598126574e-166,0.0
53.1,True,199.99999999904225,50.00000000023944,10619.999999949143,1.0,1.0315694298466092e-73,2.543932408424353e-167,0.0
53.2,True,199.99999999904225,50.00000000023944,10639.999999949048,1.0,3.459573384254317e-74,3.2056053892454726e-168,0.0
53.300000000000004,True,199.99999999904225,50.00000000023944,10659.999999948952,1.0,1.156079807131628e-74,4.016750181693468e-169,0.0
53.400000000000006,True,199.99999999904225,50.00000000023944,10679.999999948857,1.0,3.849410605195999e-75,5.004951096358251e-170,0.0
53.5,True,199.99999999904225,50.00000000023944,10699.99999994876,1.0,1.2771496428598958e-75,6.201333554405777e-171,0.0
53.6,True,199.99999999904225,50.00000000023944,10719.999999948664,1.0,4.222118610067925e-76,7.640654555232045e-172,0.0
53.7,True,199.99999999904225,50.00000000023944,10739.99999994857,1.0,1.3907854522964383e-76,9.36130169904352e-173,0.0
53.800000000000004,True,199.99999999904225,50.00000000023944,10759.999999948473,1.0,4.564895988470945e-77,1.140517900788415e-173,0.0
53.900000000000006,True,199.99999999904225,50.00000000023944,10779.999999948379,1.0,1.4929409922688716e-77,1.3817457603244588e-174,0.0
54.0,True,199.99999999904225,50.00000000023944,10799.99999994828,1.0,4.865140421539322e-78,1.6646170157965912e-175,0.0
54.1,True,199.99999999904225,50.00000000023944,10819.999999948186,1.0,1.5797525655476834e-78,1.9941630134377225e-176,0.0
54.2,True,199.99999999904225,50.00000000023944,10839.99999994809,1.0,5.111209517714447e-79,2.3755660306187438e-177,0.0
54.300000000000004,True,199.99999999904225,50.00000000023944,10859.999999947995,1.0,1.6477798802346904e-79,2.814062004315094e-178,0.0
54.400000000000006,True,199.99999999904225,50.00000000023944,10879.999999947899,1.0,5.293166774467547e-80,3.314822735048438e-179,0.0
54.5,True,199.99999999904225,50.00000000023944,10899.999999947802,1.0,1.6942316981853704e-80,3.882817964810969e-180,0.0
54.6,True,199.99999999904225,50.00000000023944,10919.999999947708,1.0,5.403446358413803e-81,4.5226586596250065e-181,0.0
54.7,True,199.99999999904225,50.00000000023944,10939.999999947611,1.0,1.7171557003544275e-81,5.2384238663329546e-182,0.0
54.800000000000004,True,199.99999999904225,50.00000000023944,10959.999999947517,1.0,5.43737481127401e-82,6.033474621466319e-183,0.0
54.900000000000006,True,199.99999999904225,50.00000000023944,10979.99999994742,1.0,1.7155745844045845e-82,6.910259519547324e-184,0.0
55.0,True,199.99999999904225,50.00000000023944,10999.999999947324,1.0,5.39349956777707e-83,7.870117641154357e-185,0.0
55.1,True,199.99999999904225,50.00000000023944,11019.999999947227,1.0,1.689555175949824e-83,8.913085532608283e-186,0.0
55.2,True,199.99999999904225,50.00000000023944,11039.999999947133,1.0,5.273692108747849e-84,1.0037715750209779e-186,0.0
55.300000000000004,True,199.99999999904225,50.00000000023944,11059.999999947036,1.0,1.6402037436243127e-84,1.1240915062973591e-187,0.0
55.400000000000006,True,199.99999999904225,50.00000000023944,11079.999999946942,1.0,5.083015542597342e-85,1.2517810684109312e-188,0.0
55.5,True,199.99999999904225,50.00000000023944,11099.999999946845,1.0,1.5695879756230593e-85,1.3861652816593237e-189,0.0
55.6,True,199.99999999904225,50.00000000023944,11119.999999946749,1.0,4.8293696707393236e-86,1.5263761310551155e-190,0.0
55.7,True,199.99999999904225,50.00000000023944,11139.999999946654,1.0,1.4805932856075776e-86,1.671352331617164e-191,0.0
55.800000000000004,True,199.99999999904225,50.00000000023944,11159.999999946558,1.0,4.522948207573153e-87,1.819844747425219e-192,0.0
55.900000000000006,True,199.99999999904225,50.00000000023944,11179.999999946464,1.0,1.3767273617691471e-87,1.9704278441485962e-193,0.0
56.0,True,199.99999999904225,50.00000000023944,11199.999999946365,1.0,4.175560106908828e-88,2.1215173448668122e-194,0.0
56.1,True,199.99999999904225,50.00000000023944,11219.99999994627,1.0,1.261891394781486e-88,2.271394021363274e-195,0.0
56.2,True,199.99999999904225,50.00000000023944,11239.999999946174,1.0,3.799877866294303e-89,2.4182332974987037e-196,0.0
56.300000000000004,True,199.99999999904225,50.00000000023944,11259.99999994608,1.0,1.140138718593395e-89,2.5601400797026045e-197,0.0
56.400000000000006,True,199.99999999904225,50.00000000023944,11279.999999945983,1.0,3.408679158478389e-90,2.6951879750663765e-198,0.0
56.5,True,199.99999999904225,50.00000000023944,11299.999999945887,1.0,1.015441498778649e-90,2.8214618238553464e-199,0.0
56.6,True,199.99999999904225,50.00000000023944,11319.99999994579,1.0,3.0141441645758555e-91,2.9371022738672774e-200,0.0
56.7,True,199.99999999904225,50.00000000023944,11339.999999945696,1.0,8.914837688648388e-92,3.0403509714618992e-201,0.0
56.800000000000004,True,199.99999999904225,50.00000000023944,11359.9999999456,1.0,2.6272605576455072e-92,3.1295948486209773e-202,0.0
56.900000000000006,True,199.99999999904225,50.00000000023944,11379.999999945505,1.0,7.714949989975129e-93,3.20340795490507e-203,0.0
57.0,True,199.99999999904225,50.00000000023944,11399.999999945408,1.0,2.2573730026848986e-93,3.2605893219986335e-204,0.0
57.1,True,199.99999999904225,50.00000000023944,11419.999999945312,1.0,6.581331386100048e-94,3.3001954573211302e-205,0.0
57.2,True,199.99999999904225,50.00000000023944,11439.999999945217,1.0,1.9118965574105147e-94,3.321566238695388e-206,0.0
57.300000000000004,True,199.99999999904225,50.00000000023944,11459.999999945121,1.0,5.534204484358183e-95,3.32434321705577e-207,0.0
57.400000000000006,True,199.99999999904225,50.00000000023944,11479.999999945027,1.0,1.5961958248173e-95,3.308479618097969e-208,0.0
57.5,True,199.99999999904225,50.00000000023944,11499.999999944928,1.0,4.587301406858236e-96,3.274241652891861e-209,0.0
57.6,True,199.99999999904225,50.00000000023944,11519.999999944834,1.0,1.3136162089651923e-96,3.2222010861379535e-210,0.0
57.7,True,199.99999999904225,50.00000000023944,11539.999999944737,1.0,3.7481746361940345e-97,3.1532193519990333e-211,0.0
57.800000000000004,True,199.99999999904225,50.00000000023944,11559.999999944643,1.0,1.0656417144277457e-97,3.0684238341239054e-212,0.0
57.900000000000006,True,199.99999999904225,50.00000000023944,11579.999999944546,1.0,3.018857851574207e-98,2.9691772225197322e-213,0.0
58.0,True,199.99999999904225,50.00000000023944,11599.99999994445,1.0,8.521462788272478e-99,2.857041110837686e-214,0.0
58.1,True,199.99999999904225,50.00000000023944,11619.999999944355,1.0,2.3967661178841938e-99,2.733735191900587e-215,0.0
58.2,True,199.99999999904225,50.00000000023944,11639.999999944259,1.0,6.717028002019539e-100,2.601093538622543e-216,0.0
58.300000000000004,True,199.99999999904225,50.00000000023944,11659.999999944164,1.0,1.8757227207378072e-100,2.461019517347157e-217,0.0
58.400000000000006,True,199.99999999904225,50.00000000023944,11679.999999944068,1.0,5.219153599660838e-101,2.315440870610562e-218,0.0
58.5,True,199.99999999904225,50.00000000023944,11699.999999943971,1.0,1.4470097504622515e-101,2.1662664296338693e-219,0.0
58.6,True,199.99999999904225,50.00000000023944,11719.999999943875,1.0,3.9974474009880445e-102,2.0153457803696065e-220,0.0
58.7,True,199.99999999904225,50.00000000023944,11739.99999994378,1.0,1.1003578873460274e-102,1.8644330202573113e-221,0.0
58.800000000000004,True,199.99999999904225,50.00000000023944,11759.999999943684,1.0,3.018040390483419e-103,1.7151555180478932e-222,0.0
58.900000000000006,True,199.99999999904225,50.00000000023944,11779.99999994359,1.0,8.24813954871902e-104,1.56898833923176e-223,0.0
59.0,True,199.99999999904225,50.00000000023944,11799.999999943493,1.0,2.2460881671639567e-104,1.4272347386816108e-224,0.0
59.1,True,199.99999999904225,50.00000000023944,11819.999999943397,1.0,6.094490845663686e-105,1.2910128633755634e-225,0.0
59.2,True,199.99999999904225,50.00000000023944,11839.999999943302,1.0,1.6477369076800214e-105,1.1612485638766964e-226,0.0
59.300000000000004,True,199.99999999904225,50.00000000023944,11859.999999943206,1.0,4.438928030369294e-106,1.0386739940870577e-227,0.0
59.400000000000006,True,199.99999999904225,50.00000000023944,11879.999999943111,1.0,1.191538594441499e-106,9.238314930182729e-229,0.0
59.5,True,199.99999999904225,50.00000000023944,11899.999999943013,1.0,3.186969319125282e-107,8.170820956970419e-230,0.0
59.6,True,199.99999999904225,50.00000000023944,11919.999999942918,1.0,8.493513714273103e-108,7.186179160008093e-231,0.0
59.7,True,199.99999999904225,50.00000000023944,11939.999999942822,1.0,2.2554677731224083e-108,6.284775828557228e-232,0.0
59.800000000000004,True,199.99999999904225,50.00000000023944,11959.999999942727,1.0,5.967955371019981e-109,5.465638910538554e-233,0.0
59.900000000000006,True,199.99999999904225,50.00000000023944,11979.99999994263,1.0,1.573454530963023e-109,4.726628453307322e-234,0.0
60.0,True,199.99999999904225,50.00000000023944,11999.999999942534,1.0,4.1335433929327753e-110,4.064633260097547e-235,0.0
60.1,True,199.99999999904225,50.00000000023944,12019.99999994244,1.0,1.082007973877412e-110,3.4757668020528207e-236,0.0
60.2,True,199.99999999904225,50.00000000023944,12039.999999942343,1.0,2.8221367974630774e-111,2.955556374107927e-237,0.0
60.300000000000004,True,199.99999999904225,50.00000000023944,12059.999999942249,1.0,7.334411713316214e-112,2.4991205531423045e-238,0.0
60.400000000000006,True,199.99999999904225,50.00000000023944,12079.999999942152,1.0,1.8992936497193712e-112,2.1013311423614507e-239,0.0
60.5,True,199.99999999904225,50.00000000023944,12099.999999942056,1.0,4.90070474644192e-113,1.7569569064148003e-240,0.0
60.6,True,199.99999999904225,50.00000000023944,12119.99999994196,1.0,1.2599825646931208e-113,1.4607874662583815e-241,0.0
60.7,True,199.99999999904225,50.00000000023944,12139.999999941865,1.0,3.227825824919934e-114,1.2077366904494007e-242,0.0
60.800000000000004,True,199.99999999904225,50.00000000023944,12159.999999941769,1.0,8.23939249947898e-115,9.929257608880247e-244,0.0
60.900000000000006,True,199.99999999904225,50.00000000023944,12179.999999941674,1.0,2.0956551524768117e-115,8.11746787725992e-245,0.0
61.0,True,199.99999999904225,50.00000000023944,12199.999999941578,1.0,5.31109365090966e-116,6.599083921551602e-246,0.0
61.1,True,199.99999999904225,50.00000000023944,12219.999999941481,1.0,1.3411816297839575e-116,5.33465068269659e-247,0.0
61.2,True,199.99999999904225,50.00000000023944,12239.999999941387,1.0,3.3746653680785784e-117,4.288323846860324e-248,0.0
61.300000000000004,True,199.99999999904225,50.00000000023944,12259.99999994129,1.0,8.460836437260494e-118,3.4279020748781163e-249,0.0
61.400000000000006,True,199.99999999904225,50.00000000023944,12279.999999941196,1.0,2.11366100730029e-118,2.7247613646727144e-250,0.0
61.5,True,199.99999999904225,50.00000000023944,12299.999999941097,1.0,5.261345335547425e-119,2.1537126696418414e-251,0.0
61.6,True,199.99999999904225,50.00000000023944,12319.999999941003,1.0,1.3049615104673493e-119,1.6928024083198173e-252,0.0
61.7,True,199.99999999904225,50.00000000023944,12339.999999940906,1.0,3.2250615205542545e-120,1.3230735254210202e-253,0.0
61.800000000000004,True,199.99999999904225,50.00000000023944,12359.999999940812,1.0,7.941777160396439e-121,1.0283024888860409e-254,0.0
61.900000000000006,True,199.99999999904225,50.00000000023944,12379.999999940715,1.0,1.9486631303848606e-121,7.94725195612058e-256,0.0
62.0,True,199.99999999904225,50.00000000023944,12399.99999994062,1.0,4.764257242344005e-122,6.107623466166014e-257,0.0
62.1,True,199.99999999904225,50.00000000023944,12419.999999940525,1.0,1.1606278476899415e-122,4.667525478011445e-258,0.0
62.2,True,199.99999999904225,50.00000000023944,12439.999999940428,1.0,2.8172806051979046e-123,3.5469927398836204e-259,0.0
62.300000000000004,True,199.99999999904225,50.00000000023944,12459.999999940334,1.0,6.814069287402648e-124,2.6803595356583637e-260,0.0
62.400000000000006,True,199.99999999904225,50.00000000023944,12479.999999940237,1.0,1.6421857985664123e-124,2.0141181753393166e-261,0.0
62.5,True,199.99999999904225,50.00000000023944,12499.99999994014,1.0,3.943459019968446e-125,1.5049981895422118e-262,0.0
62.6,True,199.99999999904225,50.00000000023944,12519.999999940044,1.0,9.435646270723476e-126,1.1182686013979398e-263,0.0
62.7,True,199.99999999904225,50.00000000023944,12539.99999993995,1.0,2.2495996542208847e-126,8.262574728213687e-265,0.0
62.800000000000004,True,199.99999999904225,50.00000000023944,12559.999999939853,1.0,5.344143041898737e-127,6.070769965617906e-266,0.0
62.900000000000006,True,199.99999999904225,50.00000000023944,12579.999999939759,1.0,1.2649989068413166e-127,4.435384269375616e-267,0.0
63.0,True,199.99999999904225,50.00000000023944,12599.999999939662,1.0,2.9836058630064346e-128,3.2223878906407416e-268,0.0
63.1,True,199.99999999904225,50.00000000023944,12619.999999939566,1.0,7.011839487465527e-129,2.328002612138994e-269,0.0
63.2,True,199.99999999904225,50.00000000023944,12639.999999939471,1.0,1.641956619332167e-129,1.6724308987614704e-270,0.0
63.300000000000004,True,199.99999999904225,50.00000000023944,12659.999999939375,1.0,3.831162542029608e-130,1.1947360455952492e-271,0.0
63.400000000000006,True,199.99999999904225,50.00000000023944,12679.99999993928,1.0,8.907147619895723e-131,8.487011818358504e-273,0.0
63.5,True,199.99999999904225,50.00000000023944,12699.999999939182,1.0,2.0634116698002002e-131,5.995103636898492e-274,0.0
63.6,True,199.99999999904225,50.00000000023944,12719.999999939088,1.0,4.7629087618232256e-132,4.211120055591415e-275,0.0
63.7,True,199.99999999904225,50.00000000023944,12739.999999938991,1.0,1.0954631598130454e-132,2.941423666039046e-276,0.0
63.800000000000004,True,199.99999999904225,50.00000000023944,12759.999999938897,1.0,2.510512648581615e-133,2.0430385671814504e-277,0.0
63.900000000000006,True,199.99999999904225,50.00000000023944,12779.9999999388,1.0,5.732791678579203e-134,1.4110895089441954e-278,0.0
64.0,True,199.99999999904225,50.00000000023944,12799.999999938704,1.0,1.3043946365472922e-134,9.691512677701715e-280,0.0
64.10000000000001,True,199.99999999904225,50.00000000023944,12819.99999993861,1.0,2.9572696989496795e-135,6.618926715593717e-281,0.0
64.2,True,199.99999999904225,50.00000000023944,12839.999999938513,1.0,6.680545638001564e-136,4.4951332315329514e-282,0.0
64.3,True,199.99999999904225,50.00000000023944,12859.999999938416,1.0,1.5037373874049142e-136,3.035683900935146e-283,0.0
64.4,True,199.99999999904225,50.00000000023944,12879.999999938322,1.0,3.3726487160232797e-137,2.0385881815582187e-284,0.0
64.5,True,199.99999999904225,50.00000000023944,12899.999999938225,1.0,7.537186415093447e-138,1.3613237598878555e-285,0.0
64.60000000000001,True,199.99999999904225,50.00000000023944,12919.99999993813,1.0,1.678365057925843e-138,9.039664390127827e-287,0.0
64.7,True,199.99999999904225,50.00000000023944,12939.999999938034,1.0,3.7239394849746386e-139,5.9690077362811114e-288,0.0
64.8,True,199.99999999904225,50.00000000023944,12959.999999937936,1.0,8.232994057086216e-140,3.9193217825735856e-289,0.0
64.9,True,199.99999999904225,50.00000000023944,12979.999999937843,1.0,1.813643728944235e-140,2.5590492121180246e-290,0.0
65.0,True,199.99999999904225,50.00000000023944,12999.999999937745,1.0,3.9809354288954427e-141,1.661518892135293e-291,0.0
65.10000000000001,True,199.99999999904225,50.00000000023944,13019.999999937652,1.0,8.706773661340119e-142,1.0727310509713274e-292,0.0
65.2,True,199.99999999904225,50.00000000023944,13039.999999937554,1.0,1.8974412227652254e-142,6.887083275889661e-294,0.0
65.3,True,199.99999999904225,50.00000000023944,13059.999999937458,1.0,4.120200517872545e-143,4.396820379422282e-295,0.0
65.4,True,199.99999999904225,50.00000000023944,13079.999999937363,1.0,8.914711765231162e-144,2.791264636907506e-296,0.0
65.5,True,199.99999999904225,50.00000000023944,13099.999999937267,1.0,1.921919446505676e-144,1.7620660972629993e-297,0.0
65.60000000000001,True,199.99999999904225,50.00000000023944,13119.999999937172,1.0,4.1285920016685024e-145,1.106120044099996e-298,0.0
65.7,True,199.99999999904225,50.00000000023944,13139.999999937076,1.0,8.837056917840173e-146,6.904642659462056e-300,0.0
65.8,True,199.99999999904225,50.00000000023944,13159.99999993698,1.0,1.8847433785072645e-146,4.285870285807461e-301,0.0
65.9,True,199.99999999904225,50.00000000023944,13179.999999936885,1.0,4.0053057865385773e-147,2.645426513322369e-302,0.0
66.0,True,199.99999999904225,50.00000000023944,13199.999999936788,1.0,8.481213519405693e-148,1.6237203639437606e-303,0.0
66.10000000000001,True,199.99999999904225,50.00000000023944,13219.999999936694,1.0,1.7894483691603153e-148,9.910273094259198e-305,0.0
66.2,True,199.99999999904225,50.00000000023944,13239.999999936597,1.0,3.7620034827502854e-149,6.014767572501379e-306,0.0
66.3,True,199.99999999904225,50.00000000023944,13259.9999999365,1.0,7.8805775933564e-150,3.630035834620021e-307,0.0
66.4,True,199.99999999904225,50.00000000023944,13279.999999936406,1.0,1.6448857207700146e-150,2.178521264048234e-308,0.0
66.5,True,199.99999999904225,50.00000000023944,13299.99999993631,1.0,3.420993317557721e-151,1.300084306595126e-309,0.0
66.60000000000001,True,199.99999999904225,50.00000000023944,13319.999999936215,1.0,7.089368074969588e-152,7.7150730614114e-311,0.0
66.7,True,199.99999999904225,50.00000000023944,13339.999999936119,1.0,1.46386699230961e-152,0.0,0.0
66.8,True,199.99999999904225,50.00000000023944,13359.99999993602,1.0,3.011858018194843e-153,0.0,0.0
66.9,True,199.99999999904225,50.00000000023944,13379.999999935928,1.0,6.174561847081327e-154,0.0,0.0
67.0,True,199.99999999904225,50.00000000023944,13399.99999993583,1.0,1.261294664391774e-154,0.0,0.0
67.10000000000001,True,199.99999999904225,50.00000000023944,13419.999999935737,1.0,2.5672355936761972e-155,0.0,0.0
67.2,True,199.99999999904225,50.00000000023944,13439.999999935639,1.0,5.206593067926715e-156,0.0,0.0
67.3,True,199.99999999904225,50.00000000023944,13459.999999935542,1.0,1.0521563481155367e-156,0.0,0.0
67.4,True,199.99999999904225,50.00000000023944,13479.999999935448,1.0,2.1185838028378737e-157,0.0,0.0
67.5,True,199.99999999904225,50.00000000023944,13499.999999935351,1.0,4.250595025406808e-158,0.0,0.0
67.60000000000001,True,199.99999999904225,50.00000000023944,13519.999999935257,1.0,8.497526273274023e-159,0.0,0.0
67.7,True,199.99999999904225,50.00000000023944,13539.99999993516,1.0,1.6926766268357272e-159,0.0,0.0
67.8,True,199.99999999904225,50.00000000023944,13559.999999935064,1.0,3.359650989712051e-160,0.0,0.0
67.9,True,199.99999999904225,50.00000000023944,13579.99999993497,1.0,6.64435772673989e-161,0.0,0.0
68.0,True,199.99999999904225,50.00000000023944,13599.999999934873,1.0,1.3093342107777771e-161,0.0,0.0
68.10000000000001,True,199.99999999904225,50.00000000023944,13619.999999934778,1.0,2.5709088633794194e-162,0.0,0.0
68.2,True,199.99999999904225,50.00000000023944,13639.999999934682,1.0,5.029924838149744e-163,0.0,0.0
68.3,True,199.99999999904225,50.00000000023944,13659.999999934586,1.0,9.805617496802791e-164,0.0,0.0
68.4,True,199.99999999904225,50.00000000023944,13679.999999934491,1.0,1.904701965946655e-164,0.0,0.0
68.5,True,199.99999999904225,50.00000000023944,13699.999999934395,1.0,3.686529660550511e-165,0.0,0.0
68.60000000000001,True,199.99999999904225,50.00000000023944,13719.9999999343,1.0,7.109630759842409e-166,0.0,0.0
68.7,True,199.99999999904225,50.00000000023944,13739.999999934204,1.0,1.3662021428589024e-166,0.0,0.0
68.8,True,199.99999999904225,50.00000000023944,13759.999999934105,1.0,2.615902010400552e-167,0.0,0.0
68.9,True,199.99999999904225,50.00000000023944,13779.999999934013,1.0,4.990758620891239e-168,0.0,0.0
69.0,True,199.99999999904225,50.00000000023944,13799.999999933914,1.0,9.487466061670514e-169,0.0,0.0
69.10000000000001,True,199.99999999904225,50.00000000023944,13819.999999933822,1.0,1.7971009429732373e-169,0.0,0.0
69.2,True,199.99999999904225,50.00000000023944,13839.999999933723,1.0,3.391823673641395e-170,0.0,0.0
69.3,True,199.99999999904225,50.00000000023944,13859.999999933627,1.0,6.378706383249306e-171,0.0,0.0
69.4,True,199.99999999904225,50.00000000023944,13879.999999933532,1.0,1.1952823246890334e-171,0.0,0.0
69.5,True,199.99999999904225,50.00000000023944,13899.999999933436,1.0,2.2317570512970766e-172,0.0,0.0
69.60000000000001,True,199.99999999904225,50.00000000023944,13919.999999933341,0.9999999999999998,4.152043146371879e-173,0.0,0.0
69.7,True,199.99999999904202,50.00000000023949,13939.999999933229,0.9999999999999991,7.696890635850104e-174,0.0,0.0
69.8,True,199.99999999904134,50.000000000239666,13959.999999933085,0.9999999999999958,1.4216977657544908e-174,0.0,0.0
69.9,True,199.99999999903815,50.000000000240455,13979.999999932768,0.9999999999999799,2.616602457787915e-175,0.0,0.0
70.0,True,199.99999999902406,50.000000000243986,13999.999999931684,0.9999999999999085,4.7985132654853135e-176,0.0,0.0
70.10000000000001,True,199.99999999896195,50.00000000025951,14019.999999927235,0.9999999999995987,8.768274491460144e-177,0.0,0.0
70.2,True,199.99999999870363,50.000000000324086,14039.999999908996,0.9999999999983069,1.5964673775684267e-177,0.0,0.0
70.3,True,199.99999999766874,50.000000000582816,14059.99999983611,0.9999999999931332,2.896305883137323e-178,0.0,0.0
70.4,True,199.9999999936865,50.00000000157837,14079.99999955553,0.9999999999732203,5.235609692178938e-179,0.0,0.0
70.5,True,199.99999997895736,50.00000000526065,14099.999998516494,0.9999999998995754,9.43036607223016e-180,0.0,0.0
70.60000000000001,True,199.9999999266142,50.00000001834645,14119.999994818965,0.9999999996378571,1.6924984888802769e-180,0.0,0.0
70.7,True,199.99999974786962,50.000000063032594,14139.999982174382,0.9999999987441263,3.026679849878873e-181,0.0,0.0
70.8,True,199.9999991613424,50.00000020966439,14159.999940623042,0.9999999958114686,5.393158503497483e-182,0.0,0.0
70.9,True,199.99999731196942,50.00000067200765,14179.999809418634,0.999999986564537,9.575435591955296e-183,0.0,0.0
71.0,True,199.99999170869614,50.00000207282605,14199.999411317425,0.9999999585479833,1.6939984689175648e-183,0.0,0.0
71.10000000000001,True,199.9999753955747,50.00000615110708,14219.998250625362,0.9999998769818776,2.986124532134656e-184,0.0,0.0
71.2,True,199.99992976009963,50.00001755998126,14239.994998919094,0.9999996488032648,5.245015410667761e-185,0.0,0.0
71.3,True,199.99980709560126,50.0000482261462,14259.986245916369,0.9999990354780692,9.179914507186084e-186,0.0,0.0
71.4,True,199.999490328795,50.000127418125956,14279.963609475963,0.9999974516397954,1.601053428719749e-186,0.0,0.0
71.5,True,199.99870462288277,50.00032384637682,14299.907380536119,0.9999935231123618,2.782920694351547e-187,0.0,0.0
71.60000000000001,True,199.9968337194329,50.000791582673635,14319.773294311399,0.9999841685971648,4.822160432304205e-188,0.0,0.0
71.7,True,199.992561501668,50.001859693749644,14339.466659669597,0.9999628075083402,8.33452667326001e-189,0.0,0.0
71.8,True,199.98322514238345,50.00419406617845,14358.79556522313,0.9999161257119236,1.4385705536062225e-189,0.0,0.0
71.9,True,199.96377015674088,50.00905910186398,14377.39507426967,0.9998188507837666,2.4852370905320115e-190,0.0,0.0
72.0,True,199.92534584343142,50.01867050829739,14394.624900727062,0.999626729217405,4.314242706364452e-191,0.0,0.0
72.10000000000001,True,199.85403715779944,50.036517361439465,14409.476079077342,0.9992701857889978,7.572626837131545e-192,0.0,0.0
72.2,True,199.73096903236123,50.067348335849495,14420.575964136482,0.9986548451626719,1.3554530228393903e-192,0.0,0.0
72.3,True,199.53522811223164,50.11646361701777,14426.396992514346,0.9976761405611579,2.49773981175113e-193,0.0,0.0
72.4,True,199.24935457068037,50.18836834652163,14425.653270917259,0.9962467728534045,4.776955308986433e-194,0.0,0.0
72.5,True,198.86432767043928,50.28553947881562,14417.663756106847,0.9943216383521968,9.524247440874393e-195,0.0,0.0
72.60000000000001,True,198.38079961455372,50.4081041080065,14402.446052016601,0.9919039980735841,1.980052747214304e-195,0.0,0.0
72.7,True,197.80662687675292,50.55442356959398,14380.541773939938,0.9890331343837645,4.2794512505838097e-196,0.0,0.0
72.8,True,197.15320802314395,50.72197455101057,14352.753544084879,0.9857660401157149,9.571055280673743e-197,0.0,0.0
72.9,True,196.43262335787682,50.908040777835524,14319.938242789221,0.9821631167843891,2.2040843533677766e-197,0.0,0.0
73.0,True,195.65606483701387,51.11009468748253,14282.892733102013,0.9782803241851235,5.202033343761092e-198,0.0,0.0
73.10000000000001,True,194.8332307815208,51.32594660514381,14242.309170129172,0.974166153910753,1.253250685774738e-198,0.0,0.0
73.2,True,193.9722482769544,51.553766525002885,14198.768573873062,0.969861241384771,3.071485637780366e-199,0.0,0.0
73.3,True,193.07982355730556,51.79205064392462,14152.751066750498,0.9653991177865253,7.636385422550225e-200,0.0,0.0
73.4,True,192.1614614349795,52.039570917728675,14104.651269327496,0.9608073071764722,1.9215748738856786e-200,0.0,0.0
73.5,True,191.22168280487827,52.295324742037515,14054.793686158553,0.9561084140268415,4.884691190076716e-201,0.0,0.0
73.60000000000001,True,190.264214321352,52.55849102086125,14003.446174051509,0.951321071607201,1.2524253904555568e-201,0.0,0.0
73.7,True,189.29214466588255,52.82839400256618,13950.831061875544,0.9464607233294201,3.2347602271372656e-202,0.0,0.0
73.8,True,188.308049848349,53.104474333696025,13897.134078808154,0.9415402493532361,8.407006301157674e-203,0.0,0.0
73.9,True,187.31409248777933,53.38626617563447,13842.511434846894,0.9365704624394566,2.1966363660013926e-203,0.0,0.0
74.0,True,186.3121000670003,53.67337921908383,13787.095404958021,0.9315605003350041,5.7658265507722624e-204,0.0,0.0
74.10000000000001,True,185.30362678291166,53.96548450568255,13730.998744613757,0.9265181339149363,1.5193926173221728e-204,0.0,0.0
74.2,True,184.29000246295817,54.26230325223407,13674.318182751496,0.921450012311437,4.017374614052547e-205,0.0,0.0
74.3,True,183.2723715112328,54.56359798010851,13617.137203284596,0.9163618575222527,1.0652970175216756e-205,0.0,0.0
74.4,True,182.25172406687423,54.869165442466084,13559.528270575443,0.9112586203427591,2.831881021372991e-206,0.0,0.0
74.5,True,181.22892110847215,55.17883094395642,13501.554622581176,0.9061446055423605,7.543939048143847e-207,0.0,0.0
74.60000000000001,True,180.20471477710856,55.49244375969181,13443.271722372301,0.9010235738242164,2.0132727332757978e-207,0.0,0.0
74.7,True,179.1797649595002,55.80987340987018,13384.728442474665,0.8958988247975417,5.381051592189763e-208,0.0,0.0
74.8,True,178.1546529141529,56.13100660816692,13325.968037978637,0.8907732645707612,1.4400733279576138e-208,0.0,0.0
74.9,True,177.12989249212455,56.45574476055539,13267.02894766013,0.8856494624767832,3.857977752754419e-209,0.0,0.0
75.0,True,176.10593948402297,56.7840018871552,13207.945461301722,0.8805296974201173,1.0344452686674892e-209,0.0,0.0
75.10000000000001,True,175.08319941365716,57.115702897190495,13148.748275965654,0.8754159970514315,2.775568176542571e-210,0.0,0.0
75.2,True,174.06203409168037,57.450782143180575,13089.464963694365,0.8703101704584139,7.4511697724845316e-211,0.0,0.0
75.3,True,173.04276714976436,57.78918220456588,13030.120366377256,0.8652138357488228,2.001075608023214e-211,0.0,0.0
75.4,True,172.02568873108382,58.13085286135564,12970.736930323721,0.860128443679523,5.375429767855146e-212,0.0,0.0
75.5,True,171.01105949845598,58.47575021947798,12911.334992133427,0.8550552974912871,1.4441851417116438e-212,0.0,0.0
75.60000000000001,True,169.99911405742336,58.82383596788709,12851.933022741207,0.849995570289127,3.8801313036071535e-213,0.0,0.0
75.7,True,168.99006391235582,59.1750767381587,12792.547838165336,0.8449503195617825,1.0424176358922543e-213,0.0,0.0
75.8,True,167.9841000116287,59.52944355631128,12733.194780881455,0.8399205000581402,2.80007936475546e-214,0.0,0.0
75.9,True,166.98139495910723,59.8869113678739,12673.88787739624,0.8349069747950117,7.519636812636933e-215,0.0,0.0
76.0,True,165.98210493844334,60.24745862639007,12614.639975321694,0.8299105246765257,2.018779289324807e-215,0.0,0.0
76.10000000000001,True,164.9863713910954,60.61106693652466,12555.462862862361,0.8249318570498421,5.41771726921171e-216,0.0,0.0
76.2,True,163.99432250237504,60.97772073697962,12496.367374680978,0.8199716125104121,1.453288093676302e-216,0.0,0.0
76.3,True,163.00607447652104,61.34740703445608,12437.363482558554,0.8150303723824963,3.896452682744366e-217,0.0,0.0
76.4,True,162.0217327005731,61.72011515566656,12378.460378323785,0.8101086635030241,1.0441086796956478e-217,0.0,0.0
76.5,True,161.04139274704187,62.09583653879376,12319.666545148702,0.8052069637352075,2.796137992057426e-218,0.0,0.0
76.60000000000001,True,160.06514127405316,62.47456454543496,12260.989821592473,0.8003257063822438,7.483204455242554e-219,0.0,0.0
76.7,True,159.09305682597466,62.85629429409096,12202.437458552256,0.7954652841299192,2.0013067272369786e-219,0.0,0.0
76.80000000000001,True,158.1252105451182,63.24102251327393,12144.016169865079,0.7906260527049138,5.348338948114889e-220,0.0,0.0
76.9,True,157.1616668103038,63.6287474099529,12085.732177712363,0.7858083340514961,1.428192558586558e-220,0.0,0.0
77.0,True,156.20248381097582,64.01946855148108,12027.591253445138,0.7810124190924942,3.8106722828839377e-221,0.0,0.0
77.10000000000001,True,155.24771406135926,64.4131867606608,11969.5987541308,0.7762385703068106,1.0158949926524011e-221,0.0,0.0
77.2,True,154.2974048594375,64.80990402340105,11911.759655148577,0.77148702429728,2.7059184881848482e-222,0.0,0.0
77.30000000000001,True,153.3515987137091,65.20962340059408,11854.078580569716,0.7667579933910496,7.200893429587899e-223,0.0,0.0
77.4,True,152.41033370480045,65.61234895901964,11796.559828751555,0.7620516685240071,1.9144838858057283e-223,0.0,0.0
77.5,True,151.47364385637567,66.01808569074764,11739.207398869115,0.7573682192820816,5.085097412624828e-224,0.0,0.0
77.60000000000001,True,150.5415594191916,66.42683946267904,11682.02501092927,0.7527077970959599,1.3493303600127443e-224,0.0,0.0
77.7,True,149.61410716805784,66.8386169545312,11625.016126958095,0.748070535840287,3.576832347310459e-225,0.0,0.0
77.80000000000001,True,148.69131065600922,67.25342560961452,11568.18396903752,0.7434565533721026,9.471756719621336e-226,0.0,0.0
77.9,True,147.77319045657376,67.67127358557443,11511.531536567096,0.7388659522832101,2.5055613411038747e-226,0.0,0.0
78.0,True,146.85976436618074,68.09216971822151,11455.061620562097,0.7342988218309012,6.620845882509778e-227,0.0,0.0
78.10000000000001,True,145.95104761466334,68.51612347724817,11398.776818705208,0.7297552380733561,1.7476227025434775e-227,0.0,0.0
78.2,True,145.0470530394868,68.94314493433835,11342.679547687869,0.7252352652204904,4.607866419855654e-228,0.0,0.0
78.30000000000001,True,144.1477912574009,69.37324472869143,11286.772055454492,0.7207389561007925,1.2135640955911255e-228,0.0,0.0
78.4,True,143.2532708019195,69.80643404524628,11231.05643087049,0.7162663540095946,3.192487402174989e-229,0.0,0.0
78.5,True,142.36349829221484,70.2427245744835,11175.534615938865,0.7118174914611112,8.388660823768169e-230,0.0,0.0
78.60000000000001,True,141.4784785334245,70.68212850223354,11120.208412727166,0.7073923929244408,2.2016420180968817e-230,0.0,0.0
78.7,True,140.59821466614105,71.12465847269543,11065.079494225301,0.7029910733167885,5.771455531552834e-231,0.0,0.0
78.80000000000001,True,139.7227082410449,71.57032758589489,11010.14940939434,0.6986135412050614,1.5111334501295726e-231,0.0,0.0
78.9,True,138.85195935648687,72.01914936127129,10955.419593226816,0.69425979678243,3.951787634904949e-232,0.0,0.0
79.0,True,137.98596673532302,72.47113772939998,10900.891372090518,0.689929833691443,1.0321728613582036e-232,0.0,0.0
79.10000000000001,True,137.12472781708064,72.92630701400284,10846.56597033108,0.6856236391945556,2.692615318501266e-233,0.0,0.0
79.2,True,136.2682388466855,73.38467191354057,10792.444516657493,0.6813411940682454,7.015432050264783e-234,0.0,0.0
79.30000000000001,True,135.41649492955528,73.8462474988891,10738.528047913736,0.6770824746483983,1.825526639002616e-234,0.0,0.0
79.4,True,134.56949013477993,74.31104918346917,10684.817516701527,0.6728474506747046,4.744289329703502e-235,0.0,0.0
79.5,True,133.72721753515614,74.77909272561553,10631.313794044914,0.6686360876757917,1.231400094293925e-235,0.0,0.0
79.60000000000001,True,132.88966928033236,75.25039421164394,10578.017674714456,0.6644483463857642,3.1920389409810266e-236,0.0,0.0
79.7,True,132.05683665165296,75.72497004739382,10524.92988113674,0.6602841832584501,8.263695094025504e-237,0.0,0.0
79.80000000000001,True,131.22871012002994,76.20283694668169,10472.051067578392,0.6561435504049393,2.1365534978449386e-237,0.0,0.0
79.9,True,130.40527938355248,76.6840119301279,10419.381822745843,0.6520263969179413,5.516747041824297e-238,0.0,0.0
80.0,True,129.58653343749856,77.1685123039667,10366.922674999885,0.6479326671875145,1.4225867065869119e-238,0.0,0.0
80.10000000000001,True,128.77246059640203,77.65635566553277,10314.674093771804,0.643862302982068,3.6635109797327083e-239,0.0,0.0
80.2,True,127.96304854644578,78.14755989007541,10262.636493424952,0.6398152427322777,9.421849225836362e-240,0.0,0.0
80.30000000000001,True,127.15828438211618,78.64214312572481,10210.810235883931,0.6357914219105807,2.419867845771433e-240,0.0,0.0
80.4,True,126.35815464266113,79.14012378765614,10159.195633269956,0.6317907732157466,6.206704259563088e-241,0.0,0.0
80.5,True,125.56264534527492,79.64152055336028,10107.79295029463,0.627813226842791,1.5897964683214348e-241,0.0,0.0
80.60000000000001,True,124.77174202316567,80.14635235391164,10056.602407067154,0.6238587101158335,4.066589584047673e-242,0.0,0.0
80.7,True,123.98542974392515,80.65463837689335,10005.62418033476,0.6199271487196206,1.038783086127674e-242,0.0,0.0
80.80000000000001,True,123.20369315014496,81.16639805442581,9954.858406531714,0.6160184657507273,2.649857781741183e-243,0.0,0.0
80.9,True,122.42651648013003,81.68165106309311,9904.30518324252,0.6121325824102317,6.750267494558045e-244,0.0,0.0
81.0,True,121.65388359493966,82.20041731915545,9853.964571190112,0.6082694179750546,1.717187649820646e-244,0.0,0.0
81.10000000000001,True,120.8857780043168,82.7227169737279,9803.836596150093,0.6044288897219935,4.362250500133923e-245,0.0,0.0
81.2,True,120.12218287542161,83.24857041909547,9753.921249484236,0.600610914363177,1.1066169407393162e-245,0.0,0.0
81.30000000000001,True,119.36308108277433,83.77799826619197,9704.218492029555,0.5968154054138681,2.803339915613603e-246,0.0,0.0
81.4,True,118.6084552000431,84.31102136128627,9654.728253283509,0.59304227600026,7.091594260960316e-247,0.0,0.0
81.5,True,117.85828753258204,84.8476607742624,9605.450433905437,0.5892914376630034,1.7914293192221683e-247,0.0,0.0
81.60000000000001,True,117.11256013061225,85.3879377997312,9556.38490665796,0.5855628009162179,4.5189883972975394e-248,0.0,0.0
81.7,True,116.3712548186443,85.93187394588324,9507.53151868324,0.581856274093222,1.1383259996397012e-248,0.0,0.0
81.80000000000001,True,115.63435318648575,86.47949095086653,9458.890090654537,0.578171765932403,2.863348173653867e-249,0.0,0.0
81.9,True,114.90183663094572,87.03081076170342,9410.460420074456,0.5745091830092811,7.192203842711092e-250,0.0,0.0
82.0,True,114.1736863509576,87.58585554696971,9362.242280778522,0.5708684317548336,1.803966397429981e-250,0.0,0.0
82.10000000000001,True,113.44988337741577,88.14464768317848,9314.235425285837,0.5672494168780835,4.5182669022802205e-251,0.0,0.0
82.2,True,112.73040857071767,88.70720976520573,9266.439584512993,0.5636520430157006,1.1300319160229761e-251,0.0,0.0
82.30000000000001,True,112.0152426503421,89.27356459169764,9218.854470123157,0.5600762129997863,2.822171346731808e-252,0.0,0.0
82.4,True,111.30436617820588,89.84373518635664,9171.479773084166,0.5565218308909066,7.037985898573469e-253,0.0,0.0
82.5,True,110.59775960769751,90.4177447669022,9124.315167635044,0.552988798038487,1.752605997489732e-253,0.0,0.0
82.60000000000001,True,109.8954032639863,90.99561676823191,9077.360309605268,0.5494770163200479,4.358024526455831e-254,0.0,0.0
82.7,True,109.19727736684344,91.57737483147534,9030.614838237952,0.5459863868387453,1.0820894190842456e-254,0.0,0.0
82.80000000000001,True,108.50336203806494,92.16304280499455,8984.078376751779,0.542516810190362,2.6828933095808815e-255,0.0,0.0
82.9,True,107.81363731012831,92.75264474414102,8937.750533009637,0.5390681865497323,6.642156928787088e-256,0.0,0.0
83.0,True,107.12808313522639,93.34620491040738,8891.63090022379,0.5356404156652961,1.6420224166888757e-256,0.0,0.0
83.10000000000001,True,106.44667939296545,93.94374777143918,8845.71905755543,0.5322333969518053,4.05333061655086e-257,0.0,0.0
83.2,True,105.76940589849775,94.54529800041195,8800.014570755013,0.5288470294893906,9.990950005200302e-258,0.0,0.0
83.30000000000001,True,105.0962424100026,95.15088047570617,8754.516992753219,0.5254812120501522,2.45902076322383e-258,0.0,0.0
83.4,True,104.4271686353375,95.76052028108002,8709.225864187149,0.5221358431766833,6.043341481790741e-259,0.0,0.0
83.5,True,103.76216423944832,96.3742427049165,8664.140713993935,0.5188108211342335,1.4830319554411652e-259,0.0,0.0
83.60000000000001,True,103.10120884815682,96.99207324259005,8619.26105970591,0.5155060442407862,3.633969300134097e-260,0.0,0.0
83.7,True,102.4442820594441,97.61403759164831,8574.586408375471,0.5122214102972112,8.891362830884574e-261,0.0,0.0
83.80000000000001,True,101.79136344399245,98.24016165676167,8530.116256606569,0.5089568172199563,2.172254655531488e-261,0.0,0.0
83.9,True,101.1424325533165,98.87047154742469,8485.850091223254,0.505712162766585,5.299165489708038e-262,0.0,0.0
84.0,True,100.49746892587862,99.50499357725563,8441.787389773805,0.5024873444568345,1.290796004116426e-262,0.0,0.0
84.10000000000001,True,99.85645208516121,100.14375427109744,8397.92762036206,0.4992822604228206,3.1394978872168968e-263,0.0,0.0
84.2,True,99.21936155822078,100.7867803516566,8354.27024320219,0.49609680779109294,7.624551812054836e-264,0.0,0.0
84.30000000000001,True,98.58617686656342,101.434098753368,8310.814709851298,0.49293088433260807,1.8489241762383e-264,0.0,0.0
84.4,True,97.95687753718343,102.08573661613603,8267.560464138282,0.48978438768590604,4.476861665282958e-265,0.0,0.0
84.5,True,97.33144310526197,102.7417212871816,8224.506942394637,0.4866572155483299,1.0823736188680284e-265,0.0,0.0
84.60000000000001,True,96.7098531210412,103.40208031837341,8181.653574040087,0.4835492653328451,2.6129364597114936e-266,0.0,0.0
84.7,True,96.09208714019132,104.06684148103403,8138.999780774206,0.4804604358412995,6.2983650432110596e-267,0.0,0.0
84.80000000000001,True,95.47812475570193,104.73603273615616,8096.544979283524,0.47739062377845454,1.51590975990778e-267,0.0,0.0
84.9,True,94.86794556852368,105.40968227015036,8054.288578767661,0.4743397278280791,3.6430459659719775e-268,0.0,0.0
85.0,True,94.26152921187092,106.08781847282654,8012.229983009029,0.4713076460593514,8.741802451629452e-269,0.0,0.0
85.10000000000001,True,93.65885534788843,106.77046994494849,7970.368590105307,0.4682942767394436,2.0945061140625383e-269,0.0,0.0
85.2,True,93.05990367058264,107.45766549897172,7928.703792733641,0.4652995183529647,5.010786212264337e-270,0.0,0.0
85.30000000000001,True,92.46465390919123,108.14943415914276,7887.234978454013,0.46232326954639297,1.1969417562261817e-270,0.0,0.0
85.4,True,91.87308583076343,108.84580516235943,7845.961529947197,0.45936542915479905,2.8548440358862647e-271,0.0,0.0
85.5,True,91.28517924272552,109.54680795893705,7804.882825253032,0.45642589621394186,6.798816487635106e-272,0.0,0.0
85.60000000000001,True,90.70091399528938,110.25247221344821,7763.998237996772,0.4535045699764292,1.6166840966703672e-272,0.0,0.0
85.7,True,90.12026998410721,110.96282780514869,7723.3071376379885,0.4506013498800309,3.8384624470509945e-273,0.0,0.0
85.80000000000001,True,89.54322715185518,111.67790482959848,7682.808889629176,0.447716135641363,9.099742235180174e-274,0.0,0.0
85.9,True,88.9697654890173,112.39773360124714,7642.502855506587,0.4448488274443125,2.1539714636639912e-274,0.0,0.0
86.0,True,88.3998650414876,113.122344647323,7602.388393567933,0.4419993252070572,5.0908378999642344e-275,0.0,0.0
86.10000000000001,True,87.83350590458754,113.85176871868097,7562.464858384988,0.43916752964085276,1.201369170857402e-275,0.0,0.0
86.2,True,87.27066823488285,114.58603677796651,7522.731601846902,0.4363533409203837,2.830746771472618e-276,0.0,0.0
86.30000000000001,True,86.71133223358113,115.32518002447723,7483.187971758052,0.4335566611665302,6.65981756475862e-277,0.0,0.0
86.4,True,86.15547817467859,116.0692298605225,7443.833314292231,0.4307773908734567,1.5644434667546864e-277,0.0,0.0
86.5,True,85.60308638431256,116.81821792155122,7404.666972243037,0.4280154319214703,3.669383605017824e-278,0.0,0.0
86.60000000000001,True,85.05413725380104,117.57217606193639,7365.688286179171,0.4252706860168941,8.593330987624288e-279,0.0,0.0
86.7,True,84.50861123051129,118.33113637050947,7326.896593685329,0.4225430561527158,2.0093918664746133e-279,0.0,0.0
86.80000000000001,True,83.96648883668868,119.09513114749365,7288.291231024578,0.4198324441989673,4.6913940989466535e-280,0.0,0.0
86.9,True,83.42775065366695,119.8641929291961,7249.871531803658,0.41713875326832284,1.0936362213408955e-280,0.0,0.0
87.0,True,82.8923773308671,120.63835447841888,7211.636827785438,0.41446188664759864,2.5455232552470003e-281,0.0,0.0
87.10000000000001,True,82.36034958613641,121.41764878670796,7173.586448952482,0.4118017479149394,5.915807048205789e-282,0.0,0.0
87.2,True,81.83164820625815,122.20210907636637,7135.719723585711,0.4091582410273493,1.3727239883659546e-282,0.0,0.0
87.30000000000001,True,81.30625404857382,122.99176880078402,7098.0359784404955,0.4065312702428331,3.1804186297801144e-283,0.0,0.0
87.4,True,80.78414804138946,123.786661646497,7060.534538817439,0.4039207402069533,7.357271092132765e-284,0.0,0.0
87.5,True,80.26531118512972,124.58682153409056,7023.21472869885,0.4013265559256123,1.6993396977017172e-284,0.0,0.0
87.60000000000001,True,79.74972455359026,125.39228261885964,6986.075870894507,0.3987486227153241,3.9189904007715486e-285,0.0,0.0
87.7,True,79.2373692929929,126.20307929486394,6949.117286995477,0.396186846464962,9.023984413404954e-286,0.0,0.0
87.80000000000001,True,78.72822662626953,127.01924619070822,6912.338297786466,0.39364113313134047,2.0746851943088869e-286,0.0,0.0
87.9,True,78.22227785029872,127.84081817635038,6875.738223041259,0.39111138925148886,4.762504689340426e-287,0.0,0.0
88.0,True,77.71950433713053,128.66783036369026,6839.316381667487,0.38859752187266167,1.0915599021882353e-287,0.0,0.0
88.10000000000001,True,77.21988754040612,129.50031809833177,6803.07209230978,0.3860994377017021,2.497976197858116e-288,0.0,0.0
88.2,True,76.7234089836743,130.3383169812992,6767.0046723600735,0.3836170449277465,5.707648377725327e-289,0.0,0.0
88.30000000000001,True,76.23005027351671,131.1818628496186,6731.113439151526,0.381150251368105,1.3021288132038896e-289,0.0,0.0
88.4,True,75.73979309336356,132.0309917888621,6695.397709453339,0.3786989654668156,2.966047838530463e-290,0.0,0.0
88.5,True,75.25261920462992,132.8857401336105,6659.856799609748,0.37626309620681203,6.745737923625643e-291,0.0,0.0
88.60000000000001,True,74.76851045279078,133.7461444589571,6624.490026117263,0.37384255226375707,1.5318193078312776e-291,0.0,0.0
88.7,True,74.28744875611184,134.61224160262026,6589.296704667121,0.3714372437802239,3.4730580091254754e-292,0.0,0.0
88.80000000000001,True,73.80941611781319,135.48406864563444,6554.276151261812,0.36904708058858504,7.862173497552861e-293,0.0,0.0
88.9,True,73.33439462056675,136.36166292420015,6519.427681768385,0.3666719731028199,1.7770472257098655e-293,0.0,0.0
89.0,True,72.86236642803513,137.245062029063,6484.750612095127,0.3643118321401658,4.010335933114215e-294,0.0,0.0
89.10000000000001,True,72.39331378517177,138.13430380704975,6450.2442582588055,0.3619665689259274,9.036237966768656e-295,0.0,0.0
89.2,True,71.92721901850014,139.0294263626116,6415.907936450212,0.35963609509741645,2.032915730515567e-295,0.0,0.0
89.30000000000001,True,71.46406453649209,139.93046805914102,6381.740963108744,0.35732032268813185,4.56641732970888e-296,0.0,0.0
89.4,True,71.00383282968882,140.83746752074913,6347.74265497418,0.35501916414828844,1.0241322197560833e-296,0.0,0.0
89.5,True,70.54650647091657,141.75046363383834,6313.912329147033,0.3527325323466386,2.2932973645179524e-297,0.0,0.0
89.60000000000001,True,70.09206811649304,142.6694955466287,6280.249303237777,0.35046034041171936,5.127295377789644e-298,0.0,0.0
89.7,True,69.64050050151826,143.59460268069134,6246.752894986188,0.3482025025075961,1.14456284580467e-298,0.0,0.0
89.80000000000001,True,69.19178645001737,144.52582471221174,6213.422423211561,0.34595893225010643,2.551020864551681e-299,0.0,0.0
89.9,True,68.74590886488288,145.46320159436058,6180.2572069529715,0.3437295443244218,5.676898955688319e-300,0.0,0.0
90.0,True,68.3028507331574,146.4067735484067,6147.256565984166,0.341514253665781,1.2613361279094855e-300,0.0,0.0
90.10000000000001,True,67.86259512622125,147.3565810650251,6114.419820872536,0.3393129754419149,2.798161380520294e-301,0.0,0.0
90.2,True,67.42512519420146,148.31266491826992,6081.746292516971,0.33712562597099305,6.197787413152785e-302,0.0,0.0
90.30000000000001,True,66.99042417737056,149.27506614263254,6049.235303216562,0.33495212088676873,1.370636614815428e-302,0.0,0.0
90.4,True,66.5584753948509,150.24382605935742,6016.886175694522,0.33279237697425124,3.026421882890785e-303,0.0,0.0
90.5,True,66.12926225031603,151.21898626582984,5984.698233653601,0.3306463112515908,6.672027786278491e-304,0.0,0.0
90.60000000000001,True,65.70276823086515,152.20058863976914,5952.670801716383,0.3285138411543082,1.4686124975274234e-304,0.0,0.0
90.7,True,65.27897690702254,153.1886753409615,5920.803205466945,0.32639488453504606,3.227582481702372e-305,0.0,0.0
90.80000000000001,True,64.85787193272027,154.1832888130127,5889.094771491002,0.3242893596635912,7.082196970629051e-306,0.0,0.0
90.9,True,64.43943704529705,155.18447178504368,5857.544827417502,0.3221971852218394,1.551597043629198e-306,0.0,0.0
91.0,True,64.02365606439274,156.19226727605732,5826.152701859739,0.3201182804814863,3.3939852432821205e-307,0.0,0.0
91.10000000000001,True,63.610512896784144,157.2067185848073,5794.917724897036,0.3180525644839268,7.412433229843892e-308,0.0,0.0
91.2,True,63.19999152680378,158.22786931480672,5763.839227244504,0.3159999576341824,1.61633456182791e-308,0.0,0.0
91.30000000000001,True,62.7920760256407,159.25576335327042,5732.916541140997,0.31396038012819644,3.519015081578426e-309,0.0,0.0
91.4,True,62.38675054660864,160.29044488427203,5702.14899996003,0.3119337527301004,7.64944959641464e-310,0.0,0.0
91.5,True,61.983999325835896,161.3319583886844,5671.535938313985,0.309919996639225,1.6601916596818e-310,0.0,0.0
91.60000000000001,True,61.58380668259759,162.3803486448948,5641.07669212594,0.307919033413629,0.0,0.0,0.0
91.7,True,61.18615701847272,163.43566073255587,5610.770598593948,0.3059307850923053,0.0,0.0,0.0
91.80000000000001,True,60.791034817936506,164.4979400325898,5580.6169962865715,0.3039551740705154,0.0,0.0,0.0
91.9,True,60.398424647602646,165.56723223073206,5550.615225114683,0.30199212320485247,0.0,0.0,0.0
92.0,True,60.00831115559569,166.64358332083327,5520.7646263148035,0.30004155589610626,0.0,0.0,0.0
92.10000000000001,True,59.62067907548134,167.7270395954353,5491.064542851832,0.2981033953774246,0.0,0.0,0.0
92.2,True,59.235513218152335,168.81764766976923,5461.5143187136455,0.29617756609430074,0.0,0.0,0.0
92.30000000000001,True,58.85279847864803,169.91545446437908,5432.113299579214,0.2942639924890278,0.0,0.0,0.0
92.4,True,58.47251983493785,171.0205072096946,5402.860832748258,0.29236259917468077,0.0,0.0,0.0
92.5,True,58.09466234328471,172.13285346095003,5373.756266753836,0.29047331171642876,0.0,0.0,0.0
92.60000000000001,True,57.7192111438248,173.2525410834529,5344.798951918177,0.28859605561460655,0.0,0.0,0.0
92.7,True,57.34615145487528,174.37961827078894,5315.988239866939,0.28673075727304526,0.0,0.0,0.0
92.80000000000001,True,56.975468579002104,175.51413352808171,5287.323484131396,0.2848773428843921,0.0,0.0,0.0
92.9,True,56.60714789686004,176.65613569191484,5258.804039618298,0.2830357394842762,0.0,0.0,0.0
93.0,True,56.241174870579854,177.8056739214932,5230.429262963927,0.28120587430819755,0.0,0.0,0.0
93.10000000000001,True,55.87753504121787,178.96279770794354,5202.198512337384,0.2793876752060909,0.0,0.0,0.0
93.2,True,55.516214031219796,180.12755686791706,5174.111147709686,0.27758107015609845,0.0,0.0,0.0
93.30000000000001,True,55.15719754170872,181.30000155352724,5146.166530641424,0.27578598770821316,0.0,0.0,0.0
93.4,True,54.80047135344094,182.48018225069694,5118.364024411384,0.2740023567672021,0.0,0.0,0.0
93.5,True,54.446021326349296,183.6681497819653,5090.702994013659,0.2722301066285808,0.0,0.0,0.0
93.60000000000001,True,54.09383339924291,184.86395530881268,5063.182806169137,0.2704691669858381,0.0,0.0,0.0
93.7,True,53.74389358944158,186.06765033422474,5035.802829330676,0.2687194679491123,0.0,0.0,0.0
93.80000000000001,True,53.396187992943815,187.27928670341555,5008.5624337381305,0.26698093996472033,0.0,0.0,0.0
93.9,True,53.050702783647864,188.49891660779957,4981.460991384535,0.26525351390796625,0.0,0.0,0.0
94.0,True,52.70742421317587,189.72659258693554,4954.497876038532,0.2635371210649725,0.0,0.0,0.0
94.10000000000001,True,52.36633861103573,190.96236752921638,4927.672463298462,0.26183169305038057,0.0,0.0,0.0
94.2,True,52.02743238375949,192.20629467622024,4900.984130550144,0.26013716191448055,0.0,0.0,0.0
94.30000000000001,True,51.69069201498411,193.4584276237044,4874.432257013002,0.2584534600746515,0.0,0.0,0.0
94.4,True,51.35610406516663,194.71882032388652,4848.016223751731,0.25678052031410037,0.0,0.0,0.0
94.5,True,51.023655170903446,195.9875270892502,4821.735413650375,0.25511827585444513,0.0,0.0,0.0
94.60000000000001,True,50.69333204531993,197.26460259230902,4795.589211487266,0.2534666602265996,0.0,0.0,0.0
94.7,True,50.36512147715711,198.55010187030834,4769.577003886779,0.25182560738618154,0.0,0.0,0.0
94.80000000000001,True,50.03901033136551,199.8440803241024,4743.698179413451,0.250195051543446,0.0,0.0,0.0
94.9,True,49.71498554583889,201.14659373238,4717.952128300111,0.2485749277275685,0.0,0.0,0.0
95.0,True,49.393034137525305,202.4576982283968,4692.338243064904,0.24696517056254452,0.0,0.0,0.0
95.10000000000001,True,49.07314319322323,203.77745033827284,4666.85591767553,0.24536571596610468,0.0,0.0,0.0
95.2,True,48.75529987845427,205.10590694611145,4641.504548428847,0.24377649939192836,0.0,0.0,0.0
95.30000000000001,True,48.43949143025327,206.44312532468953,4616.283533303137,0.24219745715129326,0.0,0.0,0.0
95.4,True,48.125705160048376,207.78916312485566,4591.192272268615,0.24062852580037924,0.0,0.0,0.0
95.5,True,47.81392845270077,209.1440783806826,4566.230167232924,0.23906964226350363,0.0,0.0,0.0
95.60000000000001,True,47.50414876626571,210.50792951165008,4541.396622055002,0.23752074381762261,0.0,0.0,0.0
95.7,True,47.19635363246041,211.88077532163976,4516.691042626461,0.23598176793776054,0.0,0.0,0.0
95.80000000000001,True,46.89053065143981,213.26267502355387,4492.112836407934,0.23445265325720516,0.0,0.0,0.0
95.9,True,46.58666750198029,214.6536881946948,4467.66141343991,0.23293333751009188,0.0,0.0,0.0
96.0,True,46.28475193031112,216.05387482807626,4443.336185309867,0.2314237596546403,0.0,0.0,0.0
96.10000000000001,True,45.984771755350245,217.46329531007225,4419.1365656891585,0.2299238587843262,0.0,0.0,0.0
96.2,True,45.68671486734752,218.88201042765365,4395.061970238831,0.22843357432920502,0.0,0.0,0.0
96.30000000000001,True,45.390569227155005,220.31008137297115,4371.111816575028,0.22695284613572553,0.0,0.0,0.0
96.4,True,45.09632286657422,221.74756974281124,4347.285524337755,0.22548161433272623,0.0,0.0,0.0
96.5,True,44.80396388737017,223.1945375444539,4323.582515131222,0.22401981946180938,0.0,0.0,0.0
96.60000000000001,True,44.513480461784525,224.6510471942347,4300.002212608386,0.22256740230891603,0.0,0.0,0.0
96.7,True,44.22486083094006,226.1171615265756,4276.544042351904,0.22112430415767853,0.0,0.0,0.0
96.80000000000001,True,43.938093305709536,227.59294379077093,4253.207431992683,0.21969046654896895,0.0,0.0,0.0
96.9,True,43.65316626621904,229.07845765447925,4229.991811196625,0.2182658313131271,0.0,0.0,0.0
97.0,True,43.37006815986043,230.5737672152227,4206.896611506461,0.21685034090530464,0.0,0.0,0.0
97.10000000000001,True,43.088787505293375,232.07893698033436,4183.921266763987,0.21544393752656582,0.0,0.0,0.0
97.2,True,42.809312885683454,233.5940319038444,4161.065212488432,0.21404656442862519,0.0,0.0,0.0
97.30000000000001,True,42.531632954002205,235.11911735942425,4138.327886424415,0.21265816476998534,0.0,0.0,0.0
97.4,True,42.25573643031879,236.65425915580374,4115.70872831305,0.21127868209765832,0.0,0.0,0.0
97.5,True,41.98161210071111,238.19952354403782,4093.2071798193333,0.2099080605034046,0.0,0.0,0.0
97.60000000000001,True,41.70924881946756,239.75497720621993,4070.8226847800343,0.20854624410302114,0.0,0.0,0.0
97.7,True,41.438635506342195,241.3206872718938,4048.5546889696325,0.2071931775314126,0.0,0.0,0.0
97.80000000000001,True,41.16976114722786,242.89672131540513,4026.402640198885,0.205848805736007,0.0,0.0,0.0
97.9,True,40.90261479385734,244.48314735863238,4004.3659883186338,0.20451307396928703,0.0,0.0,0.0
98.0,True,40.63718556348434,246.08003387384622,3982.444185221465,0.20318592778546113,0.0,0.0,0.0
98.10000000000001,True,40.373462637837235,247.68744979104642,3960.636684771833,0.20186731318918638,0.0,0.0,0.0
98.2,True,40.11143526376089,249.30546449517374,3938.9429429013194,0.20055717643277937,0.0,0.0,0.0
98.30000000000001,True,39.851092754154976,250.93414782101235,3917.3624177334345,0.19925546374774006,0.0,0.0,0.0
98.4,True,39.592424482555096,252.57357008803848,3895.8945690834216,0.197962122412784,0.0,0.0,0.0
98.5,True,39.33541988903543,254.223802064649,3874.5388590699895,0.19667709944517875,0.0,0.0,0.0
98.60000000000001,True,39.0800684761608,255.88491499445792,3853.294751749455,0.19540034238080706,0.0,0.0,0.0
98.7,True,38.826359809970576,257.5569805911088,3832.161713244096,0.1941317989972191,0.0,0.0,0.0
98.80000000000001,True,38.57428351850395,259.24007104896805,3811.1392116281904,0.1928714175562548,0.0,0.0,0.0
98.9,True,38.32382929318184,260.93425903499394,3790.226717095684,0.19161914644053035,0.0,0.0,0.0
99.0,True,38.074986887142636,262.63961770074445,3769.423701827121,0.1903749344365439,0.0,0.0,0.0
99.10000000000001,True,37.827746115647365,264.35622068065857,3748.729640060654,0.189138730578222,0.0,0.0,0.0
99.2,True,37.58209685518156,266.08414209919925,3728.1440080340108,0.18791048426849927,0.0,0.0,0.0
99.30000000000001,True,37.33802904341908,267.82345657215467,3707.6662840115146,0.1866901452170993,0.0,0.0,0.0
99.4,True,37.09553267910306,269.57423920841217,3687.2959483028444,0.1854776633953492,0.0,0.0,0.0
99.5,True,36.854597821408255,271.3365656154619,3667.032483230121,0.18427298910299594,0.0,0.0,0.0
99.60000000000001,True,36.61521458975332,273.11051190175124,3646.8753731394313,0.18307607293834727,0.0,0.0,0.0
99.7,True,36.37737316338763,274.8961546806958,3626.824104389747,0.1818868658172676,0.0,0.0,0.0
99.80000000000001,True,36.141063781370995,276.69357107176586,3606.878165380826,0.1807053189068536,0.0,0.0,0.0
99.9,True,35.90627674188617,278.50283870659814,3587.0370465144283,0.17953138370445965,0.0,0.0,0.0
100.0,True,35.67300240204192,280.3240357315032,3567.3002402041916,0.1783650120102102,0.0,0.0,0.0
100.10000000000001,True,35.44123117772552,282.1572408095378,3547.667240890325,0.17720615588862199,0.0,0.0,0.0
100.2,True,35.210953543067774,284.0025331256264,3528.137545015391,0.17605476771536277,0.0,0.0,0.0
100.30000000000001,True,34.982160030238894,285.8599923891466,3508.7106510329613,0.17491080015151456,0.0,0.0,0.0
100.4,True,34.75484122914734,287.72969883727865,3489.386059406393,0.17377420613938815,0.0,0.0,0.0
100.5,True,34.52898778697652,289.61173323973753,3470.1632725911404,0.1726449389344854,0.0,0.0,0.0
100.60000000000001,True,34.304590408158575,291.5061768999208,3451.041795060753,0.17152295204077034,0.0,0.0,0.0
100.7,True,34.08163985379381,293.41311166067163,3432.021133277037,0.1704081992689641,0.0,0.0,0.0
100.80000000000001,True,33.86012694146487,295.3326199068105,3413.100795699659,0.1693006347076314,0.0,0.0,0.0
100.9,True,33.640042544915005,297.26478456881705,3394.2802927819243,0.16820021272457358,0.0,0.0,0.0
101.0,True,33.421377593725516,299.2096891265603,3375.559136966277,0.1671068879686164,0.0,0.0,0.0
101.10000000000001,True,33.20412307302257,301.1674176128061,3356.936842682582,0.16602061536511276,0.0,0.0,0.0
101.2,True,32.988270023165306,303.13805461692033,3338.412926344329,0.16494135011579342,0.0,0.0,0.0
101.30000000000001,True,32.773809539080254,305.12168529190257,3319.98690630883,0.1638690477789238,0.0,0.0,0.0
101.4,True,32.56073277193722,307.1183953396343,3301.658303074434,0.1628036638199441,0.0,0.0,0.0
101.5,True,32.349030924467364,309.12827105545364,3283.4266388334377,0.161745154600884,0.0,0.0,0.0
101.60000000000001,True,32.13869525552828,311.1513992864992,3265.2914379616736,0.16069347627764236,0.0,0.0,0.0
101.7,True,31.929717077205993,313.18786745964644,3247.25222675185,0.1596485853860261,0.0,0.0,0.0
101.80000000000001,True,31.722087755065075,315.2377635801507,3229.3085334656253,0.15861043871568598,0.0,0.0,0.0
101.9,True,31.515798707430022,317.30117623966305,3211.4598882871196,0.15757899340495046,0.0,0.0,0.0
102.0,True,31.310841404725124,319.378194624016,3193.7058232819627,0.15655420702363038,0.0,0.0,0.0
102.10000000000001,True,31.107207371485895,321.4689084937402,3176.04587262871,0.15553603704187358,0.0,0.0,0.0
102.2,True,30.904888185773963,323.57340818994345,3158.479572586099,0.15452444089162903,0.0,0.0,0.0
102.30000000000001,True,30.703875472610108,325.6917847038776,3141.0064608480143,0.15351937741310306,0.0,0.0,0.0
102.4,True,30.504160913592987,327.8241295778075,3123.626077551922,0.15252080456796885,0.0,0.0,0.0
102.5,True,30.305736238581687,329.9705349929489,3106.337964454623,0.15152868129019936,0.0,0.0,0.0
102.60000000000001,True,30.10859323154019,332.13109370797577,3089.141665556024,0.15054296606381956,0.0,0.0,0.0
102.7,True,29.91272372296082,334.3058991423125,3072.036726348076,0.14956361861445738,0.0,0.0,0.0
102.80000000000001,True,29.718119597818884,336.4950452899427,3055.0226946557814,0.1485905979906989,0.0,0.0,0.0
102.9,True,29.524772788902315,338.6986267937943,3038.0991199780483,0.1476238640487328,0.0,0.0,0.0
103.0,True,29.332675281053675,340.9167388989956,3021.2655539485286,0.14666337639337096,0.0,0.0,0.0
103.10000000000001,True,29.141819105537596,343.1494775183673,3004.5215497809263,0.14570909563005385,0.0,0.0,0.0
103.2,True,28.95219634670031,345.3969391562137,2987.866662979472,0.14476098173368213,0.0,0.0,0.0
103.30000000000001,True,28.763799135429103,347.6592209852677,2971.300450689827,0.1438189955171168,0.0,0.0,0.0
103.4,True,28.576619650491228,349.93642083303934,2954.822471860793,0.14288309825245388,0.0,0.0,0.0
103.5,True,28.390650122710937,352.2286371315096,2938.432287700582,0.14195325061355724,0.0,0.0,0.0
103.60000000000001,True,28.205882828437257,354.5359689971472,2922.1294610261,0.1410294141536259,0.0,0.0,0.0
103.7,True,28.02231009245392,356.85851619680994,2905.9135565874717,0.140111550550526,0.0,0.0,0.0
103.80000000000001,True,27.839924288382242,359.1963791429223,2889.784141134077,0.139199621441912,0.0,0.0,0.0
103.9,True,27.658717835277915,361.549658937743,2873.7407830853754,0.1382935891698121,0.0,0.0,0.0
104.0,True,27.478683200018107,363.91845734417905,2857.783052801883,0.13739341614564793,0.0,0.0,0.0
104.10000000000001,True,27.299812898470268,366.302876770278,2841.910522730755,0.13649906450058685,0.0,0.0,0.0
104.2,True,27.122099489538655,368.70302034903784,2826.122766809928,0.13561049744765996,0.0,0.0,0.0
104.30000000000001,True,26.945535580558523,371.1189918679924,2810.4193610522543,0.13472767792166646,0.0,0.0,0.0
104.4,True,26.770113825030435,373.550895799698,2794.7998833331776,0.13385056905561205,0.0,0.0,0.0
104.5,True,26.595826920603894,375.99883733086557,2779.2639132031068,0.13297913460275984,0.0,0.0,0.0
104.60000000000001,True,26.422667612419577,378.4629223167327,2763.811032259088,0.1321133380627772,0.0,0.0,0.0
104.7,True,26.250628689668897,380.94325732989256,2748.440823808334,0.13125314344818062,0.0,0.0,0.0
104.80000000000001,True,26.079702986773373,383.4399496448106,2733.15287301385,0.130398514933868,0.0,0.0,0.0
104.9,True,25.9098833829197,385.9531072452528,2717.9467668682764,0.12954941690452237,0.0,0.0,0.0
105.0,True,25.741162801574593,388.4828388322961,2702.822094165332,0.12870581400781855,0.0,0.0,0.0
105.10000000000001,True,25.573534210636524,391.0292538229154,2687.7784455378987,0.12786767105232594,0.0,0.0,0.0
105.2,True,25.406990621757068,393.59246236099216,2672.8154134088436,0.12703495310878055,0.0,0.0,0.0
105.30000000000001,True,25.241525090394536,396.1725753173853,2657.9325920185447,0.1262076254323422,0.0,0.0,0.0
105.4,True,25.077130715136438,398.7697043012998,2643.1295773753804,0.12538565356478348,0.0,0.0,0.0
105.5,True,24.913800638026338,401.3839616560485,2628.4059673117786,0.12456900318989728,0.0,0.0,0.0
105.60000000000001,True,24.751528044375682,404.01546046254344,2613.7613614860725,0.12375764011500323,0.0,0.0,0.0
105.7,True,24.59030616032648,406.66431457993815,2599.195361146509,0.12295153081109805,0.0,0.0,0.0
105.80000000000001,True,24.430128257142943,409.33063857641326,2584.7075696057236,0.12215064128571218,0.0,0.0,0.0
105.9,True,24.270987646321824,412.01454780994305,2570.2975917454814,0.12135493823129068,0.0,0.0,0.0
106.0,True,24.112877682354416,414.7161583836138,2555.965034329568,0.12056438827646743,0.0,0.0,0.0
106.10000000000001,True,23.95579175922403,417.43558720615283,2541.70950565367,0.11977895879642075,0.0,0.0,0.0
106.2,True,23.799723315502153,420.17295190513477,2527.5306161063286,0.11899861657741867,0.0,0.0,0.0
106.30000000000001,True,23.644665828905527,422.9283709214038,2513.4279776126577,0.11822332911313377,0.0,0.0,0.0
106.4,True,23.49061281810927,425.70196347925196,2499.4012038468263,0.11745306409054018,0.0,0.0,0.0
106.5,True,23.337557843188065,428.49384957898974,2485.449910299529,0.11668778921589457,0.0,0.0,0.0
106.60000000000001,True,23.18549450414931,431.30415002407585,2471.573714142317,0.11592747252116653,0.0,0.0,0.0
106.7,True,23.03441644131429,434.13298641523664,2457.772234288235,0.11517208220657355,0.0,0.0,0.0
106.80000000000001,True,22.884317335014796,436.9804811568146,2444.0450913795803,0.11442158665518726,0.0,0.0,0.0
106.9,True,22.73519090542993,439.8467574605525,2430.3919077904598,0.11367595441244716,0.0,0.0,0.0
107.0,True,22.58703091089568,442.7319393792539,2416.812307465838,0.11293515455447489,0.0,0.0,0.0
107.10000000000001,True,22.439831151329376,445.63615174116774,2403.3059163073763,0.11219915575665323,0.0,0.0,0.0
107.2,True,22.293585463951427,448.559520233743,2389.872361735593,0.11146792731976485,0.0,0.0,0.0
107.30000000000001,True,22.148287725188492,451.502171367737,2376.5112729127254,0.11074143862593372,0.0,0.0,0.0
107.4,True,22.003931849786763,454.46423249565316,2363.2222806670984,0.11001965930424262,0.0,0.0,0.0
107.5,True,21.860511791638878,457.44583179542764,2350.0050176011796,0.10930255895819913,0.0,0.0,0.0
107.60000000000001,True,21.71802154105468,460.44709832783303,2336.859117817484,0.1085901078057212,0.0,0.0,0.0
107.7,True,21.576455128562447,463.46816195781,2323.7842173461754,0.10788227564297448,0.0,0.0,0.0
107.80000000000001,True,21.435806619966595,466.5091534593991,2310.779953632399,0.10717903305523196,0.0,0.0,0.0
107.9,True,21.29607011940243,469.5702044523791,2297.8459658835222,0.1064803505723021,0.0,0.0,0.0
108.0,True,21.15723976826452,472.65144742556726,2284.981894972568,0.10578619888453406,0.0,0.0,0.0
108.10000000000001,True,21.019309745931718,475.75301572096095,2272.187383535219,0.10509654859497736,0.0,0.0,0.0
108.2,True,20.882274265273374,478.8750436359183,2259.462075502579,0.10441137132702488,0.0,0.0,0.0
108.30000000000001,True,20.74612757947776,482.01766627002144,2246.8056168574417,0.1037306378932189,0.0,0.0,0.0
108.4,True,20.610863975742863,485.1810196685157,2234.2176549705264,0.10305431987510877,0.0,0.0,0.0
108.5,True,20.47647777787822,488.36524076438127,2221.697838899787,0.10238238888937617,0.0,0.0,0.0
108.60000000000001,True,20.342963345544145,491.57046739654896,2209.2458193260945,0.10171481672769167,0.0,0.0,0.0
108.7,True,20.21031507403278,494.79683831592,2196.861248547363,0.10105157535607695,0.0,0.0,0.0
108.80000000000001,True,20.078527393804006,498.04449319753803,2184.543780445876,0.10039263697904593,0.0,0.0,0.0
108.9,True,19.94759477097434,501.31357262936564,2172.2930705591057,0.0997379738537908,0.0,0.0,0.0
109.0,True,19.817511706175782,504.60421814125505,2160.1087759731604,0.09908755853272,0.0,0.0,0.0
109.10000000000001,True,19.688272735055687,507.9165721934883,2147.9905553945755,0.09844136367526718,0.0,0.0,0.0
109.2,True,19.559872427716602,511.250778191675,2135.938069106653,0.09779936213858853,0.0,0.0,0.0
109.30000000000001,True,19.432305388632795,514.6069804898004,2123.950978977565,0.09716152694316382,0.0,0.0,0.0
109.4,True,19.30556625639383,517.9853243977285,2112.028948449485,0.09652783128430004,0.0,0.0,0.0
109.5,True,19.179649703516446,521.385956187019,2100.171642535051,0.09589824852588258,0.0,0.0,0.0
109.60000000000001,True,19.054550436344265,524.8090230943576,2088.3787278233317,0.09527275217096876,0.0,0.0,0.0
109.7,True,18.93026319442446,528.2546733394232,2076.6498724283633,0.09465131597211696,0.0,0.0,0.0
109.80000000000001,True,18.806782750961972,531.723056113279,2064.984746055625,0.09403391375482689,0.0,0.0,0.0
109.9,True,18.684103911980838,535.2143216024228,2053.383019926694,0.09342051958604652,0.0,0.0,0.0
110.0,True,18.56222151702473,538.7286209696555,2041.8443668727205,0.09281110753141059,0.0,0.0,0.0
110.10000000000001,True,18.441130436977748,542.2661064176532,2030.36846111125,0.09220565218488525,0.0,0.0,0.0
110.2,True,18.320825576710163,545.826931113422,2018.95497855346,0.0916041279042153,0.0,0.0,0.0
110.30000000000001,True,18.20130187290843,549.4112492515941,2007.6035965818,0.09100650933848203,0.0,0.0,0.0
110.4,True,18.08255429373029,553.0192160665747,1996.313994027824,0.09041277146800897,0.0,0.0,0.0
110.5,True,17.96457783968603,556.6509878071686,1985.0858512853063,0.08982288931297266,0.0,0.0,0.0
110.60000000000001,True,17.847367544218244,560.3067217181593,1973.918850390538,0.08923683772109586,0.0,0.0,0.0
110.7,True,17.73091846989564,563.9865761595179,1962.8126746174476,0.08865459234522166,0.0,0.0,0.0
110.80000000000001,True,17.61522571223253,567.6907104889214,1951.7670089153644,0.08807612855568209,0.0,0.0,0.0
110.9,True,17.500284397121987,571.4192851428489,1940.7815396408284,0.08750142208296446,0.0,0.0,0.0
111.0,True,17.38608968285758,575.172461571957,1929.8559547971913,0.08693044841423131,0.0,0.0,0.0
111.10000000000001,True,17.272636756583484,578.9504023575606,1918.9899436564253,0.08636318370798873,0.0,0.0,0.0
111.2,True,17.15992083638356,582.75327114548,1908.1831970058518,0.08579960417332821,0.0,0.0,0.0
111.30000000000001,True,17.0479371718545,586.5812326261749,1897.435407227406,0.08523968585927116,0.0,0.0,0.0
111.4,True,16.936681041718543,590.4344526160666,1886.746268047446,0.08468340525608153,0.0,0.0,0.0
111.5,True,16.826147755523785,594.3130980005296,1876.115474740902,0.0841307387774115,0.0,0.0,0.0
111.60000000000001,True,16.71633265165229,598.2173368039292,1865.542723924396,0.08358166325587735,0.0,0.0,0.0
111.7,True,16.60723109876745,602.1473381400815,1855.0277137323242,0.08303615549383608,0.0,0.0,0.0
111.80000000000001,True,16.498838495249572,606.103272232118,1844.5701437689024,0.08249419236659078,0.0,0.0,0.0
111.9,True,16.391150267156103,610.0853104884029,1834.169714894768,0.08195575133577904,0.0,0.0,0.0
112.0,True,16.284161871976075,614.0936253654733,1823.8261296613205,0.08142080935986101,0.0,0.0,0.0
112.10000000000001,True,16.177868794583826,618.1283905175378,1813.5390918728472,0.08088934396291042,0.0,0.0,0.0
112.2,True,16.072266548842503,622.1897807388083,1803.308306780129,0.08036133274090751,0.0,0.0,0.0
112.30000000000001,True,15.967350677331927,626.2779719741807,1793.1334810643757,0.07983675338665902,0.0,0.0,0.0
112.4,True,15.863116751060769,630.3931413308987,1783.0143228192305,0.07931558371965247,0.0,0.0,0.0
112.5,True,15.759560368714109,634.5354671093495,1772.9505414803373,0.07879780184645568,0.0,0.0,0.0
112.60000000000001,True,15.656677157806472,638.7051287580498,1762.941847969009,0.07828338578898104,0.0,0.0,0.0
112.7,True,15.554462773140882,642.9023069358453,1752.9879545329775,0.07777231386569958,0.0,0.0,0.0
112.80000000000001,True,15.452912897350377,647.127183491382,1743.0885748211226,0.0772645644912459,0.0,0.0,0.0
112.9,True,15.352023240926274,651.379941462142,1733.2434239005763,0.07676011611900065,0.0,0.0,0.0
113.0,True,15.25178954010749,655.6607651648413,1723.4522180321464,0.07625894778660247,0.0,0.0,0.0
113.10000000000001,True,15.152207561699312,659.9698399906623,1713.7146752281924,0.07576103770970744,0.0,0.0,0.0
113.2,True,15.05327309549471,664.307352730676,1704.0305144100012,0.07526636536984722,0.0,0.0,0.0
113.30000000000001,True,14.954981960182842,668.6734913238062,1694.399456088716,0.07477490980091335,0.0,0.0,0.0
113.4,True,14.857330001687744,673.0684449267824,1684.8212221913902,0.0742866500080014,0.0,0.0,0.0
113.5,True,14.760313091274755,677.4924039999726,1675.2955358596846,0.07380156545634259,0.0,0.0,0.0
113.60000000000001,True,14.663927126926117,681.9455602474902,1665.822121618807,0.07331963563463438,0.0,0.0,0.0
113.7,True,14.568168032789439,686.4281066426752,1656.4007053281591,0.07284084016394804,0.0,0.0,0.0
113.80000000000001,True,14.4730317593643,690.9402374198362,1647.0310142156575,0.07236515869719064,0.0,0.0,0.0
113.9,True,14.378514281624842,695.4821481646121,1637.7127766770695,0.07189257140812556,0.0,0.0,0.0
114.0,True,14.284611602301796,700.0540356581076,1628.4457226624047,0.07142305800754618,0.0,0.0,0.0
114.10000000000001,True,14.191319748225169,704.6560980525186,1619.229583272492,0.07095659874112711,0.0,0.0,0.0
114.2,True,14.098634772017043,709.2885347911835,1610.0640909643464,0.07049317385980376,0.0,0.0,0.0
114.30000000000001,True,14.006552751449584,713.9515466405584,1600.9489794906876,0.07003276375724676,0.0,0.0,0.0
114.4,True,13.915069789366571,718.6453356950939,1591.8839839035359,0.06957534894659684,0.0,0.0,0.0
114.5,True,13.824182013514818,723.3701053866178,1582.8688405474468,0.06912091006318934,0.0,0.0,0.0
114.60000000000001,True,13.73388557633259,728.126060496154,1573.903287047715,0.06866942788002871,0.0,0.0,0.0
114.7,True,13.644176654907962,732.9134071569565,1564.9870623179434,0.06822088327454164,0.0,0.0,0.0
114.80000000000001,True,13.555051450735833,737.732352868137,1556.119906544474,0.06777525725357754,0.0,0.0,0.0
114.9,True,13.466506189628607,742.5831065003052,1547.301561188327,0.06733253093438248,0.0,0.0,0.0
115.0,True,13.378537121347739,747.4658783166429,1538.53176895499,0.06689268560679967,0.0,0.0,0.0
115.10000000000001,True,13.291140519910277,752.3808799568319,1529.810273841673,0.06645570259971141,0.0,0.0,0.0
115.2,True,13.204312682975951,757.3283244718064,1521.1368210788296,0.06602156341478922,0.0,0.0,0.0
115.30000000000001,True,13.11804993193019,762.3084263202372,1512.511157151551,0.06559024965835027,0.0,0.0,0.0
115.4,True,13.032348611675015,767.3214013812914,1503.9330297872968,0.06516174305837436,0.0,0.0,0.0
115.5,True,12.94720509052014,772.3674669618028,1495.402187955076,0.06473602545260095,0.0,0.0,0.0
115.60000000000001,True,12.862615759992321,777.4468418083236,1486.9183818551126,0.06431307880071682,0.0,0.0,0.0
115.7,True,12.778577034776765,782.5597461114099,1478.4813629236717,0.06389288515820571,0.0,0.0,0.0
115.80000000000001,True,12.695085352301588,787.7064015317568,1470.090883796524,0.06347542675510971,0.0,0.0,0.0
115.9,True,12.612137173053979,792.8870311817692,1461.7466983569561,0.06306068586034945,0.0,0.0,0.0
116.0,True,12.529728980025707,798.101859660454,1453.448561682982,0.06264864490184847,0.0,0.0,0.0
116.10000000000001,True,12.447857278818692,803.3511130478678,1445.19623007085,0.06223928639301282,0.0,0.0,0.0
116.2,True,12.366518597453942,808.635018917841,1436.989461024148,0.061832592946597036,0.0,0.0,0.0
116.30000000000001,True,12.285709485709296,813.9538063822828,1428.8280131879912,0.061428547428559264,0.0,0.0,0.0
116.4,True,12.205426516250794,819.307706017942,1420.7116464915925,0.061027132581305155,0.0,0.0,0.0
116.5,True,12.125666283166815,824.6969499632589,1412.640121988934,0.06062833141564928,0.0,0.0,0.0
116.60000000000001,True,12.046425402498347,830.1217718848005,1404.6132019313072,0.060232127012493045,0.0,0.0,0.0
116.7,True,11.967700511954444,835.5824069971568,1396.6306497450837,0.059838502565826346,0.0,0.0,0.0
116.80000000000001,True,11.889488270755054,841.0790920747456,1388.6922300241904,0.05944744138831924,0.0,0.0,0.0
116.9,True,11.81178535997505,846.6120654279417,1380.7977085810833,0.059058926767504606,0.0,0.0,0.0
117.0,True,11.734588480937443,852.181567018286,1372.946852269681,0.058672942404684555,0.0,0.0,0.0
117.10000000000001,True,11.657894357182775,857.7878383190789,1365.139429226103,0.058289471786235156,0.0,0.0,0.0
117.2,True,11.58169973256461,863.4311224528385,1357.3752086565723,0.05790849871229835,0.0,0.0,0.0
117.30000000000001,True,11.506001372600712,869.1116640932305,1349.6539610060638,0.057530006851803775,0.0,0.0,0.0
117.4,True,11.430796062449154,874.8297096166901,1341.9754577315307,0.057153980309751724,0.0,0.0,0.0
117.5,True,11.356080608719845,880.5855069680846,1334.3394715245818,0.05678040304358626,0.0,0.0,0.0
117.60000000000001,True,11.281851838077905,886.379305766854,1326.7457761579617,0.056409259243112686,0.0,0.0,0.0
117.7,True,11.208106598241347,892.2113572304077,1319.1941466130065,0.05604053299028913,0.0,0.0,0.0
117.80000000000001,True,11.134841756102174,898.0819143226483,1311.6843588688362,0.055674208786927255,0.0,0.0,0.0
117.9,True,11.062054199512145,903.9912316141983,1304.216190122482,0.05531027097648702,0.0,0.0,0.0
118.0,True,10.98974083571633,909.9395654081576,1296.7894186145268,0.05494870417856629,0.0,0.0,0.0
118.10000000000001,True,10.917898592060386,915.9271736845136,1289.4038237223317,0.05458949303630839,0.0,0.0,0.0
118.2,True,10.846524416300534,921.9543160730503,1282.0591860067232,0.05423262208288721,0.0,0.0,0.0
118.30000000000001,True,10.775615274403552,928.0212540395764,1274.7552869619403,0.053878076371834616,0.0,0.0,0.0
118.4,True,10.705168152768415,934.1282507004754,1267.4919092877803,0.0535258407638344,0.0,0.0,0.0
118.5,True,10.635180056922918,940.2755709331454,1260.268836745366,0.05317590028472217,0.0,0.0,0.0
118.60000000000001,True,10.565648011621661,946.463481369105,1253.085854178329,0.052828240058047836,0.0,0.0,0.0
118.7,True,10.49656906075358,952.6922504030158,1245.94274751145,0.05248284529560689,0.0,0.0,0.0
118.80000000000001,True,10.427940266970067,958.9621482273402,1238.839303716044,0.05213970137385606,0.0,0.0,0.0
118.9,True,10.359758712503934,965.2734467580103,1231.775310916718,0.05179879354540094,0.0,0.0,0.0
119.0,True,10.292021497264082,971.626419810558,1224.7505581744258,0.0514601074862951,0.0,0.0,0.0
119.10000000000001,True,10.224725740651047,978.0213429336698,1217.76483571154,0.05112362870203599,0.0,0.0,0.0
119.2,True,10.157868580218691,984.4584935341531,1210.817934762068,0.050789342901622424,0.0,0.0,0.0
119.30000000000001,True,10.091447172003022,990.9381508475091,1203.9096476199607,0.050457235860016075,0.0,0.0,0.0
119.4,True,10.025458690295793,997.4605959605185,1197.0397676213177,0.050127293451462905,0.0,0.0,0.0
119.5,False,0.0,,0.0,,,,
119.60000000000001,False,0.0,,0.0,,,,
119.7,False,0.0,,0.0,,,,
119.80000000000001,False,0.0,,0.0,,,,
119.9,False,0.0,,0.0,,,,
120.0,False,0.0,,0.0,,,,
120.10000000000001,False,0.0,,0.0,,,,
120.2,False,0.0,,0.0,,,,
120.30000000000001,False,0.0,,0.0,,,,
120.4,False,0.0,,0.0,,,,
120.5,False,0.0,,0.0,,,,
120.60000000000001,False,0.0,,0.0,,,,
120.7,False,0.0,,0.0,,,,
120.80000000000001,False,0.0,,0.0,,,,
120.9,False,0.0,,0.0,,,,
121.0,False,0.0,,0.0,,,,
121.10000000000001,False,0.0,,0.0,,,,
121.2,False,0.0,,0.0,,,,
121.30000000000001,False,0.0,,0.0,,,,
121.4,False,0.0,,0.0,,,,
121.5,False,0.0,,0.0,,,,
121.60000000000001,False,0.0,,0.0,,,,
121.7,False,0.0,,0.0,,,,
121.80000000000001,False,0.0,,0.0,,,,
121.9,False,0.0,,0.0,,,,
122.0,False,0.0,,0.0,,,,
122.10000000000001,False,0.0,,0.0,,,,
122.2,False,0.0,,0.0,,,,
122.30000000000001,False,0.0,,0.0,,,,
122.4,False,0.0,,0.0,,,,
122.5,False,0.0,,0.0,,,,
122.60000000000001,False,0.0,,0.0,,,,
122.7,False,0.0,,0.0,,,,
122.80000000000001,False,0.0,,0.0,,,,
122.9,False,0.0,,0.0,,,,
123.0,False,0.0,,0.0,,,,
123.10000000000001,False,0.0,,0.0,,,,
123.2,False,0.0,,0.0,,,,
123.30000000000001,False,0.0,,0.0,,,,
123.4,False,0.0,,0.0,,,,
123.5,False,0.0,,0.0,,,,
123.60000000000001,False,0.0,,0.0,,,,
123.7,False,0.0,,0.0,,,,
123.80000000000001,False,0.0,,0.0,,,,
123.9,False,0.0,,0.0,,,,
124.0,False,0.0,,0.0,,,,
124.10000000000001,False,0.0,,0.0,,,,
124.2,False,0.0,,0.0,,,,
124.30000000000001,False,0.0,,0.0,,,,
124.4,False,0.0,,0.0,,,,
124.5,False,0.0,,0.0,,,,
124.60000000000001,False,0.0,,0.0,,,,
124.7,False,0.0,,0.0,,,,
124.80000000000001,False,0.0,,0.0,,,,
124.9,False,0.0,,0.0,,,,
125.0,False,0.0,,0.0,,,,
125.10000000000001,False,0.0,,0.0,,,,
125.2,False,0.0,,0.0,,,,
125.30000000000001,False,0.0,,0.0,,,,
125.4,False,0.0,,0.0,,,,
125.5,False,0.0,,0.0,,,,
125.60000000000001,False,0.0,,0.0,,,,
125.7,False,0.0,,0.0,,,,
125.80000000000001,False,0.0,,0.0,,,,
125.9,False,0.0,,0.0,,,,
126.0,False,0.0,,0.0,,,,
126.10000000000001,False,0.0,,0.0,,,,
126.2,False,0.0,,0.0,,,,
126.30000000000001,False,0.0,,0.0,,,,
126.4,False,0.0,,0.0,,,,
126.5,False,0.0,,0.0,,,,
126.60000000000001,False,0.0,,0.0,,,,
126.7,False,0.0,,0.0,,,,
126.80000000000001,False,0.0,,0.0,,,,
126.9,False,0.0,,0.0,,,,
127.0,False,0.0,,0.0,,,,
127.10000000000001,False,0.0,,0.0,,,,
127.2,False,0.0,,0.0,,,,
127.30000000000001,False,0.0,,0.0,,,,
127.4,False,0.0,,0.0,,,,
127.5,False,0.0,,0.0,,,,
127.60000000000001,False,0.0,,0.0,,,,
127.7,False,0.0,,0.0,,,,
127.80000000000001,False,0.0,,0.0,,,,
127.9,False,0.0,,0.0,,,,
128.0,False,0.0,,0.0,,,,
128.1,False,0.0,,0.0,,,,
128.20000000000002,False,0.0,,0.0,,,,
128.3,False,0.0,,0.0,,,,
128.4,False,0.0,,0.0,,,,
128.5,False,0.0,,0.0,,,,
128.6,False,0.0,,0.0,,,,
128.70000000000002,False,0.0,,0.0,,,,
128.8,False,0.0,,0.0,,,,
128.9,False,0.0,,0.0,,,,
129.0,False,0.0,,0.0,,,,
129.1,False,0.0,,0.0,,,,
129.20000000000002,False,0.0,,0.0,,,,
129.3,False,0.0,,0.0,,,,
129.4,False,0.0,,0.0,,,,
129.5,False,0.0,,0.0,,,,
129.6,False,0.0,,0.0,,,,
129.70000000000002,False,0.0,,0.0,,,,
129.8,False,0.0,,0.0,,,,
129.9,False,0.0,,0.0,,,,
130.0,False,0.0,,0.0,,,,
130.1,False,0.0,,0.0,,,,
130.20000000000002,False,0.0,,0.0,,,,
130.3,False,0.0,,0.0,,,,
130.4,False,0.0,,0.0,,,,
130.5,False,0.0,,0.0,,,,
130.6,False,0.0,,0.0,,,,
130.70000000000002,False,0.0,,0.0,,,,
130.8,False,0.0,,0.0,,,,
130.9,False,0.0,,0.0,,,,
131.0,False,0.0,,0.0,,,,
131.1,False,0.0,,0.0,,,,
131.20000000000002,False,0.0,,0.0,,,,
131.3,False,0.0,,0.0,,,,
131.4,False,0.0,,0.0,,,,
131.5,False,0.0,,0.0,,,,
131.6,False,0.0,,0.0,,,,
131.70000000000002,False,0.0,,0.0,,,,
131.8,False,0.0,,0.0,,,,
131.9,False,0.0,,0.0,,,,
132.0,False,0.0,,0.0,,,,
132.1,False,0.0,,0.0,,,,
132.20000000000002,False,0.0,,0.0,,,,
132.3,False,0.0,,0.0,,,,
132.4,False,0.0,,0.0,,,,
132.5,False,0.0,,0.0,,,,
132.6,False,0.0,,0.0,,,,
132.70000000000002,False,0.0,,0.0,,,,
132.8,False,0.0,,0.0,,,,
132.9,False,0.0,,0.0,,,,
133.0,False,0.0,,0.0,,,,
133.1,False,0.0,,0.0,,,,
133.20000000000002,False,0.0,,0.0,,,,
133.3,False,0.0,,0.0,,,,
133.4,False,0.0,,0.0,,,,
133.5,False,0.0,,0.0,,,,
133.6,False,0.0,,0.0,,,,
133.70000000000002,False,0.0,,0.0,,,,
133.8,False,0.0,,0.0,,,,
133.9,False,0.0,,0.0,,,,
134.0,False,0.0,,0.0,,,,
134.1,False,0.0,,0.0,,,,
134.20000000000002,False,0.0,,0.0,,,,
134.3,False,0.0,,0.0,,,,
134.4,False,0.0,,0.0,,,,
134.5,False,0.0,,0.0,,,,
134.6,False,0.0,,0.0,,,,
134.70000000000002,False,0.0,,0.0,,,,
134.8,False,0.0,,0.0,,,,
134.9,False,0.0,,0.0,,,,
135.0,False,0.0,,0.0,,,,
135.1,False,0.0,,0.0,,,,
135.20000000000002,False,0.0,,0.0,,,,
135.3,False,0.0,,0.0,,,,
135.4,False,0.0,,0.0,,,,
135.5,False,0.0,,0.0,,,,
135.6,False,0.0,,0.0,,,,
135.70000000000002,False,0.0,,0.0,,,,
135.8,False,0.0,,0.0,,,,
135.9,False,0.0,,0.0,,,,
136.0,False,0.0,,0.0,,,,
136.1,False,0.0,,0.0,,,,
136.20000000000002,False,0.0,,0.0,,,,
136.3,False,0.0,,0.0,,,,
136.4,False,0.0,,0.0,,,,
136.5,False,0.0,,0.0,,,,
136.6,False,0.0,,0.0,,,,
136.70000000000002,False,0.0,,0.0,,,,
136.8,False,0.0,,0.0,,,,
136.9,False,0.0,,0.0,,,,
137.0,False,0.0,,0.0,,,,
137.1,False,0.0,,0.0,,,,
137.20000000000002,False,0.0,,0.0,,,,
137.3,False,0.0,,0.0,,,,
137.4,False,0.0,,0.0,,,,
137.5,False,0.0,,0.0,,,,
137.6,False,0.0,,0.0,,,,
137.70000000000002,False,0.0,,0.0,,,,
137.8,False,0.0,,0.0,,,,
137.9,False,0.0,,0.0,,,,
138.0,False,0.0,,0.0,,,,
138.1,False,0.0,,0.0,,,,
138.20000000000002,False,0.0,,0.0,,,,
138.3,False,0.0,,0.0,,,,
138.4,False,0.0,,0.0,,,,
138.5,False,0.0,,0.0,,,,
138.6,False,0.0,,0.0,,,,
138.70000000000002,False,0.0,,0.0,,,,
138.8,False,0.0,,0.0,,,,
138.9,False,0.0,,0.0,,,,
139.0,False,0.0,,0.0,,,,
139.1,False,0.0,,0.0,,,,
139.20000000000002,False,0.0,,0.0,,,,
139.3,False,0.0,,0.0,,,,
139.4,False,0.0,,0.0,,,,
139.5,False,0.0,,0.0,,,,
139.6,False,0.0,,0.0,,,,
139.70000000000002,False,0.0,,0.0,,,,
139.8,False,0.0,,0.0,,,,
139.9,False,0.0,,0.0,,,,
140.0,False,0.0,,0.0,,,,
140.1,False,0.0,,0.0,,,,
140.20000000000002,False,0.0,,0.0,,,,
140.3,False,0.0,,0.0,,,,
140.4,False,0.0,,0.0,,,,
140.5,False,0.0,,0.0,,,,
140.6,False,0.0,,0.0,,,,
140.70000000000002,False,0.0,,0.0,,,,
140.8,False,0.0,,0.0,,,,
140.9,False,0.0,,0.0,,,,
141.0,False,0.0,,0.0,,,,
141.1,False,0.0,,0.0,,,,
141.20000000000002,False,0.0,,0.0,,,,
141.3,False,0.0,,0.0,,,,
141.4,False,0.0,,0.0,,,,
141.5,False,0.0,,0.0,,,,
141.6,False,0.0,,0.0,,,,
141.70000000000002,False,0.0,,0.0,,,,
141.8,False,0.0,,0.0,,,,
141.9,False,0.0,,0.0,,,,
142.0,False,0.0,,0.0,,,,
142.1,False,0.0,,0.0,,,,
142.20000000000002,False,0.0,,0.0,,,,
142.3,False,0.0,,0.0,,,,
142.4,False,0.0,,0.0,,,,
142.5,False,0.0,,0.0,,,,
142.6,False,0.0,,0.0,,,,
142.70000000000002,False,0.0,,0.0,,,,
142.8,False,0.0,,0.0,,,,
142.9,False,0.0,,0.0,,,,
143.0,False,0.0,,0.0,,,,
143.1,False,0.0,,0.0,,,,
143.20000000000002,False,0.0,,0.0,,,,
143.3,False,0.0,,0.0,,,,
143.4,False,0.0,,0.0,,,,
143.5,False,0.0,,0.0,,,,
143.6,False,0.0,,0.0,,,,
143.70000000000002,False,0.0,,0.0,,,,
143.8,False,0.0,,0.0,,,,
143.9,False,0.0,,0.0,,,,
144.0,False,0.0,,0.0,,,,
144.1,False,0.0,,0.0,,,,
144.20000000000002,False,0.0,,0.0,,,,
144.3,False,0.0,,0.0,,,,
144.4,False,0.0,,0.0,,,,
144.5,False,0.0,,0.0,,,,
144.6,False,0.0,,0.0,,,,
144.70000000000002,False,0.0,,0.0,,,,
144.8,False,0.0,,0.0,,,,
144.9,False,0.0,,0.0,,,,
145.0,False,0.0,,0.0,,,,
145.1,False,0.0,,0.0,,,,
145.20000000000002,False,0.0,,0.0,,,,
145.3,False,0.0,,0.0,,,,
145.4,False,0.0,,0.0,,,,
145.5,False,0.0,,0.0,,,,
145.6,False,0.0,,0.0,,,,
145.70000000000002,False,0.0,,0.0,,,,
145.8,False,0.0,,0.0,,,,
145.9,False,0.0,,0.0,,,,
146.0,False,0.0,,0.0,,,,
146.1,False,0.0,,0.0,,,,
146.20000000000002,False,0.0,,0.0,,,,
146.3,False,0.0,,0.0,,,,
146.4,False,0.0,,0.0,,,,
146.5,False,0.0,,0.0,,,,
146.6,False,0.0,,0.0,,,,
146.70000000000002,False,0.0,,0.0,,,,
146.8,False,0.0,,0.0,,,,
146.9,False,0.0,,0.0,,,,
147.0,False,0.0,,0.0,,,,
147.1,False,0.0,,0.0,,,,
147.20000000000002,False,0.0,,0.0,,,,
147.3,False,0.0,,0.0,,,,
147.4,False,0.0,,0.0,,,,
147.5,False,0.0,,0.0,,,,
147.6,False,0.0,,0.0,,,,
147.70000000000002,False,0.0,,0.0,,,,
147.8,False,0.0,,0.0,,,,
147.9,False,0.0,,0.0,,,,
148.0,False,0.0,,0.0,,,,
148.1,False,0.0,,0.0,,,,
148.20000000000002,False,0.0,,0.0,,,,
148.3,False,0.0,,0.0,,,,
148.4,False,0.0,,0.0,,,,
148.5,False,0.0,,0.0,,,,
148.6,False,0.0,,0.0,,,,
148.70000000000002,False,0.0,,0.0,,,,
148.8,False,0.0,,0.0,,,,
148.9,False,0.0,,0.0,,,,
149.0,False,0.0,,0.0,,,,
149.1,False,0.0,,0.0,,,,
149.20000000000002,False,0.0,,0.0,,,,
149.3,False,0.0,,0.0,,,,
149.4,False,0.0,,0.0,,,,
149.5,False,0.0,,0.0,,,,
149.6,False,0.0,,0.0,,,,
149.70000000000002,False,0.0,,0.0,,,,
149.8,False,0.0,,0.0,,,,
149.9,False,0.0,,0.0,,,,
150.0,False,0.0,,0.0,,,,
