price,feasible,subscribers,rate_mbps,revenue,A_group_1,A_group_2,A_group_3,A_group_4
0.0,True,2000.0,5.0,0.0,1.0,0.9999999999957041,0.999999999965679,1.0
0.1,True,1999.99999989995,5.000000000250125,199.999999989995,1.0,0.9999999999934854,0.999999999943554,1.0
0.2,True,1999.99999989995,5.000000000250125,399.99999997999,1.0,0.9999999999901557,0.999999999907676,1.0
0.30000000000000004,True,1999.999999861875,5.000000000345312,599.9999999585626,1.0,0.9999999999851765,0.999999999849822,1.0
0.4,True,1999.9999997769005,5.0000000005577485,799.9999999107603,1.0,0.9999999999777575,0.9999999997570544,1.0
0.5,True,1999.9999996415727,5.000000000896068,999.9999998207863,1.0,0.9999999999667428,0.999999999609138,1.0
0.6000000000000001,True,1999.9999994272382,5.000000001431904,1199.999999656343,1.0,0.9999999999504487,0.9999999993746094,1.0
0.7000000000000001,True,1999.9999990896406,5.000000002275899,1399.9999993627484,1.0,0.9999999999264311,0.9999999990048384,1.0
0.8,True,1999.9999985608256,5.000000003597935,1599.9999988486607,1.0,0.9999999998911561,0.9999999984251048,1.0
0.9,True,1999.9999977370626,5.000000005657343,1799.9999979633565,1.0,0.9999999998395336,0.9999999975212843,1.0
1.0,True,1999.999996460945,5.000000008847637,1999.999996460945,1.0,0.9999999997642589,0.9999999961201039,1.0
1.1,True,1999.9999944950243,5.000000013762439,2199.999993944527,1.0,0.9999999996548896,0.9999999939600518,1.0
1.2000000000000002,True,1999.9999914832274,5.000000021291931,2399.9999897798734,1.0,0.9999999994965536,0.999999990648797,1.0
1.3,True,1999.9999868947662,5.000000032763085,2599.999982963196,1.0,0.9999999992681515,0.9999999856012636,0.9999999999999997
1.4000000000000001,True,1999.9999799426598,5.000000050143351,2799.999971919724,1.0,0.9999999989398614,0.9999999779501612,0.9999999999993503
1.5,True,1999.9999690852217,5.000000077286947,2999.9999536278324,1.0,0.9999999984696939,0.999999966417566,0.9999999994506855
1.6,True,1999.9998313182896,5.0000004217043115,3199.9997301092635,1.0,0.9999999977987554,0.9999999491318569,0.9999998250577885
1.7000000000000002,True,1999.9851196225354,5.0000372012204455,3399.9747033583108,1.0,0.9999999968451614,0.9999999233758449,0.9999788417360613
1.8,True,1999.3175078653842,5.0017068127796875,3598.7715141576914,1.0,0.9999999955203132,0.9999998857071463,0.9990251594641282
1.9000000000000001,True,1988.949563387429,5.027779579774136,3779.004170436115,1.0,0.9999999941806373,0.9999998409931529,0.9842138680820911
2.0,True,1942.1762585996166,5.148863269088863,3884.3525171992333,1.0,0.9999999945574698,0.9999998274060852,0.9173948786042736
2.1,True,1857.941070019637,5.38230203388222,3901.6762470412377,1.0,0.9999999964670024,0.999999857261135,0.7970588559874395
2.2,True,1756.6575946506175,5.692629019139558,3864.646708231359,1.0,0.9999999981549337,0.9999998992402578,0.6523681224334026
2.3000000000000003,True,1651.8777421982381,6.053716776092937,3799.318807055948,1.0,0.9999999991387175,0.9999999342277334,0.5026825736650476
2.4000000000000004,True,1550.915482733005,6.447804610460214,3722.1971585592128,1.0,0.999999999615552,0.9999999582388743,0.3584507434121471
2.5,True,1458.7091291124846,6.8553763052708465,3646.7728227812113,1.0,0.9999999998252947,0.9999999729959057,0.22672736207260502
2.6,True,1380.6200142193736,7.243122580440189,3589.6120369703717,1.0,0.9999999999115469,0.9999999810245432,0.11517147330694816
2.7,True,1325.5660096685535,7.543947209766199,3579.0282261050947,1.0,0.9999999999411372,0.999999983699714,0.03652289192923136
2.8000000000000003,True,1303.0654159199112,7.674211806887995,3648.5831645757517,1.0,0.9999999999376904,0.9999999804272478,0.0043791907826427265
2.9000000000000004,True,1300.1119284514239,7.691645450796761,3770.3245925091296,1.0,0.9999999999116894,0.9999999710773245,0.00015993502899065226
3.0,True,1300.0014549081418,7.692299083393411,3900.0043647244256,1.0,0.9999999998697751,0.9999999561561637,2.1348480564905504e-06
3.1,True,1299.9999479995333,7.692308000002774,4029.9998387985534,1.0,0.9999999998083274,0.9999999338215255,1.0854992764386345e-08
3.2,True,1299.999910544615,7.692308221629533,4159.999713742768,1.0,0.9999999997188704,0.9999999006513718,2.086644656276222e-11
3.3000000000000003,True,1299.999866417794,7.692308482735028,4289.999559178721,1.0,0.9999999995891107,0.9999998516666234,1.5061451355875767e-14
3.4000000000000004,True,1299.9998016399597,7.69230886603592,4419.999325575864,1.0,0.9999999994015667,0.9999997797329403,4.063284712044482e-18
3.5,True,1299.9997070484126,7.6923094257494276,4549.998974669444,1.0,0.9999999991314805,0.9999996746912405,4.083864385522475e-22
3.6,True,1299.9995696958413,7.692310238486988,4679.998450905029,1.0,0.9999999987439208,0.9999995221633968,1.5255504991841985e-26
3.7,True,1299.9993713698593,7.6923114120144644,4809.99767406848,1.0,0.9999999981897916,0.9999993019243344,2.11436325667173e-31
3.8000000000000003,True,1299.99908660879,7.692313096993205,4939.996529113403,1.0,0.9999999974003506,0.9999989856985778,1.0857918929152896e-36
3.9000000000000004,True,1299.9986800348217,7.692315502760463,5069.994852135806,1.0,0.9999999962797157,0.999998534198754,2.0638226710603873e-42
4.0,True,1299.9981027951474,7.692318918388292,5199.992411180589,1.0,0.9999999946946618,0.9999978931735725,1.450762544542023e-48
4.1000000000000005,True,1299.9972878469116,7.6923237405843,5329.988880172338,1.0,0.9999999924607881,0.999996988171949,3.769027034113391e-55
4.2,True,1299.996143755862,7.692330510388028,5459.98380377462,1.0,0.9999999893238409,0.9999957176567711,3.6169069282248817e-62
4.3,True,1299.9945466005215,7.692339961079025,5589.976550382242,1.0,0.9999999849346081,0.9999939440151112,1.2815367854516396e-69
4.4,True,1299.9923294825498,7.692353080252719,5719.96624972322,1.0,0.999999978815312,0.9999914819105415,1.6759369089984802e-77
4.5,True,1299.989269039508,7.6923711896394815,5849.951710677786,1.0,0.9999999703148258,0.9999880833072697,8.087159041613263e-86
4.6000000000000005,True,1299.985068238917,7.692396046938407,5979.931313899018,1.0,0.9999999585492539,0.9999834183656292,1.4396394825814192e-94
4.7,True,1299.9793346039035,7.692429974701824,6109.902872638347,1.0,0.9999999423234577,0.9999770512657911,9.45293050556598e-104
4.800000000000001,True,1299.9715528840056,7.692476022121296,6239.863453843228,1.0,0.9999999200278933,0.9999684098649189,2.2892756440419266e-113
4.9,True,1299.9610510450595,7.692538166401861,6369.809150120792,1.0,0.9999998895036444,0.999956747938145,2.0447649451647673e-123
5.0,True,1299.9469583173209,7.6926215612244775,6499.734791586605,1.0,0.9999998478667175,0.9999410986044194,6.736466505581282e-134
5.1000000000000005,True,1299.9281539222995,7.692732840524145,6629.6335850037285,1.0,0.9999997912804828,0.999920217406892,8.187199190361436e-145
5.2,True,1299.9032050113701,7.692880486368622,6759.496666059124,1.0,0.9999997146625511,0.9998925134209552,3.6717545410672043e-156
5.300000000000001,True,1299.8702923131268,7.693075269998626,6889.312549259573,1.0,0.9999996113093552,0.9998559667236174,6.078947436117678e-168
5.4,True,1299.8271220270512,7.693330774945843,7019.066458946078,1.0,0.9999994724182631,0.9998080306037762,3.717541085315645e-180
5.5,True,1299.770822649711,7.693664010409169,7148.73952457341,1.0,0.9999992864832492,0.9997455170589566,8.404352253799294e-193
5.6000000000000005,True,1299.6978257134413,7.694096121543263,7278.307823995272,1.0,0.9999990385361138,0.9996644644513537,7.031302875705394e-206
5.7,True,1299.6037298983522,7.694653200773857,7407.741260420607,1.0,0.9999987092012181,0.9995599867312316,2.1799754265224687e-219
5.800000000000001,True,1299.4831486914782,7.695367200467013,7537.002262410574,1.0,0.9999982735280754,0.9994261044287368,2.509123867733241e-233
5.9,True,1299.3295427559137,7.696276942021748,7666.044302259891,1.0,0.9999976995634824,0.999255558714686,1.0745390770070835e-247
6.0,True,1299.135039474612,7.697429209548637,7794.810236847672,1.0,0.9999969466240232,0.9990396112775636,1.7170040563895918e-262
6.1000000000000005,True,1298.8902437685092,7.69887990765617,7923.230486987907,1.0,0.9999959632317978,0.998767834580166,1.027254846355646e-277
6.2,True,1298.5840462483266,7.700695252564124,8051.221086739625,1.0,0.9999946846825051,0.9984278992353616,2.3109484533378826e-293
6.300000000000001,True,1298.2034369911812,7.702952954104627,8178.681653044442,1.0,0.9999930302271245,0.9980053677175066,1.96492620901262e-309
6.4,True,1297.7333356235392,7.705743333776015,8305.493347990652,1.0,0.9999908998681026,0.9974835062776873,0.0
6.5,True,1297.156450751173,7.709170311884183,8431.516929882624,1.0,0.9999881707996885,0.9968431295458171,0.0
6.6000000000000005,True,1296.4531838291593,7.713352186358434,8556.591013272453,1.0,0.9999846935609278,0.996062494574415,0.0
6.7,True,1295.601593952888,7.7184221188629,8680.53067948435,1.0,0.9999802880187703,0.9951172626101484,0.0
6.800000000000001,True,1294.5774403579414,7.724528242385462,8803.126594434003,1.0,0.999974739356113,0.9939805472074649,0.0
6.9,True,1293.3543182166613,7.731833310603143,8924.144795694963,1.0,0.9999677943014624,0.9926230659515203,0.0
7.0,True,1291.9039002543116,7.740513824620777,9043.32730178018,1.0,0.9999591578967193,0.9910134096388524,0.0
7.1000000000000005,True,1290.1962915867064,7.750758597904371,9160.393670265616,1.0,0.9999484911482885,0.9891184370633868,0.0
7.2,True,1288.2004980822062,7.762766754777214,9275.043586191885,1.0,0.9999354099334063,0.986903795661694,0.0
7.300000000000001,True,1285.8849999007584,7.776745199432122,9386.960499275538,1.0,0.9999194855271889,0.9843345586614671,0.0
7.4,True,1283.2184124589048,7.792905637036478,9495.816252195897,1.0,0.9999002470674426,0.9813759589385755,0.0
7.5,True,1280.1702080110426,7.811461270870115,9601.27656008282,1.0,0.9998771861795214,0.9779941897501538,0.0
7.6000000000000005,True,1276.711463609781,7.832623333486756,9703.007123434336,1.0,0.9998497638452624,0.9741572342675096,0.0
7.7,True,1272.8155965148194,7.856597630781444,9800.68009316411,1.0,0.9998174194293743,0.9698356806990197,0.0
7.800000000000001,True,1268.4590471485924,7.883581281145263,9893.980567759021,1.0,0.9997795815920097,0.9650034787008415,0.0
7.9,True,1263.621872605849,7.913759817545684,9982.612793586208,1.0,0.9997356806411621,0.9596385960879582,0.0
8.0,True,1258.2882203446231,7.9473047894076085,10066.305762756985,1.0,0.9996851617368202,0.953723542223278,0.0
8.1,True,1252.4466610570628,7.984371958451322,10144.817954562208,1.0,0.9996274982703979,0.9472457349009256,0.0
8.200000000000001,True,1246.0903705931485,8.025100133981393,10217.941038863819,1.0,0.9995622047194652,0.940197699626993,0.0
8.3,True,1239.21716177004,8.069610644930437,10285.502442691333,1.0,0.999488848320736,0.9325771023689258,0.0
8.4,True,1231.8293767289094,8.118007403391156,10347.36676452284,1.0,0.9994070590047752,0.9243866276573819,0.0
8.5,True,1223.9336577057552,8.17037748495686,10403.436090498919,1.0,0.9993165371806871,0.9156337225010263,0.0
8.6,True,1215.5406203889333,8.226792122175503,10453.649335344826,1.0,0.999217059117173,0.9063302317393747,0.0
8.700000000000001,True,1206.6644542105491,8.287308012683958,10497.98075163178,1.0,0.999108479842685,0.8964919536022351,0.0
8.8,True,1197.3224759449927,8.351968831210197,10536.437788315936,1.0,0.9989907336287132,0.8861381435769442,0.0
8.9,True,1187.5346599623872,8.420806850653713,10569.058473665247,1.0,0.9988638322483482,0.8752909927919077,0.0
9.0,True,1177.3231654494705,8.493844590395252,10595.908489045234,1.0,0.9987278612922612,0.863975103545575,0.0
9.1,True,1166.7118772128433,8.5710964251851,10617.078082636874,1.0,0.9985829748784502,0.852216980258091,0.0
9.200000000000001,True,1155.7259725561946,8.652570105249383,10632.678947516992,1.0,0.9984293891162004,0.8400445496820812,0.0
9.3,True,1144.391522925869,8.738268153571228,10642.841163210582,1.0,0.9982673746814064,0.8274867199565608,0.0
9.4,True,1132.735135685625,8.828189119380651,10647.710275444875,1.0,0.9980972488363701,0.8145729843105347,0.0
9.5,True,1120.7836383838164,8.922328679262414,10647.444564646255,1.0,0.9979193671929788,0.8013330722058989,0.0
9.600000000000001,True,1108.5638062023788,9.0206805815329,10642.212539542837,1.0,0.9977341154649024,0.7877966479389743,0.0
9.700000000000001,True,1096.1021303573402,9.123237445711286,10632.190664466201,1.0,0.9975419014284699,0.7739930556756103,0.0
9.8,True,1083.4246260861366,9.229991417238617,10617.561335644139,1.0,0.9973431472315831,0.7599511074247582,0.0
9.9,True,1070.556676215006,9.340934695167546,10598.51109452856,1.0,0.9971382821785066,0.745698910824333,0.0
10.0,True,1057.5229067308687,9.456059945701886,10575.229067308686,1.0,0.9969277360695488,0.7312637327676408,0.0
10.100000000000001,True,1044.3470913891267,9.57536060803177,10547.905623030181,1.0,0.9967119331211534,0.7166718941659171,0.0
10.200000000000001,True,1031.0520806178154,9.69883111433897,10516.731222301718,1.0,0.996491286508678,0.7019486925649279,0.0
10.3,True,1017.6597520479346,9.826467028764808,10481.895446093728,1.0,0.9962661935081369,0.6871183481593883,0.0
10.4,True,1004.1909791235513,9.958265118780401,10443.586182884934,1.0,0.9960370312228553,0.672203969864786,0.0
10.5,True,990.6656149246413,10.094223367953159,10401.988956708734,1.0,0.9958041528599211,0.6572275381695796,0.0
10.600000000000001,True,977.1024885979841,10.23434093832747,10357.286379138633,1.0,0.9955678845138353,0.6422099018835641,0.0
10.700000000000001,True,963.5194121058832,10.378618089430955,10309.657709532952,1.0,0.995328522409028,0.6271707862489694,0.0
10.8,True,949.9331953033756,10.52705605977518,10259.278509276457,1.0,0.9950863305495242,0.6121288102148522,0.0
10.9,True,936.3596676325451,10.679656915684552,10206.320377194741,1.0,0.9948415387225218,0.597101510986509,0.0
11.0,True,922.8137049779737,10.836423371322478,10150.95075475771,1.0,0.9945943408023612,0.5821053742415168,0.0
11.100000000000001,True,909.3092604521963,10.99735858296113,10093.33279101938,1.0,0.9943448933021648,0.5671558686574615,0.0
11.200000000000001,True,895.8593980805229,11.162465919792881,10033.625258501857,1.0,0.9940933141217554,0.5522674836179615,0.0
11.3,True,882.476328508637,11.33174871319183,9971.982512147599,1.0,0.9938396814433577,0.537453769180162,0.0
11.4,True,869.1714461738326,11.505209983623898,9908.554486381692,1.0,0.9935840327185324,0.522727377366806,0.0
11.5,True,855.9553669266497,11.68285215139838,9843.486719656472,1.0,0.9933263637260753,0.5081001046460419,0.0
11.600000000000001,True,842.8379663668381,11.864676722035068,9776.920409855324,1.0,0.9930666276131315,0.4935829342714797,0.0
11.700000000000001,True,829.8284177924763,12.050683955367749,9708.992488171974,1.0,0.9928047339193418,0.47918607889964926,0.0
11.8,True,816.9352299065479,12.240872512186717,9639.835712897266,1.0,0.9925405475156712,0.4649190226763549,0.0
11.9,True,804.1662839082201,12.435239079410726,9569.57877850782,1.0,0.9922738874244614,0.45079056271246637,0.0
12.0,True,791.5288698576264,12.63377797173553,9498.346438291517,1.0,0.9920045254739354,0.43680884969336253,0.0
12.100000000000001,True,779.0297219544374,12.83648071207335,9426.259635648694,1.0,0.9917321847633974,0.4229814277797307,0.0
12.200000000000001,True,766.6750532396358,13.043335579714434,9353.435649523557,1.0,0.9914565378457105,0.4093152729672135,0.0
12.3,True,754.470588780336,13.254327138405522,9279.988241998133,1.0,0.9911772046531662,0.39581683094411174,0.0
12.4,True,742.4215980996013,13.469435729775775,9206.027816435057,1.0,0.9908937500520415,0.38249205343243486,0.0
12.5,True,730.532926399512,13.688636936990331,9131.6615799939,1.0,0.9906056810091609,0.3693464335529748,0.0
12.600000000000001,True,718.8090247151473,13.911901014268487,9056.993711410856,1.0,0.9903124433017776,0.35638504006087746,0.0
12.700000000000001,True,707.253978995642,14.139192280262334,8982.125533244654,1.0,0.9900134177092047,0.34361255050422246,0.0
12.8,True,695.8715381284503,14.370468473096407,8907.155688044164,1.0,0.9897079156172395,0.3310332833567846,0.0
12.9,True,684.6651409879822,14.605680063643735,8832.180318744971,1.0,0.9893951739515426,0.31865122910867805,0.0
13.0,True,673.6379423889157,14.844769527881843,8757.293251055904,1.0,0.9890743493709154,0.30647008057192454,0.0
13.100000000000001,True,662.7928382350775,15.08767057083563,8682.586180879516,1.0,0.9887445115923927,0.2944932621295533,0.0
13.200000000000001,True,652.1324896444186,15.334307305333912,8608.148863306325,1.0,0.9884046357676003,0.2827239583232237,0.0
13.3,True,641.6593462341446,15.584593380723472,8534.069304914123,1.0,0.9880535937676257,0.2711651416451779,0.0
13.4,True,631.3756685431013,15.83843106129666,8460.433958477557,1.0,0.9876901442410951,0.259819599661295,0.0
13.5,True,621.2835496177302,16.09571025364007,8387.327919839357,1.0,0.9873129212849858,0.24868996151346318,0.0
13.600000000000001,True,611.3849357704803,16.356307483104384,8314.835126478532,1.0,0.986920421547806,0.2377787238513389,0.0
13.700000000000001,True,601.6816465055823,16.620084820731226,8243.038557126478,1.0,0.9865109895617419,0.2270882762332188,0.0
13.8,True,592.1753936190512,16.88688876261049,8172.020431942907,1.0,0.9860828010696703,0.21662092598456023,0.0
13.9,True,582.8677992692743,17.156549070881475,8101.862409842914,1.0,0.985633844118848,0.20637892271722585,0.0
14.0,True,573.7604133271009,17.42887757280494,8032.645786579413,1.0,0.9851618975679544,0.1963644820150076,0.0
14.100000000000001,True,564.8547293644133,17.70366694327268,7964.451684038228,1.0,0.9846645067858946,0.18657980889691878,0.0
14.200000000000001,True,556.1521995843038,17.980689472188555,7897.361234097115,1.0,0.9841389561151249,0.17702712040140384,0.0
14.3,True,547.6542482515355,18.259695842635075,7831.455749996958,1.0,0.9835822377665338,0.16770866744244545,0.0
14.4,True,539.3622834251255,18.540413943104728,7766.816881321807,1.0,0.9829910167334933,0.158626755642648,0.0
14.5,True,531.2777066401646,18.822547746715482,7703.526746282388,1.0,0.9823615913098148,0.14978376486460543,0.0
14.600000000000001,True,523.4019201042317,19.105776299041032,7641.668033521784,1.0,0.9816898487906489,0.1411821670511566,0.0
14.700000000000001,True,515.7363308675506,19.389752866893065,7581.324063752994,1.0,0.9809712159511211,0.132824541863637,0.0
14.8,True,508.28235130359224,19.67410431299255,7522.5787992931655,1.0,0.9802006039424829,0.12471358946117672,0.0
14.9,True,501.0413950986708,19.958430776025374,7465.516786970195,1.0,0.9793723473322492,0.11685213959133595,0.0
15.0,True,494.01486779762996,20.242305752013188,7410.223016964449,1.0,0.9784801371591472,0.10924315596199308,0.0
15.100000000000001,True,487.204150793329,20.52527669092454,7356.782676979269,1.0,0.9775169480957305,0.10188973463797896,0.0
15.200000000000001,True,480.61057748402277,20.80686624158295,7305.280777757147,1.0,0.9764749601374253,0.09479509496392369,0.0
15.3,True,474.23540022945014,21.086574294457314,7255.801623510587,1.0,0.9753454756739816,0.08796256121658147,0.0
15.4,True,468.07974647259636,21.36388099540523,7208.428095677984,1.0,0.9741188334694814,0.08139553308694641,0.0
15.5,True,462.14456269345294,21.638250900796905,7163.240721748521,1.0,0.9727843217666813,0.07509744260012932,0.0
15.600000000000001,True,456.43054455557416,21.9091384642914,7120.316495066958,1.0,0.9713300938827636,0.0690716953100234,0.0
15.700000000000001,True,450.93805218173634,22.175995021085104,7079.727419253261,1.0,0.9697430907899746,0.06332159335971237,0.0
15.8,True,445.66700986575535,22.438277410329782,7041.538755878934,1.0,0.9680089766520048,0.05785023837261541,0.0
15.9,True,440.6167903801009,22.6954583173588,7005.806967043604,1.0,0.9661120948394708,0.052660412680229016,0.0
16.0,True,435.7860852401992,22.947038326127686,6972.577363843187,1.0,0.9640354535122532,0.0477544383752758,0.0
16.1,True,431.17276389540757,23.19255954308321,6941.881498716062,1.0,0.9617607512160988,0.043134015169097394,0.0
16.2,True,426.77372682353933,23.431620485238444,6913.734374541337,1.0,0.9592684537915788,0.038800040072470475,0.0
16.3,True,422.58475980619437,23.66389172336976,6888.131584840969,1.0,0.9565379338515863,0.03475241448430777,0.0
16.400000000000002,True,418.6003990392687,23.889131551119004,6865.046544244008,1.0,0.9535476827189362,0.03098984721719387,0.0
16.5,True,414.8138188383284,24.107200738887265,6844.428010832419,1.0,0.9502756016313065,0.02750966501337792,0.0
16.6,True,411.2167550658321,24.3180752651946,6826.198134092813,1.0,0.9466993739731273,0.024307644745741524,0.0
16.7,True,407.79947751262847,24.52185584198137,6810.251274460895,1.0,0.9427969133395327,0.021377883160774568,0.0
16.8,True,404.55082284132465,24.71877310683968,6796.453823734254,1.0,0.93854687386683,0.01871272007550649,0.0
16.900000000000002,True,401.4582960846923,24.90918757322276,6784.6452038313,1.0,0.9339292004628322,0.016302728880139006,0.0
17.0,True,398.50824319060246,25.093583811306758,6774.640134240241,1.0,0.9289256887454631,0.01413678382389841,0.0
17.1,True,395.6860902722871,25.27255884359899,6766.232143656111,1.0,0.9235205192331797,0.01220220713959097,0.0
17.2,True,392.9766380391536,25.446805311117924,6759.1981742734415,1.0,0.9177007290033015,0.01048499137599977,0.0
17.3,True,390.364393575252,25.61709050462427,6753.30400885186,1.0,0.9114565873945335,0.008970084551210122,0.0
17.400000000000002,True,387.83391737386427,25.784232765697478,6748.310162305239,1.0,0.9047818502028062,0.007641719258687271,0.0
17.5,True,385.37016213215287,25.949076972313062,6743.977837312676,1.0,0.897673878056664,0.006483762800137877,0.0
17.6,True,382.95878146748146,26.11247080346463,6740.074553827674,1.0,0.8901336173944521,0.0054800644308849586,0.0
17.7,True,380.5863910044958,26.27524324662957,6736.379120779576,1.0,0.8821654545944966,0.004614777872067772,0.0
17.8,True,378.2407702750817,26.438186430107308,6732.685710896454,1.0,0.873776963513363,0.0038726417465059907,0.0
17.900000000000002,True,375.91100043238544,26.60204141006159,6728.8069077397,1.0,0.8649785728313975,0.0032392065175242185,0.0
18.0,True,373.5875388462352,26.76748809899652,6724.575699232233,1.0,0.8557831818884918,0.002701002742646471,0.0
18.1,True,371.26223645995356,26.93513914949078,6719.84647992516,1.0,0.8462057525520034,0.002245651055001991,0.0
18.2,True,368.9283069767053,27.105537338536113,6714.495186976036,1.0,0.8362629010039893,0.0018619186398857077,0.0
18.3,True,366.5802584973841,27.279155841588672,6708.418730502129,1.0,0.8259725082461314,0.0015397298312855552,0.0
18.400000000000002,True,364.21379840756634,27.456400728699727,6701.533890699222,1.0,0.815353362574734,0.0012701398669057074,0.0
18.5,True,361.82572140140155,27.637615040933525,6693.7758459259285,1.0,0.8044248422184712,0.0010452810641266282,0.0
18.6,True,359.41378931478044,27.823083858482224,6685.096481254916,1.0,0.7932066413921555,0.0008582900405562877,0.0
18.7,True,356.97660924529026,28.013039905168338,6675.462592886927,1.0,0.7817185406479732,0.0007032234684280186,0.0
18.8,True,354.51351533364954,28.20766929178574,6664.854088272612,1.0,0.7699802186209606,0.0005749684549522225,0.0
18.900000000000002,True,352.0244574387709,28.407117143953958,6653.262245592771,1.0,0.7580111020486926,0.0004691522544802233,0.0
19.0,True,349.5098990685919,28.611492912358063,6640.688082303246,1.0,0.7458302491088705,0.00038205471868631673,0.0
19.1,True,346.97072554867015,28.820875260259626,6627.140857979601,1.0,0.7334562616784334,0.0003105257922035649,0.0
19.200000000000003,True,344.40816285189834,29.03531646054562,6612.636726756449,1.0,0.7209072216836958,0.0002519094612874882,0.0
19.3,True,341.82370685170207,29.254846283492075,6597.19754223785,1.0,0.7082006473281203,0.00020397487341981965,0.0
19.400000000000002,True,339.2190624283891,29.47947538210961,6580.84981111075,1.0,0.6953534653788865,0.00016485483623521522,0.0
19.5,True,336.5960916376574,29.70919820056885,6563.6237869343195,1.0,0.6823819962211872,0.00013299154824362333,0.0
19.6,True,333.9567700426581,29.94399544205271,6545.552692836099,1.0,0.6693019489031271,0.00010708918003576367,0.0
19.700000000000003,True,331.3031502806795,30.183836137772957,6526.672060529388,1.0,0.6561284238732664,8.6072784473018e-05,0.0
19.8,True,328.63733195702764,30.428679360467765,6507.019172749147,1.0,0.6428759215409564,6.905294315105232e-05,0.0
19.900000000000002,True,325.9614370126976,30.67847562474225,6486.632596552683,1.0,0.6295583551602053,5.529553406274854e-05,0.0
20.0,True,323.277589784705,30.933168014088928,6465.5517956941,1.0,0.6161890668511637,4.419601608033966e-05,0.0
20.1,True,320.5879010584806,31.192693071020894,6443.816811275461,1.0,0.6027808458329255,3.525765766013674e-05,0.0
20.200000000000003,True,317.89445549376296,31.45698148295071,6421.468000974012,1.0,0.5893459481531079,2.8073181257488684e-05,0.0
20.3,True,315.1993018845936,31.725958592577655,6398.54582825725,1.0,0.5758961173699817,2.230934507195074e-05,0.0
20.400000000000002,True,312.5044457877759,31.99954475780826,6375.090694070629,1.0,0.5624426057781883,1.7694035627265586e-05,0.0
20.5,True,309.811844121138,32.27765558275412,6351.142804483329,1.0,0.5489961958752944,1.4005495499056564e-05,0.0
20.6,True,307.12340139262835,32.560202038189665,6326.742068688144,1.0,0.5355672218490594,1.1063358478833961e-05,0.0
20.700000000000003,True,304.44096727372016,32.84709048703386,6301.928022566009,1.0,0.5221655909287495,8.72120861358921e-06,0.0
20.8,True,301.76633527613444,33.138222627946206,6276.739773743597,1.0,0.5088008044922102,6.86041942290081e-06,0.0
20.900000000000002,True,299.1012423300868,33.43349536797993,6251.215964698815,1.0,0.49548197885682305,5.385065062347785e-06,0.0
21.0,True,296.447369095752,33.732800633390056,6225.394751010792,1.0,0.48221786570948394,4.2177263939758885e-06,0.0
21.1,True,293.8063408680461,34.03602512612614,6199.313792315773,1.0,0.4690168721505605,3.2960421007887386e-06,0.0
21.200000000000003,True,291.17972895883497,34.34305003221475,6173.010253927302,1.0,0.45588708034097236,2.5698784773877216e-06,0.0
21.3,True,288.56905246082414,34.65375068713437,6146.520817415554,1.0,0.44283626675141874,1.9990117103127688e-06,0.0
21.400000000000002,True,285.97578031088204,34.9679962027871,6119.881698652876,1.0,0.4298719210332127,1.55123370146185e-06,0.0
21.5,True,283.4013336112754,35.285649056670984,6093.1286726424205,1.0,0.4170012644242328,1.2008071426856449e-06,0.0
21.6,True,280.8470880853516,35.60656465471675,6066.297102643594,1.0,0.4042312679909169,9.272079641858211e-07,0.0
21.700000000000003,True,278.31437674078575,35.93059085594317,6039.421975275051,1.0,0.39156867023713493,7.141037331089037e-07,0.0
21.8,True,275.8044925874795,36.25756747536738,6012.537938407053,1.0,0.3790199945732081,5.485253924799371e-07,0.0
21.900000000000002,True,273.31869145045806,36.5873257585554,5985.679342765032,1.0,0.36659156636590473,4.201970920804452e-07,0.0
22.0,True,270.8581948295429,36.919687832569444,5958.880286249944,1.0,0.3542895296725944,3.20995031544942e-07,0.0
22.1,True,268.42419278809007,37.25446613485615,5932.174660616791,1.0,0.34211986364861924,2.4451137085593855e-07,0.0
22.200000000000003,True,266.01784685256257,37.591462822200754,5905.59620012689,1.0,0.3300883986255496,1.8570353461858015e-07,0.0
22.3,True,263.6402929198887,37.93046916026094,5879.178532113518,1.0,0.3182008317977133,1.4061277919930453e-07,0.0
22.400000000000002,True,261.2926440844056,38.271264906981806,5852.9552274906855,1.0,0.3064627427973158,1.0613882454299914e-07,0.0
22.5,True,258.9759935518867,38.6136176672162,5826.959854917451,1.0,0.294879608390456,7.985977183547797e-08,0.0
22.6,True,256.6914173638083,38.95728226015059,5801.226032422068,1.0,0.28345681732066297,5.988852675735113e-08,0.0
22.700000000000003,True,254.439977145545,39.30200007163101,5775.787481203872,1.0,0.27219968431407393,4.4758584914686717e-08,0.0
22.8,True,252.22272273655756,39.64749841529874,5750.678078393513,1.0,0.2611134636825171,3.3333384852150636e-08,0.0
22.900000000000002,True,250.04069471884037,39.993489904691536,5725.931909061445,1.0,0.2502033622887171,2.473453514667913e-08,0.0
23.0,True,247.8949268141908,40.339671846110356,5701.583316726388,1.0,0.2394745517877639,1.828512308642851e-08,0.0
23.1,True,245.786448121405,40.68572566320072,5677.666951604456,1.0,0.2289321800140937,1.3465046850785189e-08,0.0
23.200000000000003,True,243.71628515924417,41.03131636634787,5654.217815694466,1.0,0.21858138135430227,9.875910725256084e-09,0.0
23.3,True,241.68546367480437,41.37609208245691,5631.271303622942,1.0,0.20842728591281157,7.213508133016813e-09,0.0
23.400000000000002,True,239.69501016970312,41.71968366350238,5608.863237971053,1.0,0.19847502723960864,5.246310424004645e-09,0.0
23.5,True,237.74595308825874,42.06170439539589,5587.029897574081,1.0,0.18872974834659756,3.798697213471962e-09,0.0
23.6,True,235.83932360258086,42.401749832234366,5565.808037020909,1.0,0.1791966056917102,2.7379204592536146e-09,0.0
23.700000000000003,True,233.97615591929156,42.73939778482996,5545.234895287211,1.0,0.16988077075796437,1.964000824228107e-09,0.0
23.8,True,232.15748702158314,43.074208496538056,5525.348191113679,1.0,0.1607874287988863,1.4019205701686713e-09,0.0
23.900000000000002,True,230.38435574875598,43.40572504369797,5506.186102395269,1.0,0.15192177426326436,9.95609967809942e-10,0.0
24.0,True,228.6578011036472,43.733474002346185,5487.787226487532,1.0,0.14328900235308456,7.033302850987977e-10,0.0
24.1,True,226.97885966705044,44.05696642704412,5470.190517975916,1.0,0.13489429611153186,4.941409762955947e-10,0.0
24.200000000000003,True,225.3485619881541,44.37569919139608,5453.43520011333,1.0,0.12674280838730745,3.452059316557329e-10,0.0
24.3,True,223.76792781228585,44.689156742733864,5437.560645838546,1.0,0.11883963798255587,2.39746970001075e-10,0.0
24.400000000000002,True,222.23796000330861,44.99681332501037,5422.6062240807305,1.0,0.11118979927181266,1.6549493025165298e-10,0.0
24.5,True,220.759637023675,45.29813572273434,5408.611107080037,1.0,0.10379818457754836,1.1352198131075397e-10,0.0
24.6,True,219.33390381130621,45.59258658252414,5395.614033758133,1.0,0.09666951871631951,7.736493032209258e-11,0.0
24.700000000000003,True,217.96166103345817,45.87962833732007,5383.653027526418,1.0,0.08980830493197078,5.2369821505068155e-11,0.0
24.8,True,216.6437524754022,46.15872779961842,5372.765061389975,1.0,0.08321876221859253,3.520415557261183e-11,0.0
24.900000000000002,True,215.38095071134188,46.429361403470686,5362.985672712413,1.0,0.07690475345097916,2.3495552827661974e-11,0.0
25.0,True,214.17394097402908,46.69102111359387,5354.348524350727,1.0,0.07086970480010067,1.556539052723025e-11,0.0
25.1,True,213.02330339707993,46.94322095531393,5346.884915266706,1.0,0.06511651693934913,1.0233455786874378e-11,0.0
25.200000000000003,True,211.9294938529259,47.18550409477108,5340.623245093733,1.0,0.059647469234589086,6.675449357557049e-12,0.0
25.3,True,210.89282374893466,47.41745035338366,5335.588440848047,1.0,0.05446411872523425,4.319627259030696e-12,0.0
25.400000000000002,True,209.9134392871986,47.63868399258723,5331.801357894845,1.0,0.04956719642351852,2.7722746027273252e-12,0.0
25.5,True,208.99130084484665,47.84888155428016,5329.278171543589,1.0,0.0449565042162937,1.7643033020581412e-12,0.0
25.6,True,208.12616327941782,48.04777949312694,5328.029779953096,1.0,0.04063081639207941,1.1132368524599843e-12,0.0
25.700000000000003,True,207.31755809251752,48.23518129389408,5328.061242977701,1.0,0.03658779045945458,6.963350761222699e-13,0.0
25.8,True,206.56477847636896,48.41096373622089,5329.371284690319,1.0,0.03282389237990173,4.31732082216083e-13,0.0
25.900000000000002,True,205.86686830246592,48.57508195688727,5331.951889033868,1.0,0.029334341511135096,2.652990687489822e-13,0.0
26.0,True,205.2226160711241,48.727572971461846,5335.788017849227,1.0,0.026113080354893806,1.615676455426123e-13,0.0
26.1,True,204.63055471184265,48.86855735734008,5340.857477979093,1.0,0.023152773558773976,9.751127368754925e-14,0.0
26.200000000000003,True,204.08896790185187,48.99823887006516,5347.13095902852,1.0,0.020444839508997573,5.832227845016975e-14,0.0
26.3,True,203.59590326015376,49.11690186232309,5354.572255742044,1.0,0.017979516300613407,3.457035504594822e-14,0.0
26.400000000000002,True,203.149192395719,49.22490649394642,5363.138679246982,1.0,0.015745961978504138,2.030888779345037e-14,0.0
26.5,True,202.74647737244143,49.32268185173047,5372.781650369698,1.0,0.013732386862993579,1.1825424897078946e-14,0.0
26.6,True,202.38524274232645,49.41071722670924,5383.447456945884,1.0,0.011926213708375915,6.825622173070946e-15,0.0
26.700000000000003,True,202.06285192359456,49.489551913190205,5395.078146359975,1.0,0.010314259616945577,3.905882136125794e-15,0.0
26.8,True,201.77658644602863,49.55976397526582,5407.612516753567,1.0,0.008882932227102994,2.2162178139462644e-15,0.0
26.900000000000002,True,201.52368638291745,49.62195848779227,5420.98716370048,1.0,0.007618431912695471,1.247079253227256e-15,0.0
27.0,True,201.3013903147129,49.676755755964145,5435.137538497248,1.0,0.0065069515735426365,6.960509124764876e-16,0.0
27.1,True,201.10697322879105,49.72477999866974,5449.998974500238,1.0,0.0055348661431478706,3.854195566490648e-16,0.0
27.200000000000003,True,200.93778100475876,49.766648909908945,5465.507643329439,1.0,0.004688905021345144,2.1176513315856021e-16,0.0
27.3,True,200.7912604310518,49.80296442450903,5481.601409767714,1.0,0.003956302150911682,1.154743381445887e-16,0.0
27.400000000000002,True,200.66498404001078,49.83430491293932,5498.220562696296,1.0,0.003324920194155516,6.250401952691232e-17,0.0
27.5,True,200.5566694090727,49.86121892363068,5515.308408749499,1.0,0.0027833470386032996,3.358926830100798e-17,0.0
27.6,True,200.46419290349107,49.88422049425192,5532.811724136353,1.0,0.002320964510563194,1.7924149155086853e-17,0.0
27.700000000000003,True,200.38559811652115,49.90378597061228,5550.681067827636,1.0,0.0019279905761564325,9.499331983570588e-18,0.0
27.8,True,200.31909947903895,49.920352208084786,5568.870965517283,1.0,0.0015954973895329642,5.0006961607792236e-18,0.0
27.900000000000002,True,200.26308165748327,49.934315986924325,5587.339978243784,1.0,0.0013154082826772478,2.6152430311350314e-18,0.0
28.0,True,200.216095439865,49.94603444858161,5606.05067231622,1.0,0.0010804771954929068,1.3589199298193357e-18,0.0
28.1,True,200.17685083293395,49.95582635249828,5624.969508405445,1.0,0.0008842541616459909,7.01659936833949e-19,0.0
28.200000000000003,True,200.14420807116045,49.96397395843971,5644.066667606725,1.0,0.0007210403534507881,3.6004441617644395e-19,0.0
28.3,True,200.11716718261653,49.97072535448456,5663.315831268048,1.0,0.0005858359112672725,1.8362113845007537e-19,0.0
28.400000000000002,True,200.09485668020977,49.97629707185293,5682.693929717958,1.0,0.00047428339964806647,9.308128280460965e-20,0.0
28.5,True,200.07652185937096,49.98087685185153,5702.180872992072,1.0,0.0003826092957684977,4.690364859098591e-20,0.0
28.6,True,200.06151309351463,49.98462645499289,5721.759274474519,1.0,0.00030756546672346016,2.3495404304776308e-20,0.0
28.700000000000003,True,200.0492744323694,49.98768442612221,5741.414176209002,1.0,0.00024637216117359744,1.1700785083679877e-20,0.0
28.8,True,200.03933272959594,49.99016875105029,5761.132782612363,1.0,0.00019666364743740823,5.7932637278847015e-21,0.0
28.900000000000002,True,200.0312874572394,49.99217935912998,5780.904207514219,1.0,0.00015643728575278308,2.8518408029044674e-21,0.0
29.0,True,200.02480130641496,49.99380044218192,5800.719237886034,1.0,0.00012400653170476335,1.3958404401544708e-21,0.0
29.1,True,200.0195916261761,49.99510257319875,5820.5701163217245,1.0,9.795813056534463e-05,6.7930892839476375e-22,0.0
29.200000000000003,True,200.01542271508677,49.99614461853055,5840.450343280534,1.0,7.711357516101727e-05,3.287232588223304e-22,0.0
29.3,True,200.01209895157658,49.99697544507558,5860.354499281194,1.0,6.0494757643174964e-05,1.581735579375621e-22,0.0
29.400000000000002,True,200.00945872845625,49.997635429715075,5880.278086616614,1.0,4.7293642066537296e-05,7.568066653507567e-23,0.0
29.5,True,200.00736914277306,49.99815778218456,5900.2173897118055,1.0,3.68457136696762e-05,3.6007222480322215e-23,0.0
29.6,True,200.00572138326683,49.9985696950999,5920.169352944698,1.0,2.8606916154693477e-05,1.7035418663500778e-23,0.0
29.700000000000003,True,200.00442675294795,49.998893336257645,5940.131474562555,1.0,2.2133764572240636e-05,8.014538191319398e-24,0.0
29.8,True,200.00341326279138,49.999146698864855,5960.101715231183,1.0,1.7066313798964524e-05,3.749470245074511e-24,0.0
29.900000000000002,True,200.00262273341602,49.99934432524429,5980.07841972914,1.0,1.3113666928930433e-05,1.7443338456333625e-24,0.0
30.0,True,200.0020083441826,49.999497918996106,6000.060250325478,1.0,1.0041720768366582e-05,8.069741545811236e-25,0.0
30.1,True,200.00153257287772,49.99961685971652,6020.046130443619,1.0,7.662864248780174e-06,3.712458072222629e-25,0.0
30.200000000000003,True,200.00116547357814,49.999708633303364,6040.035197302061,1.0,5.827367754732416e-06,1.6983869025082178e-25,0.0
30.3,True,200.00088324510497,49.9997791896989,6060.026762326681,1.0,4.41622539167182e-06,7.726552866851255e-26,0.0
30.400000000000002,True,200.00066704738745,49.99983323870932,6080.020278240579,1.0,3.3352368059949857e-06,3.4955031107421256e-26,0.0
30.5,True,200.0005020278995,49.999874493340165,6100.015311850935,1.0,2.5101393687322888e-06,1.572565937071029e-26,0.0
30.6,True,200.00037652496178,49.999905868936764,6120.0115216638305,1.0,1.882624680926445e-06,7.035316381299572e-27,0.0
30.700000000000003,True,200.0002814190277,49.99992964534207,6140.00863956415,1.0,1.4070950112967926e-06,3.129927016967195e-27,0.0
30.8,True,200.00020960705885,49.999947598290206,6160.006455897413,1.0,1.0480351684500039e-06,1.3847160071579171e-27,0.0
30.900000000000002,True,200.00015557868664,49.999961105358594,6180.004807381418,1.0,7.778933081539678e-07,6.092045989891302e-28,0.0
31.0,True,200.00011507607462,49.99997123099789,6200.003567358313,1.0,5.753802488052916e-07,2.665272184257474e-28,0.0
31.1,True,200.00008482223595,49.99997879445,6220.002637971538,1.0,4.2411105577649233e-07,1.1595669277268098e-28,0.0
31.200000000000003,True,200.0000623050346,49.999984423746206,6240.00194391708,1.0,3.115250490238079e-07,5.0167888640416197e-29,0.0
31.3,True,200.0000456062473,49.99998859844077,6260.001427475541,1.0,2.280311124109206e-07,2.1583975539586355e-29,0.0
31.400000000000002,True,200.000033266901,49.99999168327613,6280.001044580692,1.0,1.6633438126269148e-07,9.234481416814573e-30,0.0
31.5,True,200.00002418166645,49.99999395458412,6300.000761722493,1.0,1.2090820922391787e-07,3.9288809144963954e-30,0.0
31.6,True,200.00001751640878,49.99999562089818,6320.000553518517,1.0,8.758192023594927e-08,1.662265218693058e-30,0.0
31.700000000000003,True,200.0000126441017,49.999996838974766,6340.000400818025,1.0,6.32203856071771e-08,6.993694826853125e-31,0.0
31.8,True,200.00000909523868,49.99999772619043,6360.00028922859,1.0,4.5476070739759353e-08,2.9260904691419476e-31,0.0
31.900000000000002,True,200.00000651962466,49.999998370093884,6380.000207976027,1.0,3.259800140013166e-08,1.2174281365160741e-31,0.0
32.0,True,200.0000046570692,49.999998835732725,6400.000149026215,1.0,2.3285223759536682e-08,5.037014875951654e-32,0.0
32.1,True,200.0000033150009,49.99999917124979,6420.0001064115295,1.0,1.6574881484159827e-08,2.0724174770318636e-32,0.0
32.2,True,200.0000023514446,49.99999941213885,6440.000075716517,1.0,1.1757100113490536e-08,8.479205750468284e-33,0.0
32.300000000000004,True,200.00000166213152,49.99999958446711,6460.000053686849,1.0,8.310535006535966e-09,3.449902479266837e-33,0.0
32.4,True,200.00000117077911,49.999999707305214,6480.000037933243,1.0,5.853774196911866e-09,1.3958282568384589e-33,0.0
32.5,True,200.00000082179446,49.999999794551385,6500.00002670832,1.0,4.108851231835581e-09,5.61604374224891e-34,0.0
32.6,True,200.00000057481742,49.999999856295645,6520.000018739048,1.0,2.873965880998084e-09,2.246995051026711e-34,0.0
32.7,True,200.00000040065908,49.999999899835224,6540.000013101552,1.0,2.0031747066919694e-09,8.940189003726253e-35,0.0
32.800000000000004,True,200.000000278291,49.999999930427244,6560.000009127945,1.0,1.3913339545848353e-09,3.537236109142754e-35,0.0
32.9,True,200.0000001926206,49.99999995184485,6580.000006337217,1.0,9.629829555025488e-10,1.3917267735076062e-35,0.0
33.0,True,200.00000013285805,49.99999996678549,6600.000004384316,1.0,6.641708609463949e-10,5.4452311201876824e-36,0.0
33.1,True,200.00000009131833,49.99999997717041,6620.0000030226365,1.0,4.5647226366640125e-10,2.1186093306564682e-36,0.0
33.2,True,200.00000006254837,49.99999998436291,6640.0000020766065,1.0,3.1262355759298816e-10,8.197048349126746e-37,0.0
33.300000000000004,True,200.00000004269438,49.999999989326405,6660.000001421724,1.0,2.1335416584537077e-10,3.153813409147107e-37,0.0
33.4,True,200.00000002904247,49.99999999273938,6680.000000970018,1.0,1.4509487579683465e-10,1.2066635901840203e-37,0.0
33.5,True,200.00000001968877,49.99999999507781,6700.000000659574,1.0,9.832726560304237e-11,4.5910071711370945e-38,0.0
33.6,True,200.00000001330295,49.99999999667426,6720.000000446979,1.0,6.639971553358271e-11,1.7370052081546345e-38,0.0
33.7,True,200.00000000895892,49.99999999776026,6740.000000301916,1.0,4.468155613388037e-11,6.535299529327509e-39,0.0
33.800000000000004,True,200.00000000601455,49.99999999849636,6760.000000203292,1.0,2.996122962347184e-11,2.4451243107013164e-39,0.0
33.9,True,200.00000000402602,49.99999999899349,6780.0000001364815,1.0,2.001979924966555e-11,9.09719083999991e-40,0.0
34.0,True,200.0000000026875,49.99999999932812,6800.000000091375,1.0,1.332993488827892e-11,3.3657699625763294e-40,0.0
34.1,True,200.00000000179003,49.99999999955249,6820.00000006104,1.0,8.844312045090295e-12,1.2383179512852164e-40,0.0
34.2,True,200.00000000119013,49.99999999970246,6840.000000040703,1.0,5.8474606912358516e-12,4.530544217756976e-41,0.0
34.300000000000004,True,200.00000000079027,49.999999999802434,6860.000000027107,1.0,3.8524526316593125e-12,1.6483100234121923e-41,0.0
34.4,True,200.00000000052492,49.99999999986876,6880.000000018057,1.0,2.5291441019981515e-12,5.963450306461692e-42,0.0
34.5,True,200.00000000034956,49.9999999999126,6900.00000001206,1.0,1.6545338292697165e-12,2.145489276754854e-42,0.0
34.6,True,200.00000000023348,49.99999999994163,6920.000000008079,1.0,1.0785569624330324e-12,7.675823721485009e-43,0.0
34.7,True,200.00000000015692,49.99999999996077,6940.000000005445,1.0,7.006085609929832e-13,2.7308220521759548e-43,0.0
34.800000000000004,True,200.00000000010664,49.99999999997334,6960.000000003712,1.0,4.534947666283418e-13,9.661208192627496e-44,0.0
34.9,True,200.0000000000736,49.9999999999816,6980.000000002568,1.0,2.9250492607234735e-13,3.398904638205331e-44,0.0
35.0,True,200.00000000005167,49.999999999987075,7000.000000001808,1.0,1.879999534487678e-13,1.1890931806163462e-44,0.0
35.1,True,200.00000000003695,49.99999999999076,7020.000000001297,1.0,1.2040528442850402e-13,4.136776322199086e-45,0.0
35.2,True,200.00000000002723,49.999999999993186,7040.000000000959,1.0,7.684156620860048e-14,1.4311241347870692e-45,0.0
35.300000000000004,True,200.00000000002044,49.999999999994884,7060.000000000722,1.0,4.8866286402336995e-14,4.9233596862697816e-46,0.0
35.4,True,200.0000000000157,49.99999999999608,7080.000000000555,1.0,3.0965960337669614e-14,1.6842815655533244e-46,0.0
35.5,True,200.0000000000123,49.999999999996916,7100.000000000437,1.0,1.9553364196212883e-14,5.729761911516184e-47,0.0
35.6,True,200.0000000000099,49.99999999999752,7120.000000000352,1.0,1.23032481104812e-14,1.9383271968014122e-47,0.0
35.7,True,200.00000000000796,49.99999999999801,7140.000000000285,1.0,7.713990089640739e-15,6.520578366349995e-48,0.0
35.800000000000004,True,200.0000000000063,49.99999999999842,7160.0000000002265,1.0,4.8194671563553434e-15,2.1812907087040126e-48,0.0
35.9,True,200.00000000000497,49.99999999999876,7180.000000000178,1.0,3.000400899494873e-15,7.256200401536489e-49,0.0
36.0,True,200.00000000000415,49.99999999999896,7200.000000000149,1.0,1.8613135078374775e-15,2.40034222335211e-49,0.0
36.1,True,200.0000000000032,49.99999999999919,7220.000000000116,1.0,1.1505868988798822e-15,7.895963428749994e-50,0.0
36.2,True,200.00000000000236,49.9999999999994,7240.000000000086,1.0,7.087264702154785e-16,2.582884885908051e-50,0.0
36.300000000000004,True,200.00000000000182,49.99999999999954,7260.000000000067,1.0,4.350076576389622e-16,8.401809427869807e-51,0.0
36.4,True,200.00000000000136,49.99999999999965,7280.000000000049,1.0,2.6605649351147944e-16,2.7177427754406016e-51,0.0
36.5,True,200.00000000000102,49.999999999999744,7300.000000000037,1.0,1.6214711837426995e-16,8.742014404042467e-52,0.0
36.6,True,200.00000000000074,49.999999999999815,7320.000000000027,1.0,9.846972443851807e-17,2.7962901183601758e-52,0.0
36.7,True,200.0000000000005,49.999999999999865,7340.000000000019,1.0,5.958734515645919e-17,8.894476257151503e-53,0.0
36.800000000000004,True,200.00000000000034,49.999999999999915,7360.000000000014,1.0,3.593046952813404e-17,2.813363671679707e-53,0.0
36.9,True,200.00000000000023,49.999999999999936,7380.000000000008,1.0,2.1588825324095647e-17,8.849090068531632e-54,0.0
37.0,True,200.00000000000014,49.999999999999964,7400.0000000000055,1.0,1.292564200527775e-17,2.7678242161267783e-54,0.0
37.1,True,200.00000000000009,49.99999999999997,7420.000000000004,1.0,7.711377382262026e-18,8.608856089213305e-55,0.0
37.2,True,200.00000000000006,49.999999999999986,7440.000000000003,1.0,4.584249557406056e-18,2.6626823015194602e-55,0.0
37.300000000000004,True,200.00000000000003,49.99999999999999,7460.000000000002,1.0,2.715568416057251e-18,8.189551594935433e-56,0.0
37.4,True,200.00000000000003,49.99999999999999,7480.000000000001,1.0,1.6029102126609195e-18,2.504768957059769e-56,0.0
37.5,True,200.0,50.0,7500.0,1.0,9.427864775799411e-19,7.61801648954871e-57,0.0
37.6,True,200.0,50.0,7520.0,1.0,5.525517414150825e-19,2.3040014249809705e-57,0.0
37.7,True,200.0,50.0,7540.000000000001,1.0,3.2269168773127403e-19,6.929311576310573e-58,0.0
37.800000000000004,True,199.99999999604276,50.00000000098931,7559.999999850417,1.0,1.8778356945319468e-19,2.0723536100072577e-58,0.0
37.9,True,200.0000000035223,49.999999999119424,7580.000000133495,1.0,1.0888853514873422e-19,6.163167536051799e-59,0.0
38.0,True,200.00000000195175,49.99999999951206,7600.000000074167,1.0,6.291602114632424e-20,1.822679640142055e-59,0.0
38.1,True,200.0000000010319,49.99999999974202,7620.000000039316,1.0,3.6223853644602117e-20,5.360223336037369e-60,0.0
38.2,True,200.0000000005177,49.999999999870575,7640.000000019777,1.0,2.0781751132520493e-20,1.5675504250215465e-60,0.0
38.300000000000004,True,200.00000000024477,49.99999999993881,7660.000000009375,1.0,1.1880193199300532e-20,4.5585441663058356e-61,0.0
38.400000000000006,True,200.00000000010817,49.99999999997296,7680.000000004155,1.0,6.767348329344283e-21,1.3182468614962576e-61,0.0
38.5,True,200.00000000004425,49.99999999998894,7700.0000000017035,1.0,3.84120085149488e-21,3.7908201387053276e-62,0.0
38.6,True,200.00000000001657,49.99999999999585,7720.00000000064,1.0,2.172544878916098e-21,1.084015242440898e-62,0.0
38.7,True,200.0000000000056,49.9999999999986,7740.000000000217,1.0,1.2244006516476472e-21,3.082501516745642e-63,0.0
38.800000000000004,True,200.00000000000168,49.999999999999574,7760.0000000000655,1.0,6.8759262061827645e-22,8.716393616961985e-64,0.0
38.900000000000006,True,200.00000000000045,49.999999999999886,7780.000000000019,1.0,3.8476142917439863e-22,2.4509582846800414e-64,0.0
39.0,True,200.0000000000001,49.999999999999964,7800.000000000005,1.0,2.1453805020916365e-22,6.853311664572181e-65,0.0
39.1,True,200.00000000000003,49.99999999999999,7820.000000000002,1.0,1.1919812430351908e-22,1.905594321748938e-65,0.0
39.2,True,200.0,50.0,7840.000000000001,1.0,6.59912907338661e-23,5.268970303444176e-66,0.0
39.300000000000004,True,200.00000000452573,49.99999999886857,7860.000000177862,1.0,3.6404557267567644e-23,1.4487261982983353e-66,0.0
39.400000000000006,True,200.0000000011147,49.999999999721325,7880.00000004392,1.0,2.0011361539525305e-23,3.961065924305295e-67,0.0
39.5,True,200.0000000002271,49.99999999994323,7900.00000000897,1.0,1.0960972855204328e-23,1.0769683760224079e-67,0.0
39.6,True,200.00000000003604,49.99999999999098,7920.000000001427,1.0,5.9823659359515205e-24,2.9117822038380727e-68,0.0
39.7,True,200.00000000000398,49.999999999999005,7940.000000000158,1.0,3.2534796043492046e-24,7.828522657426072e-69,0.0
39.800000000000004,True,200.00000000000023,49.999999999999936,7960.00000000001,1.0,1.7630891712076556e-24,2.0929828080911425e-69,0.0
39.900000000000006,True,200.0,50.0,7980.000000000001,1.0,9.520316377148756e-25,5.5643746893433655e-70,0.0
40.0,True,199.99999999648767,50.00000000087808,7999.999999859507,1.0,5.122467810643115e-25,1.4710650072924942e-70,0.0
40.1,True,199.9999999998584,50.00000000003539,8019.999999994322,1.0,2.746361429804351e-25,3.867337652690199e-71,0.0
40.2,True,199.99999999919066,50.00000000020233,8039.999999967466,1.0,1.4671907717793625e-25,1.0110135685545074e-71,0.0
40.300000000000004,True,199.99999999803558,50.0000000004911,8059.999999920835,1.0,7.810265049621031e-26,2.6282488341254896e-72,0.0
40.400000000000006,True,199.99999999665482,50.000000000836295,8079.999999864856,1.0,4.1428107873089496e-26,6.794234287308398e-73,0.0
40.5,True,199.99999999531346,50.000000001171635,8099.999999810195,1.0,2.1896485687855044e-26,1.7465420173770067e-73,0.0
40.6,True,200.0000000042479,49.99999999893802,8120.000000172466,1.0,1.1531972137087126e-26,4.4645940663978994e-74,0.0
40.7,True,200.000000003454,49.9999999991365,8140.000000140579,1.0,6.051770604495167e-27,1.1348782691965058e-74,0.0
40.800000000000004,True,200.00000000300375,49.99999999924906,8160.0000001225535,1.0,3.164542232139623e-27,2.868671943105826e-75,0.0
40.900000000000006,True,200.0000000028693,49.99999999928267,8180.000000117356,1.0,1.648878903161555e-27,7.210688538555958e-76,0.0
41.0,True,200.00000000299514,49.999999999251216,8200.0000001228,1.0,8.560830887882093e-28,1.802340227407416e-76,0.0
41.1,True,200.0000000033152,49.999999999171195,8220.000000136255,1.0,4.428862852850532e-28,4.479823946475378e-77,0.0
41.2,True,200.0000000037646,49.99999999905885,8240.000000155102,1.0,2.283061292837757e-28,1.1072589351192721e-77,0.0
41.300000000000004,True,200.00000000428656,49.99999999892836,8260.000000177037,1.0,1.172713179143574e-28,2.7214569003949523e-78,0.0
41.400000000000006,True,200.00000000483556,49.99999999879111,8280.000000200193,1.0,6.002260063207398e-29,6.651470880671458e-79,0.0
41.5,True,199.99999999532798,50.000000001168,8299.999999806112,1.0,3.0611629871698184e-29,1.6165823792089138e-79,0.0
41.6,True,199.99999999584108,50.00000000103973,8319.999999826989,1.0,1.5556310964946357e-29,3.9069859105740685e-80,0.0
41.7,True,199.99999999631112,50.00000000092221,8339.999999846174,1.0,7.877259889579691e-30,9.38965543765323e-81,0.0
41.800000000000004,True,199.99999999673142,50.000000000817145,8359.999999863374,1.0,3.97458700083987e-30,2.2439915672296852e-81,0.0
41.900000000000006,True,199.9999999971002,50.00000000072495,8379.999999878499,1.0,1.998283022343328e-30,5.332814634257033e-82,0.0
42.0,True,199.9999999974191,50.000000000645215,8399.999999891603,1.0,1.00108286918701e-30,1.2602462318032706e-82,0.0
42.1,True,199.99999999769176,50.00000000057706,8419.999999902824,1.0,4.9972489580697384e-31,2.9615422216173796e-83,0.0
42.2,True,199.99999999792277,50.0000000005193,8439.999999912341,1.0,2.4856487307039164e-31,6.920604033614068e-84,0.0
42.300000000000004,True,199.99999999811715,50.000000000470706,8459.999999920356,1.0,1.2319589117402466e-31,1.608176002617343e-84,0.0
42.400000000000006,True,199.99999999827983,50.00000000043004,8479.999999927066,1.0,6.084155184524916e-32,3.716093281253246e-85,0.0
42.5,True,199.99999999841543,50.000000000396135,8499.999999932656,1.0,2.994000193394318e-32,8.538921934209899e-86,0.0
42.6,True,199.99999999852804,50.00000000036799,8519.999999937294,1.0,1.468083442115868e-32,1.9511148651606637e-86,0.0
42.7,True,199.99999999862132,50.00000000034467,8539.99999994113,1.0,7.172935518022659e-33,4.43328798693633e-87,0.0
42.800000000000004,True,199.99999999869843,50.00000000032539,8559.999999944293,1.0,3.492129005723271e-33,1.001687641370927e-87,0.0
42.900000000000006,True,199.999999998762,50.0000000003095,8579.999999946891,1.0,1.694067438247823e-33,2.250618613784323e-88,0.0
43.0,True,199.99999999881436,50.0000000002964,8599.999999949017,1.0,8.188758698033344e-34,5.0284561942496015e-89,0.0
43.1,True,199.99999999885733,50.00000000028567,8619.99999995075,1.0,3.944139943784016e-34,1.1171990680800076e-89,0.0
43.2,True,199.9999999988926,50.00000000027685,8639.99999995216,1.0,1.8929246358432573e-34,2.46825225785889e-90,0.0
43.300000000000004,True,199.99999999892142,50.000000000269644,8659.9999999533,1.0,9.052342965770393e-35,5.422649844729323e-91,0.0
43.400000000000006,True,199.99999999894496,50.00000000026375,8679.999999954212,1.0,4.3135540998801107e-35,1.1846677822153757e-91,0.0
43.5,True,199.99999999896414,50.00000000025896,8699.99999995494,1.0,2.0481227337132944e-35,2.573620740307173e-92,0.0
43.6,True,199.99999999897972,50.00000000025507,8719.999999955517,1.0,9.689984753806385e-36,5.559752125354304e-93,0.0
43.7,True,199.9999999989923,50.00000000025192,8739.999999955964,1.0,4.568109488287432e-36,1.1943433088947533e-93,0.0
43.800000000000004,True,199.9999999990025,50.000000000249365,8759.999999956312,1.0,2.145833990579567e-36,2.5513248558264517e-94,0.0
43.900000000000006,True,199.99999999901073,50.00000000024731,8779.999999956572,1.0,1.0043887793295826e-36,5.419573694989935e-95,0.0
44.0,True,199.9999999990173,50.00000000024567,8799.99999995676,1.0,4.6843961200612285e-37,1.1447937199122799e-95,0.0
44.1,True,199.99999999902258,50.000000000244356,8819.999999956895,1.0,2.1769643381304013e-37,2.404651013655731e-96,0.0
44.2,True,199.99999999902678,50.0000000002433,8839.999999956985,1.0,1.0080797092106911e-37,5.022726612331055e-97,0.0
44.300000000000004,True,199.99999999903014,50.000000000242466,8859.999999957035,1.0,4.6514055211879446e-38,1.0432530196525851e-97,0.0
44.400000000000006,True,199.99999999903278,50.0000000002418,8879.999999957057,1.0,2.138549090156273e-38,2.1547770841845414e-98,0.0
44.5,True,199.99999999903488,50.00000000024127,8899.999999957052,1.0,9.797152107246932e-39,4.425655399284741e-99,0.0
44.6,True,199.99999999903653,50.00000000024087,8919.99999995703,1.0,4.4722492909442074e-39,9.038895221859208e-100,0.0
44.7,True,199.99999999903784,50.00000000024054,8939.999999956992,1.0,2.0342185168955313e-39,1.8357586454790956e-100,0.0
44.800000000000004,True,199.99999999903883,50.00000000024029,8959.99999995694,1.0,9.21965287859446e-40,3.707475140417574e-101,0.0
44.900000000000006,True,199.99999999903963,50.00000000024009,8979.99999995688,1.0,4.163675036592497e-40,7.4456619003576e-102,0.0
45.0,True,199.99999999904026,50.000000000239936,8999.999999956812,1.0,1.8736320043773707e-40,1.4869307300378397e-102,0.0
45.1,True,199.9999999990407,50.000000000239815,9019.999999956737,1.0,8.401114481586259e-41,2.9528438936613843e-103,0.0
45.2,True,199.99999999904108,50.00000000023973,9039.999999956657,1.0,3.753484025814181e-41,5.831127377950785e-104,0.0
45.300000000000004,True,199.99999999904136,50.00000000023966,9059.999999956575,1.0,1.6710029997845934e-41,1.1450562536095404e-104,0.0
45.400000000000006,True,199.9999999990416,50.000000000239595,9079.99999995649,1.0,7.412501646216269e-42,2.2359564281958023e-105,0.0
45.5,True,199.99999999904173,50.00000000023956,9099.999999956399,1.0,3.276402282562074e-42,4.341722213777597e-106,0.0
45.6,True,199.99999999904188,50.000000000239524,9119.99999995631,1.0,1.443026841764402e-42,8.383451967394326e-107,0.0
45.7,True,199.99999999904196,50.00000000023951,9139.999999956219,1.0,6.332807716073796e-43,1.6097033307118555e-107,0.0
45.800000000000004,True,199.99999999904202,50.00000000023949,9159.999999956126,1.0,2.7692542260894614e-43,3.0734835044656615e-108,0.0
45.900000000000006,True,199.99999999904207,50.00000000023948,9179.999999956033,1.0,1.2066294406553829e-43,5.835498727627779e-109,0.0
46.0,True,199.99999999904213,50.00000000023946,9199.999999955939,1.0,5.238772091013475e-44,1.101760215385532e-109,0.0
46.1,True,199.99999999904216,50.00000000023945,9219.999999955844,1.0,2.266363272073009e-44,2.068512622906075e-110,0.0
46.2,True,199.9999999990422,50.00000000023945,9239.99999995575,1.0,9.769535304766341e-45,3.8618127754309796e-111,0.0
46.300000000000004,True,199.9999999990422,50.00000000023945,9259.999999955655,1.0,4.1962619355263985e-45,7.169455477553205e-112,0.0
46.400000000000006,True,199.99999999904222,50.000000000239446,9279.99999995556,1.0,1.7959552366287182e-45,1.3235581153863352e-112,0.0
46.5,True,199.99999999904222,50.000000000239446,9299.999999955464,1.0,7.659009323933466e-46,2.4297506827843592e-113,0.0
46.6,True,199.99999999904222,50.000000000239446,9319.999999955367,1.0,3.2545713565635843e-46,4.435496426397904e-114,0.0
46.7,True,199.99999999904222,50.000000000239446,9339.999999955273,1.0,1.3780311823054153e-46,8.051643673541507e-115,0.0
46.800000000000004,True,199.99999999904222,50.000000000239446,9359.999999955176,1.0,5.813909647751558e-47,1.4534115993578834e-115,0.0
46.900000000000006,True,199.99999999904225,50.00000000023944,9379.999999955082,1.0,2.444113879555483e-47,2.6088819519771853e-116,0.0
47.0,True,199.99999999904225,50.00000000023944,9399.999999954985,1.0,1.0238078670707454e-47,4.6567394180569344e-117,0.0
47.1,True,199.99999999904225,50.00000000023944,9419.99999995489,1.0,4.273259773265481e-48,8.265537795862827e-118,0.0
47.2,True,199.99999999904225,50.00000000023944,9439.999999954794,1.0,1.777230981638272e-48,1.4588879537496236e-118,0.0
47.300000000000004,True,199.99999999904225,50.00000000023944,9459.9999999547,1.0,7.364989763639759e-49,2.560556561516412e-119,0.0
47.400000000000006,True,199.99999999904225,50.00000000023944,9479.999999954603,1.0,3.0411935020357795e-49,4.468979817969698e-120,0.0
47.5,True,199.99999999904225,50.00000000023944,9499.999999954507,1.0,1.2512945072781509e-49,7.756110162900292e-121,0.0
47.6,True,199.99999999904225,50.00000000023944,9519.99999995441,1.0,5.130013935576905e-50,1.3385699522103432e-121,0.0
47.7,True,199.99999999904225,50.00000000023944,9539.999999954316,1.0,2.0956609406768868e-50,2.297204584174906e-122,0.0
47.800000000000004,True,199.99999999904225,50.00000000023944,9559.99999995422,1.0,8.530351093599574e-51,3.920304023367173e-123,0.0
47.900000000000006,True,199.99999999904225,50.00000000023944,9579.999999954125,1.0,3.459841097233728e-51,6.652750961491555e-124,0.0
48.0,True,199.99999999904225,50.00000000023944,9599.999999954027,1.0,1.3982624865516627e-51,1.122649536450092e-124,0.0
48.1,True,199.99999999904225,50.00000000023944,9619.999999953932,1.0,5.630727544128954e-52,1.8838595719569338e-125,0.0
48.2,True,199.99999999904225,50.00000000023944,9639.999999953838,1.0,2.259350048888239e-52,3.143505423872325e-126,0.0
48.300000000000004,True,199.99999999904225,50.00000000023944,9659.999999953741,1.0,9.033284391371546e-53,5.21604390648174e-127,0.0
48.400000000000006,True,199.99999999904225,50.00000000023944,9679.999999953647,1.0,3.598743916511515e-53,8.606559453264546e-128,0.0
48.5,True,199.99999999904225,50.00000000023944,9699.999999953548,1.0,1.428562529093156e-53,1.412144673185782e-128,0.0
48.6,True,199.99999999904225,50.00000000023944,9719.999999953454,1.0,5.650547966146376e-54,2.304040292288813e-129,0.0
48.7,True,199.99999999904225,50.00000000023944,9739.999999953357,1.0,2.227023649744646e-54,3.738196960427747e-130,0.0
48.800000000000004,True,199.99999999904225,50.00000000023944,9759.999999953263,1.0,8.745849415236062e-55,6.031085676899611e-131,0.0
48.900000000000006,True,199.99999999904225,50.00000000023944,9779.999999953166,1.0,3.422331048247679e-55,9.67586941739052e-132,0.0
49.0,True,199.99999999904225,50.00000000023944,9799.99999995307,1.0,1.3343963559690228e-55,1.5436386957522573e-132,0.0
49.1,True,199.99999999904225,50.00000000023944,9819.999999952974,1.0,5.184303744354601e-56,2.4488514897127864e-133,0.0
49.2,True,199.99999999904225,50.00000000023944,9839.999999952879,1.0,2.0069601297597964e-56,3.8631391185569546e-134,0.0
49.300000000000004,True,199.99999999904225,50.00000000023944,9859.999999952783,1.0,7.741582038546296e-57,6.06009360750044e-135,0.0
49.400000000000006,True,199.99999999904225,50.00000000023944,9879.999999952688,1.0,2.97552305712313e-57,9.45321156203577e-136,0.0
49.5,True,199.99999999904225,50.00000000023944,9899.999999952592,1.0,1.1395660405252457e-57,1.4663595066091174e-136,0.0
49.6,True,199.99999999904225,50.00000000023944,9919.999999952495,1.0,4.348687621926176e-58,2.2618435090464963e-137,0.0
49.7,True,199.99999999904225,50.00000000023944,9939.9999999524,1.0,1.65355793965374e-58,3.469330216222857e-138,0.0
49.800000000000004,True,199.99999999904225,50.00000000023944,9959.999999952304,1.0,6.265028765781825e-59,5.291632681729421e-139,0.0
49.900000000000006,True,199.99999999904225,50.00000000023944,9979.99999995221,1.0,2.365206842618405e-59,8.025917389881431e-140,0.0
50.0,True,199.99999999904225,50.00000000023944,9999.999999952111,1.0,8.897285909719387e-60,1.2104883151939248e-140,0.0
50.1,True,199.99999999904225,50.00000000023944,10019.999999952017,1.0,3.33494201385121e-60,1.8154630594638154e-141,0.0
50.2,True,199.99999999904225,50.00000000023944,10039.99999995192,1.0,1.245550402816489e-60,2.7075414097539513e-142,0.0
50.300000000000004,True,199.99999999904225,50.00000000023944,10059.999999951826,1.0,4.6352863036516546e-61,4.015352274540386e-143,0.0
50.400000000000006,True,199.99999999904225,50.00000000023944,10079.99999995173,1.0,1.7188343286405213e-61,5.921517678336086e-144,0.0
50.5,True,199.99999999904225,50.00000000023944,10099.999999951633,1.0,6.350875965060124e-62,8.683668143307801e-145,0.0
50.6,True,199.99999999904225,50.00000000023944,10119.999999951538,1.0,2.3381661041484537e-62,1.26629296681682e-145,0.0
50.7,True,199.99999999904225,50.00000000023944,10139.999999951442,1.0,8.577469212399981e-63,1.836225181857369e-146,0.0
50.800000000000004,True,199.99999999904225,50.00000000023944,10159.999999951347,1.0,3.1353426815400243e-63,2.647758857462353e-147,0.0
50.900000000000006,True,199.99999999904225,50.00000000023944,10179.999999951251,1.0,1.1419651798332622e-63,3.796572043477795e-148,0.0
51.0,True,199.99999999904225,50.00000000023944,10199.999999951155,1.0,4.14440960555139e-64,5.413343250735869e-149,0.0
51.1,True,199.99999999904225,50.00000000023944,10219.999999951058,1.0,1.4986989605640649e-64,7.675385018029189e-150,0.0
51.2,True,199.99999999904225,50.00000000023944,10239.999999950964,1.0,5.400177412799861e-65,1.0821698691928779e-150,0.0
51.300000000000004,True,199.99999999904225,50.00000000023944,10259.999999950867,1.0,1.9388468273517356e-65,1.517229745312694e-151,0.0
51.400000000000006,True,199.99999999904225,50.00000000023944,10279.999999950773,1.0,6.936186892863023e-66,2.1152800926607578e-152,0.0
51.5,True,199.99999999904225,50.00000000023944,10299.999999950676,1.0,2.4725202112846283e-66,2.9325472540873563e-153,0.0
51.6,True,199.99999999904225,50.00000000023944,10319.99999995058,1.0,8.782146064848893e-67,4.042804485683972e-154,0.0
51.7,True,199.99999999904225,50.00000000023944,10339.999999950485,1.0,3.1081585755701293e-67,5.542185049983224e-155,0.0
51.800000000000004,True,199.99999999904225,50.00000000023944,10359.999999950389,1.0,1.0960928663303517e-67,7.555093618998711e-156,0.0
51.900000000000006,True,199.99999999904225,50.00000000023944,10379.999999950294,1.0,3.851528988741915e-68,1.0241397032053124e-156,0.0
52.0,True,199.99999999904225,50.00000000023944,10399.999999950196,1.0,1.348529938839854e-68,1.3805084247325024e-157,0.0
52.1,True,199.99999999904225,50.00000000023944,10419.999999950101,1.0,4.70467451060118e-69,1.8504587421405676e-158,0.0
52.2,True,199.99999999904225,50.00000000023944,10439.999999950005,1.0,1.6354606772813815e-69,2.466494887763165e-159,0.0
52.300000000000004,True,199.99999999904225,50.00000000023944,10459.99999994991,1.0,5.664898480956886e-70,3.269199938712973e-160,0.0
52.400000000000006,True,199.99999999904225,50.00000000023944,10479.999999949814,1.0,1.9551749490557364e-70,4.308867855823138e-161,0.0
52.5,True,199.99999999904225,50.00000000023944,10499.999999949718,1.0,6.723889257327686e-71,5.647357499025839e-162,0.0
52.6,True,199.99999999904225,50.00000000023944,10519.999999949623,1.0,2.304076436720334e-71,7.360168908208173e-163,0.0
52.7,True,199.99999999904225,50.00000000023944,10539.999999949527,1.0,7.867098425283571e-72,9.53873222406754e-164,0.0
52.800000000000004,True,199.99999999904225,50.00000000023944,10559.999999949432,1.0,2.6765392942656046e-72,1.2292887063241647e-164,0.0
52.900000000000006,True,199.99999999904225,50.00000000023944,10579.999999949336,1.0,9.073481769919059e-73,1.5753514851558283e-165,0.0
53.0,True,199.99999999904225,50.00000000023944,10599.99999994924,1.0,3.06489495710626e-73,2.0075268598126574e-166,0.0
53.1,True,199.99999999904225,50.00000000023944,10619.999999949143,1.0,1.0315694298466978e-73,2.543932408424353e-167,0.0
53.2,True,199.99999999904225,50.00000000023944,10639.999999949048,1.0,3.4595733842545155e-74,3.2056053892454726e-168,0.0
53.300000000000004,True,199.99999999904225,50.00000000023944,10659.999999948952,1.0,1.156079807131628e-74,4.016750181694154e-169,0.0
53.400000000000006,True,199.99999999904225,50.00000000023944,10679.999999948857,1.0,3.8494106051961086e-75,5.004951096358251e-170,0.0
53.5,True,199.99999999904225,50.00000000023944,10699.99999994876,1.0,1.2771496428599326e-75,6.201333554405777e-171,0.0
53.6,True,199.99999999904225,50.00000000023944,10719.999999948664,1.0,4.222118610068286e-76,7.640654555232045e-172,0.0
53.7,True,199.99999999904225,50.00000000023944,10739.99999994857,1.0,1.3907854522964782e-76,9.36130169904352e-173,0.0
53.800000000000004,True,199.99999999904225,50.00000000023944,10759.999999948473,1.0,4.564895988471465e-77,1.140517900788415e-173,0.0
53.900000000000006,True,199.99999999904225,50.00000000023944,10779.999999948379,1.0,1.492940992268957e-77,1.3817457603244588e-174,0.0
54.0,True,199.99999999904225,50.00000000023944,10799.99999994828,1.0,4.865140421539599e-78,1.6646170157965912e-175,0.0
54.1,True,199.99999999904225,50.00000000023944,10819.999999948186,1.0,1.5797525655478186e-78,1.9941630134377225e-176,0.0
54.2,True,199.99999999904225,50.00000000023944,10839.99999994809,1.0,5.1112095177147386e-79,2.3755660306187438e-177,0.0
54.300000000000004,True,199.99999999904225,50.00000000023944,10859.999999947995,1.0,1.647779880234832e-79,2.814062004315094e-178,0.0
54.400000000000006,True,199.99999999904225,50.00000000023944,10879.999999947899,1.0,5.2931667744676994e-80,3.314822735048438e-179,0.0
54.5,True,199.99999999904225,50.00000000023944,10899.999999947802,1.0,1.6942316981854666e-80,3.882817964810969e-180,0.0
54.6,True,199.99999999904225,50.00000000023944,10919.999999947708,1.0,5.403446358414419e-81,4.5226586596250065e-181,0.0
54.7,True,199.99999999904225,50.00000000023944,10939.999999947611,1.0,1.7171557003545253e-81,5.2384238663329546e-182,0.0
54.800000000000004,True,199.99999999904225,50.00000000023944,10959.999999947517,1.0,5.437374811274476e-82,6.033474621466319e-183,0.0
54.900000000000006,True,199.99999999904225,50.00000000023944,10979.99999994742,1.0,1.715574584404682e-82,6.910259519547324e-184,0.0
55.0,True,199.99999999904225,50.00000000023944,10999.999999947324,1.0,5.393499567777224e-83,7.870117641154357e-185,0.0
55.1,True,199.99999999904225,50.00000000023944,11019.999999947227,1.0,1.6895551759500163e-83,8.913085532608283e-186,0.0
55.2,True,199.99999999904225,50.00000000023944,11039.999999947133,1.0,5.273692108747998e-84,1.0037715750209779e-186,0.0
55.300000000000004,True,199.99999999904225,50.00000000023944,11059.999999947036,1.0,1.6402037436243596e-84,1.1240915062973591e-187,0.0
55.400000000000006,True,199.99999999904225,50.00000000023944,11079.999999946942,1.0,5.0830155425976325e-85,1.2517810684109312e-188,0.0
55.5,True,199.99999999904225,50.00000000023944,11099.999999946845,1.0,1.569587975623104e-85,1.3861652816593237e-189,0.0
55.6,True,199.99999999904225,50.00000000023944,11119.999999946749,1.0,4.829369670739873e-86,1.5263761310551155e-190,0.0
55.7,True,199.99999999904225,50.00000000023944,11139.999999946654,1.0,1.4805932856076201e-86,1.671352331617164e-191,0.0
55.800000000000004,True,199.99999999904225,50.00000000023944,11159.999999946558,1.0,4.522948207573669e-87,1.819844747425219e-192,0.0
55.900000000000006,True,199.99999999904225,50.00000000023944,11179.999999946464,1.0,1.376727361769265e-87,1.9704278441485962e-193,0.0
56.0,True,199.99999999904225,50.00000000023944,11199.999999946365,1.0,4.175560106908949e-88,2.1215173448668122e-194,0.0
56.1,True,199.99999999904225,50.00000000023944,11219.99999994627,1.0,1.2618913947816298e-88,2.271394021363274e-195,0.0
56.2,True,199.99999999904225,50.00000000023944,11239.999999946174,1.0,3.799877866294519e-89,2.4182332974987037e-196,0.0
56.300000000000004,True,199.99999999904225,50.00000000023944,11259.99999994608,1.0,1.1401387185934275e-89,2.5601400797026045e-197,0.0
56.400000000000006,True,199.99999999904225,50.00000000023944,11279.999999945983,1.0,3.4086791584786795e-90,2.6951879750663765e-198,0.0
56.5,True,199.99999999904225,50.00000000023944,11299.999999945887,1.0,1.0154414987787073e-90,2.8214618238553464e-199,0.0
56.6,True,199.99999999904225,50.00000000023944,11319.99999994579,1.0,3.0141441645761984e-91,2.9371022738672774e-200,0.0
56.7,True,199.99999999904225,50.00000000023944,11339.999999945696,1.0,8.914837688648896e-92,3.0403509714618992e-201,0.0
56.800000000000004,True,199.99999999904225,50.00000000023944,11359.9999999456,1.0,2.627260557645658e-92,3.1295948486209773e-202,0.0
56.900000000000006,True,199.99999999904225,50.00000000023944,11379.999999945505,1.0,7.714949989976008e-93,3.20340795490507e-203,0.0
57.0,True,199.99999999904225,50.00000000023944,11399.999999945408,1.0,2.2573730026850272e-93,3.2605893219986335e-204,0.0
57.1,True,199.99999999904225,50.00000000023944,11419.999999945312,1.0,6.581331386100421e-94,3.3001954573211302e-205,0.0
57.2,True,199.99999999904225,50.00000000023944,11439.999999945217,1.0,1.9118965574106236e-94,3.321566238695388e-206,0.0
57.300000000000004,True,199.99999999904225,50.00000000023944,11459.999999945121,1.0,5.5342044843584996e-95,3.32434321705577e-207,0.0
57.400000000000006,True,199.99999999904225,50.00000000023944,11479.999999945027,1.0,1.5961958248174818e-95,3.308479618097969e-208,0.0
57.5,True,199.99999999904225,50.00000000023944,11499.999999944928,1.0,4.587301406858499e-96,3.274241652891861e-209,0.0
57.6,True,199.99999999904225,50.00000000023944,11519.999999944834,1.0,1.3136162089653418e-96,3.2222010861379535e-210,0.0
57.7,True,199.99999999904225,50.00000000023944,11539.999999944737,1.0,3.7481746361944623e-97,3.1532193519990333e-211,0.0
57.800000000000004,True,199.99999999904225,50.00000000023944,11559.999999944643,1.0,1.0656417144277759e-97,3.0684238341239054e-212,0.0
57.900000000000006,True,199.99999999904225,50.00000000023944,11579.999999944546,1.0,3.018857851574465e-98,2.9691772225197322e-213,0.0
58.0,True,199.99999999904225,50.00000000023944,11599.99999994445,1.0,8.521462788272962e-99,2.857041110837686e-214,0.0
58.1,True,199.99999999904225,50.00000000023944,11619.999999944355,1.0,2.396766117884263e-99,2.733735191900587e-215,0.0
58.2,True,199.99999999904225,50.00000000023944,11639.999999944259,1.0,6.717028002020301e-100,2.601093538622543e-216,0.0
58.300000000000004,True,199.99999999904225,50.00000000023944,11659.999999944164,1.0,1.8757227207379135e-100,2.461019517347157e-217,0.0
58.400000000000006,True,199.99999999904225,50.00000000023944,11679.999999944068,1.0,5.219153599661433e-101,2.315440870610562e-218,0.0
58.5,True,199.99999999904225,50.00000000023944,11699.999999943971,1.0,1.447009750462333e-101,2.1662664296338693e-219,0.0
58.6,True,199.99999999904225,50.00000000023944,11719.999999943875,1.0,3.997447400988157e-102,2.0153457803696065e-220,0.0
58.7,True,199.99999999904225,50.00000000023944,11739.99999994378,1.0,1.1003578873461527e-102,1.8644330202573113e-221,0.0
58.800000000000004,True,199.99999999904225,50.00000000023944,11759.999999943684,1.0,3.0180403904835914e-103,1.7151555180478932e-222,0.0
58.900000000000006,True,199.99999999904225,50.00000000023944,11779.99999994359,1.0,8.24813954871996e-104,1.56898833923176e-223,0.0
59.0,True,199.99999999904225,50.00000000023944,11799.999999943493,1.0,2.2460881671640205e-104,1.4272347386816108e-224,0.0
59.1,True,199.99999999904225,50.00000000023944,11819.999999943397,1.0,6.094490845664035e-105,1.2910128633755634e-225,0.0
59.2,True,199.99999999904225,50.00000000023944,11839.999999943302,1.0,1.6477369076802092e-105,1.1612485638766964e-226,0.0
59.300000000000004,True,199.99999999904225,50.00000000023944,11859.999999943206,1.0,4.4389280303695435e-106,1.0386739940870577e-227,0.0
59.400000000000006,True,199.99999999904225,50.00000000023944,11879.999999943111,1.0,1.1915385944416354e-106,9.238314930182729e-229,0.0
59.5,True,199.99999999904225,50.00000000023944,11899.999999943013,1.0,3.1869693191256447e-107,8.170820956970419e-230,0.0
59.6,True,199.99999999904225,50.00000000023944,11919.999999942918,1.0,8.493513714273589e-108,7.186179160008093e-231,0.0
59.7,True,199.99999999904225,50.00000000023944,11939.999999942822,1.0,2.2554677731226662e-108,6.284775828557228e-232,0.0
59.800000000000004,True,199.99999999904225,50.00000000023944,11959.999999942727,1.0,5.967955371020318e-109,5.465638910538554e-233,0.0
59.900000000000006,True,199.99999999904225,50.00000000023944,11979.99999994263,1.0,1.5734545309632026e-109,4.726628453307322e-234,0.0
60.0,True,199.99999999904225,50.00000000023944,11999.999999942534,1.0,4.1335433929332475e-110,4.064633260097547e-235,0.0
60.1,True,199.99999999904225,50.00000000023944,12019.99999994244,1.0,1.0820079738774738e-110,3.4757668020528207e-236,0.0
60.2,True,199.99999999904225,50.00000000023944,12039.999999942343,1.0,2.8221367974633994e-111,2.955556374107927e-237,0.0
60.300000000000004,True,199.99999999904225,50.00000000023944,12059.999999942249,1.0,7.334411713316634e-112,2.4991205531423045e-238,0.0
60.400000000000006,True,199.99999999904225,50.00000000023944,12079.999999942152,1.0,1.8992936497195873e-112,2.1013311423614507e-239,0.0
60.5,True,199.99999999904225,50.00000000023944,12099.999999942056,1.0,4.9007047464424775e-113,1.7569569064148003e-240,0.0
60.6,True,199.99999999904225,50.00000000023944,12119.99999994196,1.0,1.2599825646931927e-113,1.4607874662583815e-241,0.0
60.7,True,199.99999999904225,50.00000000023944,12139.999999941865,1.0,3.227825824919934e-114,1.2077366904494007e-242,0.0
60.800000000000004,True,199.99999999904225,50.00000000023944,12159.999999941769,1.0,8.23939249947992e-115,9.929257608880247e-244,0.0
60.900000000000006,True,199.99999999904225,50.00000000023944,12179.999999941674,1.0,2.09565515247705e-115,8.11746787725992e-245,0.0
61.0,True,199.99999999904225,50.00000000023944,12199.999999941578,1.0,5.311093650910264e-116,6.599083921551602e-246,0.0
61.1,True,199.99999999904225,50.00000000023944,12219.999999941481,1.0,1.34118162978411e-116,5.33465068269659e-247,0.0
61.2,True,199.99999999904225,50.00000000023944,12239.999999941387,1.0,3.3746653680789616e-117,4.288323846860324e-248,0.0
61.300000000000004,True,199.99999999904225,50.00000000023944,12259.99999994129,1.0,8.460836437261464e-118,3.4279020748781163e-249,0.0
61.400000000000006,True,199.99999999904225,50.00000000023944,12279.999999941196,1.0,2.11366100730029e-118,2.7247613646727144e-250,0.0
61.5,True,199.99999999904225,50.00000000023944,12299.999999941097,1.0,5.261345335547425e-119,2.1537126696418414e-251,0.0
61.6,True,199.99999999904225,50.00000000023944,12319.999999941003,1.0,1.3049615104674979e-119,1.6928024083198173e-252,0.0
61.7,True,199.99999999904225,50.00000000023944,12339.999999940906,1.0,3.225061520554804e-120,1.3230735254210202e-253,0.0
61.800000000000004,True,199.99999999904225,50.00000000023944,12359.999999940812,1.0,7.941777160397343e-121,1.0283024888860409e-254,0.0
61.900000000000006,True,199.99999999904225,50.00000000023944,12379.999999940715,1.0,1.948663130385083e-121,7.94725195612058e-256,0.0
62.0,True,199.99999999904225,50.00000000023944,12399.99999994062,1.0,4.764257242344547e-122,6.107623466166014e-257,0.0
62.1,True,199.99999999904225,50.00000000023944,12419.999999940525,1.0,1.1606278476900737e-122,4.667525478011445e-258,0.0
62.2,True,199.99999999904225,50.00000000023944,12439.999999940428,1.0,2.8172806051979046e-123,3.5469927398836204e-259,0.0
62.300000000000004,True,199.99999999904225,50.00000000023944,12459.999999940334,1.0,6.814069287403425e-124,2.6803595356583637e-260,0.0
62.400000000000006,True,199.99999999904225,50.00000000023944,12479.999999940237,1.0,1.6421857985665996e-124,2.0141181753393166e-261,0.0
62.5,True,199.99999999904225,50.00000000023944,12499.99999994014,1.0,3.9434590199691206e-125,1.5049981895422118e-262,0.0
62.6,True,199.99999999904225,50.00000000023944,12519.999999940044,1.0,9.43564627072455e-126,1.1182686013979398e-263,0.0
62.7,True,199.99999999904225,50.00000000023944,12539.99999993995,1.0,2.249599654221141e-126,8.262574728213687e-265,0.0
62.800000000000004,True,199.99999999904225,50.00000000023944,12559.999999939853,1.0,5.344143041898737e-127,6.070769965617906e-266,0.0
62.900000000000006,True,199.99999999904225,50.00000000023944,12579.999999939759,1.0,1.2649989068414607e-127,4.435384269375616e-267,0.0
63.0,True,199.99999999904225,50.00000000023944,12599.999999939662,1.0,2.9836058630064346e-128,3.2223878906407416e-268,0.0
63.1,True,199.99999999904225,50.00000000023944,12619.999999939566,1.0,7.011839487466328e-129,2.328002612138994e-269,0.0
63.2,True,199.99999999904225,50.00000000023944,12639.999999939471,1.0,1.6419566193323538e-129,1.6724308987614704e-270,0.0
63.300000000000004,True,199.99999999904225,50.00000000023944,12659.999999939375,1.0,3.831162542029608e-130,1.1947360455952492e-271,0.0
63.400000000000006,True,199.99999999904225,50.00000000023944,12679.99999993928,1.0,8.907147619896739e-131,8.487011818358504e-273,0.0
63.5,True,199.99999999904225,50.00000000023944,12699.999999939182,1.0,2.0634116698002002e-131,5.995103636898492e-274,0.0
63.6,True,199.99999999904225,50.00000000023944,12719.999999939088,1.0,4.7629087618232256e-132,4.211120055591415e-275,0.0
63.7,True,199.99999999904225,50.00000000023944,12739.999999938991,1.0,1.0954631598131701e-132,2.941423666039046e-276,0.0
63.800000000000004,True,199.99999999904225,50.00000000023944,12759.999999938897,1.0,2.5105126485819002e-133,2.0430385671814504e-277,0.0
63.900000000000006,True,199.99999999904225,50.00000000023944,12779.9999999388,1.0,5.732791678579856e-134,1.4110895089441954e-278,0.0
64.0,True,199.99999999904225,50.00000000023944,12799.999999938704,1.0,1.3043946365474403e-134,9.691512677701715e-280,0.0
64.10000000000001,True,199.99999999904225,50.00000000023944,12819.99999993861,1.0,2.9572696989496795e-135,6.618926715593717e-281,0.0
64.2,True,199.99999999904225,50.00000000023944,12839.999999938513,1.0,6.680545638002326e-136,4.4951332315329514e-282,0.0
64.3,True,199.99999999904225,50.00000000023944,12859.999999938416,1.0,1.5037373874049142e-136,3.035683900935146e-283,0.0
64.4,True,199.99999999904225,50.00000000023944,12879.999999938322,1.0,3.372648716023663e-137,2.0385881815582187e-284,0.0
64.5,True,199.99999999904225,50.00000000023944,12899.999999938225,1.0,7.537186415094306e-138,1.3613237598878555e-285,0.0
64.60000000000001,True,199.99999999904225,50.00000000023944,12919.99999993813,1.0,1.678365057926034e-138,9.039664390127827e-287,0.0
64.7,True,199.99999999904225,50.00000000023944,12939.999999938034,1.0,3.723939484975064e-139,5.9690077362811114e-288,0.0
64.8,True,199.99999999904225,50.00000000023944,12959.999999937936,1.0,8.232994057087152e-140,3.9193217825735856e-289,0.0
64.9,True,199.99999999904225,50.00000000023944,12979.999999937843,1.0,1.8136437289445442e-140,2.5590492121180246e-290,0.0
65.0,True,199.99999999904225,50.00000000023944,12999.999999937745,1.0,3.9809354288954427e-141,1.661518892135293e-291,0.0
65.10000000000001,True,199.99999999904225,50.00000000023944,13019.999999937652,1.0,8.706773661341114e-142,1.0727310509713274e-292,0.0
65.2,True,199.99999999904225,50.00000000023944,13039.999999937554,1.0,1.8974412227655495e-142,6.887083275889661e-294,0.0
65.3,True,199.99999999904225,50.00000000023944,13059.999999937458,1.0,4.120200517873012e-143,4.396820379422282e-295,0.0
65.4,True,199.99999999904225,50.00000000023944,13079.999999937363,1.0,8.914711765232682e-144,2.791264636907506e-296,0.0
65.5,True,199.99999999904225,50.00000000023944,13099.999999937267,1.0,1.9219194465060044e-144,1.7620660972629993e-297,0.0
65.60000000000001,True,199.99999999904225,50.00000000023944,13119.999999937172,1.0,4.128592001668972e-145,1.106120044099996e-298,0.0
65.7,True,199.99999999904225,50.00000000023944,13139.999999937076,1.0,8.837056917841183e-146,6.904642659462056e-300,0.0
65.8,True,199.99999999904225,50.00000000023944,13159.99999993698,1.0,1.8847433785072645e-146,4.285870285807461e-301,0.0
65.9,True,199.99999999904225,50.00000000023944,13179.999999936885,1.0,4.0053057865390324e-147,2.645426513322369e-302,0.0
66.0,True,199.99999999904225,50.00000000023944,13199.999999936788,1.0,8.481213519406662e-148,1.6237203639437606e-303,0.0
66.10000000000001,True,199.99999999904225,50.00000000023944,13219.999999936694,1.0,1.7894483691603153e-148,9.910273094259198e-305,0.0
66.2,True,199.99999999904225,50.00000000023944,13239.999999936597,1.0,3.762003482750713e-149,6.014767572501379e-306,0.0
66.3,True,199.99999999904225,50.00000000023944,13259.9999999365,1.0,7.880577593357295e-150,3.630035834620021e-307,0.0
66.4,True,199.99999999904225,50.00000000023944,13279.999999936406,1.0,1.6448857207702024e-150,2.178521264048234e-308,0.0
66.5,True,199.99999999904225,50.00000000023944,13299.99999993631,1.0,3.420993317558109e-151,1.300084306595126e-309,0.0
66.60000000000001,True,199.99999999904225,50.00000000023944,13319.999999936215,1.0,7.089368074970796e-152,7.7150730614114e-311,0.0
66.7,True,199.99999999904225,50.00000000023944,13339.999999936119,1.0,1.4638669923097763e-152,0.0,0.0
66.8,True,199.99999999904225,50.00000000023944,13359.99999993602,1.0,3.0118580181953566e-153,0.0,0.0
66.9,True,199.99999999904225,50.00000000023944,13379.999999935928,1.0,6.174561847081327e-154,0.0,0.0
67.0,True,199.99999999904225,50.00000000023944,13399.99999993583,1.0,1.2612946643919177e-154,0.0,0.0
67.10000000000001,True,199.99999999904225,50.00000000023944,13419.999999935737,1.0,2.5672355936766353e-155,0.0,0.0
67.2,True,199.99999999904225,50.00000000023944,13439.999999935639,1.0,5.206593067927603e-156,0.0,0.0
67.3,True,199.99999999904225,50.00000000023944,13459.999999935542,1.0,1.052156348115657e-156,0.0,0.0
67.4,True,199.99999999904225,50.00000000023944,13479.999999935448,1.0,2.1185838028378737e-157,0.0,0.0
67.5,True,199.99999999904225,50.00000000023944,13499.999999935351,1.0,4.250595025407533e-158,0.0,0.0
67.60000000000001,True,199.99999999904225,50.00000000023944,13519.999999935257,1.0,8.497526273274023e-159,0.0,0.0
67.7,True,199.99999999904225,50.00000000023944,13539.99999993516,1.0,1.6926766268357272e-159,0.0,0.0
67.8,True,199.99999999904225,50.00000000023944,13559.999999935064,1.0,3.3596509897124343e-160,0.0,0.0
67.9,True,199.99999999904225,50.00000000023944,13579.99999993497,1.0,6.644357726740648e-161,0.0,0.0
68.0,True,199.99999999904225,50.00000000023944,13599.999999934873,1.0,1.309334210778001e-161,0.0,0.0
68.10000000000001,True,199.99999999904225,50.00000000023944,13619.999999934778,1.0,2.5709088633794194e-162,0.0,0.0
68.2,True,199.99999999904225,50.00000000023944,13639.999999934682,1.0,5.029924838150316e-163,0.0,0.0
68.3,True,199.99999999904225,50.00000000023944,13659.999999934586,1.0,9.805617496803905e-164,0.0,0.0
68.4,True,199.99999999904225,50.00000000023944,13679.999999934491,1.0,1.904701965946655e-164,0.0,0.0
68.5,True,199.99999999904225,50.00000000023944,13699.999999934395,1.0,3.6865296605509314e-165,0.0,0.0
68.60000000000001,True,199.99999999904225,50.00000000023944,13719.9999999343,1.0,7.109630759843218e-166,0.0,0.0
68.7,True,199.99999999904225,50.00000000023944,13739.999999934204,1.0,1.3662021428590575e-166,0.0,0.0
68.8,True,199.99999999904225,50.00000000023944,13759.999999934105,1.0,2.615902010400999e-167,0.0,0.0
68.9,True,199.99999999904225,50.00000000023944,13779.999999934013,1.0,4.990758620891239e-168,0.0,0.0
69.0,True,199.99999999904225,50.00000000023944,13799.999999933914,1.0,9.48746606167213e-169,0.0,0.0
69.10000000000001,True,199.99999999904225,50.00000000023944,13819.999999933822,1.0,1.7971009429732373e-169,0.0,0.0
69.2,True,199.99999999904225,50.00000000023944,13839.999999933723,1.0,3.391823673641781e-170,0.0,0.0
69.3,True,199.99999999904225,50.00000000023944,13859.999999933627,1.0,6.378706383250033e-171,0.0,0.0
69.4,True,199.99999999904225,50.00000000023944,13879.999999933532,1.0,1.1952823246892375e-171,0.0,0.0
69.5,True,199.99999999904225,50.00000000023944,13899.999999933436,1.0,2.2317570512974567e-172,0.0,0.0
69.60000000000001,True,199.99999999904225,50.00000000023944,13919.999999933341,0.9999999999999998,4.152043146371879e-173,0.0,0.0
69.7,True,199.99999999904202,50.00000000023949,13939.999999933229,0.9999999999999991,7.696890635850104e-174,0.0,0.0
69.8,True,199.99999999904134,50.000000000239666,13959.999999933085,0.9999999999999958,1.4216977657544908e-174,0.0,0.0
69.9,True,199.99999999903815,50.000000000240455,13979.999999932768,0.9999999999999799,2.616602457787915e-175,0.0,0.0
70.0,True,199.99999999902406,50.000000000243986,13999.999999931684,0.9999999999999085,4.7985132654853135e-176,0.0,0.0
70.10000000000001,True,199.99999999896195,50.00000000025951,14019.999999927235,0.9999999999995987,8.768274491460144e-177,0.0,0.0
70.2,True,199.99999999870363,50.000000000324086,14039.999999908996,0.9999999999983069,1.5964673775684267e-177,0.0,0.0
70.3,True,199.99999999766874,50.000000000582816,14059.99999983611,0.9999999999931332,2.896305883137323e-178,0.0,0.0
70.4,True,199.9999999936865,50.00000000157837,14079.99999955553,0.9999999999732203,5.235609692178938e-179,0.0,0.0
70.5,True,199.99999997895736,50.00000000526065,14099.999998516494,0.9999999998995754,9.43036607223016e-180,0.0,0.0
70.60000000000001,True,199.9999999266142,50.00000001834645,14119.999994818965,0.9999999996378571,1.6924984888802769e-180,0.0,0.0
70.7,True,199.99999974786962,50.000000063032594,14139.999982174382,0.9999999987441263,3.026679849878873e-181,0.0,0.0
70.8,True,199.9999991613424,50.00000020966439,14159.999940623042,0.9999999958114686,5.393158503497483e-182,0.0,0.0
70.9,True,199.99999731196942,50.00000067200765,14179.999809418634,0.999999986564537,9.575435591955296e-183,0.0,0.0
71.0,True,199.99999170869614,50.00000207282605,14199.999411317425,0.9999999585479833,1.6939984689177575e-183,0.0,0.0
71.10000000000001,True,199.9999753955747,50.00000615110708,14219.998250625362,0.9999998769818776,2.986124532134995e-184,0.0,0.0
71.2,True,199.99992976009963,50.00001755998126,14239.994998919094,0.9999996488032648,5.245015410667761e-185,0.0,0.0
71.3,True,199.99980709560126,50.0000482261462,14259.986245916369,0.9999990354780692,9.179914507186084e-186,0.0,0.0
71.4,True,199.999490328795,50.000127418125956,14279.963609475963,0.9999974516397954,1.601053428719749e-186,0.0,0.0
71.5,True,199.99870462288277,50.00032384637682,14299.907380536119,0.9999935231123618,2.782920694351547e-187,0.0,0.0
71.60000000000001,True,199.9968337194329,50.000791582673635,14319.773294311399,0.9999841685971648,4.822160432304205e-188,0.0,0.0
71.7,True,199.992561501668,50.001859693749644,14339.466659669597,0.9999628075083402,8.33452667326001e-189,0.0,0.0
71.8,True,199.98322514238345,50.00419406617845,14358.79556522313,0.9999161257119236,1.4385705536064679e-189,0.0,0.0
71.9,True,199.96377015674088,50.00905910186398,14377.39507426967,0.9998188507837666,2.4852370905320115e-190,0.0,0.0
72.0,True,199.92534584343142,50.01867050829739,14394.624900727062,0.999626729217405,4.314242706364452e-191,0.0,0.0
72.10000000000001,True,199.85403715779944,50.036517361439465,14409.476079077342,0.9992701857889978,7.572626837131545e-192,0.0,0.0
72.2,True,199.73096903236123,50.067348335849495,14420.575964136482,0.9986548451626719,1.3554530228393903e-192,0.0,0.0
72.3,True,199.53522811223164,50.11646361701777,14426.396992514346,0.9976761405611579,2.49773981175113e-193,0.0,0.0
72.4,True,199.24935457068054,50.188368346521585,14425.653270917272,0.9962467728534042,4.776955308986433e-194,0.0,0.0
72.5,True,198.8643276704393,50.285539478815615,14417.66375610685,0.9943216383521968,9.524247440874393e-195,0.0,0.0
72.60000000000001,True,198.38079961455384,50.40810410800647,14402.44605201661,0.9919039980735838,1.9800527472139666e-195,0.0,0.0
72.7,True,197.80662687675294,50.55442356959397,14380.54177393994,0.9890331343837645,4.2794512505838097e-196,0.0,0.0
72.8,True,197.1532080231441,50.72197455101053,14352.75354408489,0.9857660401157142,9.571055280672108e-197,0.0,0.0
72.9,True,196.43262335787696,50.90804077783549,14319.938242789232,0.9821631167843891,2.2040843533677766e-197,0.0,0.0
73.0,True,195.65606483701393,51.11009468748251,14282.892733102017,0.9782803241851235,5.202033343761092e-198,0.0,0.0
73.10000000000001,True,194.8332307815209,51.325946605143784,14242.30917012918,0.974166153910753,1.253250685774738e-198,0.0,0.0
73.2,True,193.9722482769545,51.55376652500285,14198.76857387307,0.9698612413847699,3.0714856377798405e-199,0.0,0.0
73.3,True,193.07982355730562,51.792050643924604,14152.751066750501,0.9653991177865253,7.636385422550225e-200,0.0,0.0
73.4,True,192.1614614349796,52.039570917728646,14104.651269327504,0.9608073071764722,1.9215748738856786e-200,0.0,0.0
73.5,True,191.22168280487838,52.29532474203749,14054.79368615856,0.9561084140268415,4.884691190076716e-201,0.0,0.0
73.60000000000001,True,190.2642143213521,52.55849102086122,14003.446174051518,0.9513210716071993,1.2524253904555568e-201,0.0,0.0
73.7,True,189.29214466588272,52.82839400256613,13950.831061875557,0.9464607233294181,3.2347602271372656e-202,0.0,0.0
73.8,True,188.30804984834907,53.10447433369599,13897.134078808162,0.9415402493532319,8.407006301157674e-203,0.0,0.0
73.9,True,187.31409248777945,53.386266175634425,13842.511434846901,0.9365704624394566,2.1966363660013926e-203,0.0,0.0
74.0,True,186.31210006700056,53.673379219083756,13787.095404958041,0.9315605003349995,5.7658265507716066e-204,0.0,0.0
74.10000000000001,True,185.30362678291186,53.96548450568248,13730.998744613771,0.9265181339149313,1.5193926173217406e-204,0.0,0.0
74.2,True,184.29000246295834,54.26230325223401,13674.318182751509,0.9214500123114318,4.017374614052547e-205,0.0,0.0
74.3,True,183.272371511233,54.56359798010846,13617.13720328461,0.9163618575222474,1.0652970175216756e-205,0.0,0.0
74.4,True,182.25172406687443,54.86916544246602,13559.528270575458,0.9112586203427562,2.831881021372991e-206,0.0,0.0
74.5,True,181.22892110847224,55.17883094395639,13501.554622581181,0.9061446055423605,7.543939048143847e-207,0.0,0.0
74.60000000000001,True,180.2047147771087,55.49244375969176,13443.27172237231,0.9010235738242101,2.013272733275568e-207,0.0,0.0
74.7,True,179.1797649595003,55.80987340987016,13384.728442474672,0.8958988247975386,5.381051592189763e-208,0.0,0.0
74.8,True,178.15465291415305,56.13100660816687,13325.968037978648,0.890773264570758,1.4400733279576138e-208,0.0,0.0
74.9,True,177.12989249212472,56.45574476055533,13267.028947660143,0.8856494624767798,3.857977752754419e-209,0.0,0.0
75.0,True,176.1059394840232,56.78400188715512,13207.94546130174,0.8805296974201103,1.0344452686671948e-209,0.0,0.0
75.10000000000001,True,175.08319941365727,57.11570289719046,13148.748275965663,0.8754159970514315,2.775568176542571e-210,0.0,0.0
75.2,True,174.06203409168057,57.45078214318051,13089.46496369438,0.8703101704584064,7.451169772483684e-211,0.0,0.0
75.3,True,173.04276714976456,57.78918220456581,13030.12036637727,0.865213835748815,2.001075608023214e-211,0.0,0.0
75.4,True,172.02568873108413,58.130852861355535,12970.736930323745,0.8601284436795111,5.375429767853614e-212,0.0,0.0
75.5,True,171.01105949845623,58.475750219477895,12911.334992133445,0.855055297491279,1.4441851417112327e-212,0.0,0.0
75.60000000000001,True,169.9991140574234,58.82383596788707,12851.933022741212,0.849995570289127,3.8801313036071535e-213,0.0,0.0
75.7,True,168.99006391235605,59.17507673815862,12792.547838165354,0.8449503195617698,1.0424176358919571e-213,0.0,0.0
75.8,True,167.9841000116289,59.529443556311215,12733.19478088147,0.8399205000581358,2.8000793647549822e-214,0.0,0.0
75.9,True,166.9813949591074,59.886911367873836,12673.887877396253,0.8349069747950073,7.519636812636933e-215,0.0,0.0
76.0,True,165.9821049384436,60.24745862638998,12614.639975321714,0.8299105246765122,2.018779289324232e-215,0.0,0.0
76.10000000000001,True,164.98637139109564,60.611066936524566,12555.46286286238,0.8249318570498282,5.41771726920986e-216,0.0,0.0
76.2,True,163.9943225023751,60.97772073697961,12496.367374680984,0.8199716125104121,1.453288093676302e-216,0.0,0.0
76.3,True,163.006074476521,61.3474070344561,12437.363482558552,0.8150303723825012,3.896452682744366e-217,0.0,0.0
76.4,True,162.0217327005733,61.7201151556665,12378.4603783238,0.8101086635030146,1.0441086796956478e-217,0.0,0.0
76.5,True,161.04139274704204,62.09583653879369,12319.666545148715,0.8052069637352026,2.796137992057426e-218,0.0,0.0
76.60000000000001,True,160.06514127405325,62.47456454543493,12260.98982159248,0.8003257063822438,7.483204455242554e-219,0.0,0.0
76.7,True,159.09305682597468,62.856294294090944,12202.437458552258,0.7954652841299192,2.0013067272369786e-219,0.0,0.0
76.80000000000001,True,158.1252105451184,63.24102251327385,12144.016169865094,0.7906260527049087,5.348338948114889e-220,0.0,0.0
76.9,True,157.1616668103038,63.6287474099529,12085.732177712363,0.7858083340514961,1.428192558586558e-220,0.0,0.0
77.0,True,156.20248381097608,64.01946855148098,12027.591253445158,0.7810124190924838,3.8106722828832856e-221,0.0,0.0
77.10000000000001,True,155.24771406135943,64.41318676066072,11969.598754130813,0.7762385703068054,1.0158949926520541e-221,0.0,0.0
77.2,True,154.2974048594376,64.80990402340102,11911.759655148582,0.77148702429728,2.7059184881848482e-222,0.0,0.0
77.30000000000001,True,153.35159871370934,65.209623400594,11854.078580569734,0.7667579933910388,7.200893429587077e-223,0.0,0.0
77.4,True,152.41033370480068,65.61234895901954,11796.559828751573,0.7620516685239851,1.9144838858057283e-223,0.0,0.0
77.5,True,151.47364385637576,66.01808569074761,11739.20739886912,0.7573682192820816,5.085097412624828e-224,0.0,0.0
77.60000000000001,True,150.54155941919183,66.42683946267894,11682.025010929287,0.7527077970959544,1.3493303600127443e-224,0.0,0.0
77.7,True,149.61410716805796,66.83861695453116,11625.016126958104,0.7480705358402813,3.576832347310459e-225,0.0,0.0
77.80000000000001,True,148.69131065600945,67.25342560961442,11568.183969037536,0.7434565533720968,9.471756719621336e-226,0.0,0.0
77.9,True,147.77319045657393,67.67127358557435,11511.53153656711,0.7388659522832043,2.505561341103589e-226,0.0,0.0
78.0,True,146.85976436618094,68.09216971822143,11455.061620562114,0.7342988218308953,6.620845882509026e-227,0.0,0.0
78.10000000000001,True,145.9510476146635,68.51612347724809,11398.77681870522,0.7297552380733502,1.7476227025434775e-227,0.0,0.0
78.2,True,145.04705303948697,68.94314493433826,11342.679547687881,0.7252352652204845,4.607866419855654e-228,0.0,0.0
78.30000000000001,True,144.147791257401,69.37324472869139,11286.7720554545,0.7207389561007806,1.2135640955907108e-228,0.0,0.0
78.4,True,143.25327080191963,69.80643404524623,11231.0564308705,0.7162663540095946,3.192487402174989e-229,0.0,0.0
78.5,True,142.36349829221496,70.24272457448345,11175.534615938874,0.7118174914610991,8.388660823768169e-230,0.0,0.0
78.60000000000001,True,141.47847853342464,70.68212850223347,11120.208412727177,0.7073923929244286,2.2016420180968817e-230,0.0,0.0
78.7,True,140.59821466614116,71.12465847269537,11065.07949422531,0.7029910733167823,5.771455531550866e-231,0.0,0.0
78.80000000000001,True,139.72270824104496,71.57032758589486,11010.149409394344,0.6986135412050489,1.5111334501295726e-231,0.0,0.0
78.9,True,138.85195935648693,72.01914936127126,10955.41959322682,0.6942597967824238,3.95178763490405e-232,0.0,0.0
79.0,True,137.98596673532313,72.47113772939993,10900.891372090528,0.6899298336914368,1.0321728613582036e-232,0.0,0.0
79.10000000000001,True,137.12472781708087,72.92630701400273,10846.565970331098,0.6856236391945429,2.692615318501266e-233,0.0,0.0
79.2,True,136.26823884668573,73.38467191354044,10792.44451665751,0.681341194068239,7.015432050262389e-234,0.0,0.0
79.30000000000001,True,135.4164949295554,73.84624749888903,10738.528047913745,0.6770824746483856,1.825526639002616e-234,0.0,0.0
79.4,True,134.56949013478,74.31104918346911,10684.817516701534,0.6728474506747046,4.744289329703502e-235,0.0,0.0
79.5,True,133.72721753515629,74.77909272561544,10631.313794044925,0.6686360876757789,1.2314000942936444e-235,0.0,0.0
79.60000000000001,True,132.8896692803325,75.25039421164387,10578.017674714469,0.6644483463857513,3.1920389409810266e-236,0.0,0.0
79.7,True,132.05683665165304,75.72497004739378,10524.929881136748,0.6602841832584436,8.263695094025504e-237,0.0,0.0
79.80000000000001,True,131.22871012003012,76.2028369466816,10472.051067578404,0.6561435504049329,2.1365534978444533e-237,0.0,0.0
79.9,True,130.4052793835525,76.68401193012788,10419.381822745847,0.6520263969179413,5.516747041824297e-238,0.0,0.0
80.0,True,129.58653343749867,77.16851230396664,10366.922674999894,0.6479326671875013,1.4225867065869119e-238,0.0,0.0
80.10000000000001,True,128.77246059640214,77.6563556655327,10314.674093771813,0.6438623029820548,3.6635109797327083e-239,0.0,0.0
80.2,True,127.96304854644589,78.14755989007536,10262.636493424961,0.6398152427322645,9.421849225836362e-240,0.0,0.0
80.30000000000001,True,127.15828438211629,78.64214312572474,10210.81023588394,0.6357914219105807,2.419867845771433e-240,0.0,0.0
80.4,True,126.35815464266135,79.14012378765601,10159.195633269974,0.6317907732157197,6.206704259560262e-241,0.0,0.0
80.5,True,125.56264534527503,79.64152055336021,10107.792950294639,0.6278132268427842,1.5897964683214348e-241,0.0,0.0
80.60000000000001,True,124.77174202316588,80.1463523539115,10056.602407067172,0.6238587101158133,4.066589584046749e-242,0.0,0.0
80.7,True,123.98542974392524,80.65463837689329,10005.624180334768,0.6199271487196071,1.0387830861273194e-242,0.0,0.0
80.80000000000001,True,123.20369315014509,81.16639805442571,9954.858406531725,0.6160184657507205,2.649857781741183e-243,0.0,0.0
80.9,True,122.42651648013018,81.68165106309301,9904.305183242532,0.6121325824102113,6.750267494555741e-244,0.0,0.0
81.0,True,121.65388359493984,82.20041731915533,9853.964571190127,0.6082694179750479,1.7171876498204505e-244,0.0,0.0
81.10000000000001,True,120.88577800431695,82.7227169737278,9803.836596150106,0.6044288897219798,4.362250500133923e-245,0.0,0.0
81.2,True,120.12218287542174,83.24857041909537,9753.921249484245,0.6006109143631633,1.1066169407391906e-245,0.0,0.0
81.30000000000001,True,119.36308108277446,83.77799826619189,9704.218492029564,0.5968154054138612,2.803339915613603e-246,0.0,0.0
81.4,True,118.60845520004308,84.31102136128628,9654.728253283507,0.59304227600026,7.091594260960316e-247,0.0,0.0
81.5,True,117.85828753258211,84.84766077426234,9605.450433905442,0.5892914376630034,1.7914293192221683e-247,0.0,0.0
81.60000000000001,True,117.11256013061237,85.38793779973112,9556.38490665797,0.5855628009162109,4.5189883972975394e-248,0.0,0.0
81.7,True,116.37125481864442,85.93187394588315,9507.531518683249,0.5818562740932082,1.1383259996397012e-248,0.0,0.0
81.80000000000001,True,115.63435318648584,86.47949095086646,9458.890090654542,0.5781717659323892,2.8633481736532166e-249,0.0,0.0
81.9,True,114.90183663094582,87.03081076170334,9410.460420074463,0.5745091830092741,7.192203842708635e-250,0.0,0.0
82.0,True,114.17368635095778,87.58585554696957,9362.242280778539,0.5708684317548057,1.8039663974293655e-250,0.0,0.0
82.10000000000001,True,113.44988337741594,88.14464768317833,9314.23542528585,0.5672494168780625,4.518266902279194e-251,0.0,0.0
82.2,True,112.73040857071778,88.70720976520565,9266.439584513002,0.5636520430156866,1.1300319160229761e-251,0.0,0.0
82.30000000000001,True,112.01524265034216,89.27356459169759,9218.85447012316,0.5600762129997863,2.822171346731808e-252,0.0,0.0
82.4,True,111.30436617820592,89.84373518635661,9171.47977308417,0.5565218308909066,7.037985898573469e-253,0.0,0.0
82.5,True,110.5977596076976,90.41774476690213,9124.315167635052,0.552988798038487,1.752605997489732e-253,0.0,0.0
82.60000000000001,True,109.8954032639864,90.99561676823184,9077.360309605278,0.5494770163200338,4.358024526455831e-254,0.0,0.0
82.7,True,109.19727736684352,91.57737483147527,9030.61483823796,0.5459863868387453,1.0820894190842456e-254,0.0,0.0
82.80000000000001,True,108.50336203806509,92.16304280499442,8984.078376751791,0.5425168101903409,2.6828933095808815e-255,0.0,0.0
82.9,True,107.81363731012847,92.7526447441409,8937.75053300965,0.5390681865497252,6.642156928787088e-256,0.0,0.0
83.0,True,107.12808313522648,93.3462049104073,8891.630900223798,0.535640415665282,1.642022416688315e-256,0.0,0.0
83.10000000000001,True,106.44667939296555,93.9437477714391,8845.719057555438,0.5322333969517912,4.053330616549938e-257,0.0,0.0
83.2,True,105.76940589849791,94.54529800041182,8800.014570755025,0.5288470294893765,9.99095000519803e-258,0.0,0.0
83.30000000000001,True,105.09624241000262,95.15088047570616,8754.516992753219,0.5254812120501522,2.45902076322383e-258,0.0,0.0
83.4,True,104.42716863533765,95.76052028107988,8709.225864187161,0.5221358431766762,6.043341481790741e-259,0.0,0.0
83.5,True,103.76216423944845,96.37424270491637,8664.140713993946,0.5188108211342123,1.4830319554409965e-259,0.0,0.0
83.60000000000001,True,103.1012088481569,96.99207324258998,8619.261059705917,0.5155060442407792,3.63396930013327e-260,0.0,0.0
83.7,True,102.44428205944416,97.61403759164826,8574.586408375477,0.5122214102972112,8.891362830884574e-261,0.0,0.0
83.80000000000001,True,101.79136344399251,98.24016165676161,8530.116256606574,0.5089568172199563,2.172254655531488e-261,0.0,0.0
83.9,True,101.14243255331662,98.87047154742456,8485.850091223265,0.5057121627665708,5.299165489708038e-262,0.0,0.0
84.0,True,100.49746892587876,99.50499357725549,8441.787389773815,0.5024873444568274,1.290796004116426e-262,0.0,0.0
84.10000000000001,True,99.85645208516128,100.14375427109736,8397.927620362065,0.4992822604228206,3.1394978872168968e-263,0.0,0.0
84.2,True,99.21936155822085,100.78678035165653,8354.270243202196,0.4960968077910859,7.624551812054836e-264,0.0,0.0
84.30000000000001,True,98.58617686656353,101.4340987533679,8310.814709851307,0.4929308843325939,1.8489241762383e-264,0.0,0.0
84.4,True,97.95687753718352,102.08573661613593,8267.560464138289,0.48978438768589894,4.476861665282958e-265,0.0,0.0
84.5,True,97.33144310526205,102.7417212871815,8224.506942394644,0.4866572155483228,1.0823736188676597e-265,0.0,0.0
84.60000000000001,True,96.70985312104132,103.4020803183733,8181.653574040097,0.48354926533283804,2.612936459710305e-266,0.0,0.0
84.7,True,96.09208714019145,104.06684148103389,8138.999780774217,0.4804604358412924,6.2983650432110596e-267,0.0,0.0
84.80000000000001,True,95.47812475570205,104.73603273615603,8096.544979283535,0.4773906237784404,1.5159097599074349e-267,0.0,0.0
84.9,True,94.86794556852371,105.40968227015031,8054.288578767663,0.4743397278280791,3.6430459659719775e-268,0.0,0.0
85.0,True,94.26152921187092,106.08781847282654,8012.229983009029,0.4713076460593514,8.741802451629452e-269,0.0,0.0
85.10000000000001,True,93.65885534788858,106.77046994494833,7970.368590105319,0.4682942767394366,2.0945061140625383e-269,0.0,0.0
85.2,True,93.05990367058273,107.45766549897162,7928.703792733649,0.46529951835295763,5.010786212263196e-270,0.0,0.0
85.30000000000001,True,92.46465390919133,108.14943415914266,7887.234978454021,0.46232326954637887,1.1969417562257736e-270,0.0,0.0
85.4,True,91.8730858307635,108.84580516235934,7845.961529947203,0.45936542915479206,2.8548440358862647e-271,0.0,0.0
85.5,True,91.2851792427256,109.54680795893695,7804.882825253039,0.4564258962139348,6.798816487635106e-272,0.0,0.0
85.60000000000001,True,90.70091399528943,110.25247221344817,7763.998237996776,0.45350456997642213,1.6166840966703672e-272,0.0,0.0
85.7,True,90.12026998410731,110.96282780514859,7723.307137637997,0.4506013498800239,3.8384624470509945e-273,0.0,0.0
85.80000000000001,True,89.5432271518553,111.67790482959829,7682.8088896291865,0.4477161356413349,9.099742235179141e-274,0.0,0.0
85.9,True,88.96976548901736,112.39773360124707,7642.502855506592,0.44484882744430543,2.1539714636639912e-274,0.0,0.0
86.0,True,88.39986504148773,113.12234464732282,7602.388393567945,0.44199932520705015,5.0908378999642344e-275,0.0,0.0
86.10000000000001,True,87.83350590458764,113.85176871868083,7562.464858384997,0.43916752964084577,1.201369170857402e-275,0.0,0.0
86.2,True,87.270668234883,114.58603677796631,7522.7316018469155,0.43635334092036965,2.8307467714716502e-276,0.0,0.0
86.30000000000001,True,86.71133223358127,115.32518002447705,7483.187971758065,0.4335566611665092,6.659817564757862e-277,0.0,0.0
86.4,True,86.15547817467866,116.06922986052241,7443.8333142922365,0.4307773908734567,1.5644434667546864e-277,0.0,0.0
86.5,True,85.6030863843127,116.81821792155102,7404.666972243049,0.4280154319214494,3.6693836050169886e-278,0.0,0.0
86.60000000000001,True,85.05413725380122,117.57217606193616,7365.688286179186,0.42527068601686624,8.593330987623315e-279,0.0,0.0
86.7,True,84.50861123051135,118.33113637050938,7326.896593685334,0.4225430561527158,2.0093918664746133e-279,0.0,0.0
86.80000000000001,True,83.96648883668875,119.09513114749355,7288.291231024585,0.4198324441989604,4.6913940989466535e-280,0.0,0.0
86.9,True,83.42775065366699,119.86419292919601,7249.871531803662,0.4171387532683159,1.0936362213408955e-280,0.0,0.0
87.0,True,82.89237733086725,120.63835447841868,7211.636827785451,0.4144618866475779,2.5455232552470003e-281,0.0,0.0
87.10000000000001,True,82.36034958613654,121.41764878670777,7173.586448952493,0.41180174791493246,5.915807048205789e-282,0.0,0.0
87.2,True,81.83164820625821,122.2021090763663,7135.719723585716,0.4091582410273493,1.3727239883659546e-282,0.0,0.0
87.30000000000001,True,81.30625404857386,122.99176880078393,7098.035978440499,0.4065312702428262,3.1804186297801144e-283,0.0,0.0
87.4,True,80.78414804138956,123.78666164649682,7060.534538817447,0.40392074020693264,7.357271092130255e-284,0.0,0.0
87.5,True,80.26531118512975,124.5868215340905,7023.214728698853,0.4013265559256123,1.6993396977017172e-284,0.0,0.0
87.60000000000001,True,79.7497245535903,125.39228261885958,6986.07587089451,0.3987486227153241,3.9189904007715486e-285,0.0,0.0
87.7,True,79.23736929299302,126.20307929486374,6949.117286995488,0.39618684646495517,9.023984413404954e-286,0.0,0.0
87.80000000000001,True,78.72822662626965,127.01924619070803,6912.338297786476,0.3936411331313268,2.0746851943081785e-286,0.0,0.0
87.9,True,78.22227785029877,127.84081817635031,6875.738223041262,0.39111138925148886,4.762504689340426e-287,0.0,0.0
88.0,True,77.71950433713062,128.66783036369011,6839.316381667494,0.38859752187265484,1.0915599021882353e-287,0.0,0.0
88.10000000000001,True,77.21988754040622,129.5003180983316,6803.072092309789,0.38609943770169525,2.497976197858116e-288,0.0,0.0
88.2,True,76.72340898367442,130.33831698129902,6767.0046723600835,0.3836170449277194,5.707648377724678e-289,0.0,0.0
88.30000000000001,True,76.23005027351681,131.18186284961843,6731.113439151535,0.3811502513680982,1.3021288132038896e-289,0.0,0.0
88.4,True,75.73979309336362,132.030991788862,6695.397709453344,0.3786989654668156,2.966047838530463e-290,0.0,0.0
88.5,True,75.25261920462995,132.88574013361045,6659.856799609751,0.37626309620681203,6.745737923625643e-291,0.0,0.0
88.60000000000001,True,74.76851045279084,133.74614445895702,6624.490026117269,0.37384255226375707,1.5318193078312776e-291,0.0,0.0
88.7,True,74.2874487561119,134.61224160262014,6589.296704667126,0.37143724378021725,3.47305800912429e-292,0.0,0.0
88.80000000000001,True,73.80941611781329,135.48406864563427,6554.276151261821,0.36904708058857166,7.862173497549281e-293,0.0,0.0
88.9,True,73.33439462056684,136.36166292419998,6519.427681768392,0.3666719731028132,1.7770472257098655e-293,0.0,0.0
89.0,True,72.86236642803516,137.24506202906295,6484.750612095129,0.3643118321401658,4.010335933114215e-294,0.0,0.0
89.10000000000001,True,72.3933137851719,138.1343038070495,6450.244258258816,0.36196656892590745,9.036237966765572e-295,0.0,0.0
89.2,True,71.92721901850022,139.02942636261142,6415.90793645022,0.3596360950974032,2.0329157305146413e-295,0.0,0.0
89.30000000000001,True,71.46406453649216,139.93046805914088,6381.74096310875,0.35732032268812525,4.56641732970888e-296,0.0,0.0
89.4,True,71.0038328296889,140.83746752074896,6347.742654974189,0.35501916414828183,1.0241322197560833e-296,0.0,0.0
89.5,True,70.54650647091658,141.7504636338383,6313.912329147034,0.3527325323466386,2.2932973645179524e-297,0.0,0.0
89.60000000000001,True,70.09206811649311,142.66949554662855,6280.249303237783,0.3504603404117128,5.127295377789644e-298,0.0,0.0
89.7,True,69.64050050151835,143.59460268069114,6246.752894986196,0.34820250250758294,1.1445628458042788e-298,0.0,0.0
89.80000000000001,True,69.19178645001745,144.5258247122116,6213.422423211568,0.34595893225009977,2.5510208645513915e-299,0.0,0.0
89.9,True,68.74590886488298,145.46320159436038,6180.25720695298,0.3437295443244087,5.676898955688319e-300,0.0,0.0
90.0,True,68.30285073315747,146.40677354840653,6147.256565984172,0.3415142536657745,1.2613361279094855e-300,0.0,0.0
90.10000000000001,True,67.8625951262213,147.356581065025,6114.419820872539,0.3393129754419149,2.798161380520294e-301,0.0,0.0
90.2,True,67.42512519420151,148.31266491826977,6081.746292516977,0.33712562597098006,6.197787413151375e-302,0.0,0.0
90.30000000000001,True,66.99042417737066,149.2750661426323,6049.235303216571,0.33495212088674287,1.370636614815428e-302,0.0,0.0
90.4,True,66.55847539485093,150.24382605935736,6016.886175694524,0.33279237697425124,3.026421882890785e-303,0.0,0.0
90.5,True,66.1292622503161,151.21898626582967,5984.6982336536075,0.33064631125157784,6.672027786276214e-304,0.0,0.0
90.60000000000001,True,65.70276823086519,152.20058863976905,5952.670801716386,0.3285138411543018,1.4686124975274234e-304,0.0,0.0
90.7,True,65.27897690702261,153.18867534096134,5920.803205466951,0.3263948845350396,3.2275824817020046e-305,0.0,0.0
90.80000000000001,True,64.8578719327203,154.1832888130126,5889.094771491004,0.3242893596635912,7.082196970629051e-306,0.0,0.0
90.9,True,64.43943704529711,155.18447178504354,5857.544827417508,0.3221971852218394,1.551597043629198e-306,0.0,0.0
91.0,True,64.02365606439282,156.19226727605712,5826.152701859747,0.32011828048147356,3.3939852432813473e-307,0.0,0.0
91.10000000000001,True,63.61051289678426,157.20671858480702,5794.917724897046,0.31805256448390784,7.412433229842203e-308,0.0,0.0
91.2,True,63.199991526803835,158.22786931480655,5763.83922724451,0.3159999576341698,1.6163345618273583e-308,0.0,0.0
91.30000000000001,True,62.79207602564073,159.2557633532703,5732.9165411409995,0.31396038012818384,3.519015081577626e-309,0.0,0.0
91.4,True,62.38675054660871,160.29044488427184,5702.148999960036,0.31193375273008783,7.64944959641375e-310,0.0,0.0
91.5,True,61.98399932583594,161.33195838868428,5671.5359383139885,0.30991999663921876,1.6601916596818e-310,0.0,0.0
91.60000000000001,True,61.58380668259764,162.3803486448947,5641.076692125945,0.3079190334136165,0.0,0.0,0.0
91.7,True,61.186157018472784,163.43566073255568,5610.770598593955,0.30593078509228666,0.0,0.0,0.0
91.80000000000001,True,60.791034817936534,164.49794003258975,5580.616996286574,0.3039551740705154,0.0,0.0,0.0
91.9,True,60.39842464760271,165.5672322307319,5550.61522511469,0.3019921232048401,0.0,0.0,0.0
92.0,True,60.00831115559574,166.64358332083313,5520.764626314808,0.30004155589610626,0.0,0.0,0.0
92.10000000000001,True,59.620679075481355,167.72703959543526,5491.064542851834,0.2981033953774246,0.0,0.0,0.0
92.2,True,59.2355132181524,168.81764766976906,5461.514318713651,0.2961775660942946,0.0,0.0,0.0
92.30000000000001,True,58.85279847864811,169.91545446437885,5432.113299579221,0.2942639924890217,0.0,0.0,0.0
92.4,True,58.4725198349379,171.02050720969447,5402.8608327482625,0.29236259917468077,0.0,0.0,0.0
92.5,True,58.09466234328481,172.13285346094975,5373.756266753845,0.2904733117164166,0.0,0.0,0.0
92.60000000000001,True,57.71921114382484,173.2525410834528,5344.798951918181,0.2885960556146005,0.0,0.0,0.0
92.7,True,57.346151454875375,174.37961827078865,5315.988239866948,0.2867307572730392,0.0,0.0,0.0
92.80000000000001,True,56.97546857900218,175.5141335280815,5287.323484131403,0.284877342884374,0.0,0.0,0.0
92.9,True,56.60714789686008,176.65613569191476,5258.804039618301,0.2830357394842762,0.0,0.0,0.0
93.0,True,56.241174870579876,177.80567392149314,5230.4292629639285,0.28120587430819755,0.0,0.0,0.0
93.10000000000001,True,55.87753504121796,178.96279770794325,5202.1985123373925,0.279387675206079,0.0,0.0,0.0
93.2,True,55.516214031219896,180.12755686791675,5174.111147709695,0.2775810701560805,0.0,0.0,0.0
93.30000000000001,True,55.15719754170879,181.300001553527,5146.166530641431,0.2757859877082072,0.0,0.0,0.0
93.4,True,54.80047135344098,182.4801822506968,5118.3640244113885,0.2740023567671903,0.0,0.0,0.0
93.5,True,54.44602132634938,183.668149781965,5090.702994013667,0.2722301066285573,0.0,0.0,0.0
93.60000000000001,True,54.093833399242946,184.86395530881254,5063.18280616914,0.27046916698582635,0.0,0.0,0.0
93.7,True,53.743893589441626,186.0676503342246,5035.802829330681,0.2687194679491123,0.0,0.0,0.0
93.80000000000001,True,53.39618799294388,187.2792867034153,5008.562433738137,0.2669809399647028,0.0,0.0,0.0
93.9,True,53.050702783647914,188.4989166077994,4981.46099138454,0.2652535139079546,0.0,0.0,0.0
94.0,True,52.70742421317596,189.72659258693523,4954.49787603854,0.2635371210649551,0.0,0.0,0.0
94.10000000000001,True,52.36633861103578,190.9623675292162,4927.672463298467,0.26183169305037474,0.0,0.0,0.0
94.2,True,52.02743238375956,192.20629467621998,4900.98413055015,0.26013716191446906,0.0,0.0,0.0
94.30000000000001,True,51.69069201498416,193.4584276237042,4874.432257013007,0.25845346007464,0.0,0.0,0.0
94.4,True,51.35610406516669,194.71882032388632,4848.016223751736,0.25678052031408893,0.0,0.0,0.0
94.5,True,51.02365517090349,195.98752708925002,4821.73541365038,0.25511827585444513,0.0,0.0,0.0
94.60000000000001,True,50.69333204531999,197.26460259230876,4795.589211487271,0.25346666022658826,0.0,0.0,0.0
94.7,True,50.36512147715717,198.55010187030814,4769.577003886784,0.2518256073861702,0.0,0.0,0.0
94.80000000000001,True,50.03901033136557,199.84408032410218,4743.698179413456,0.2501950515434347,0.0,0.0,0.0
94.9,True,49.71498554583892,201.1465937323799,4717.952128300114,0.2485749277275685,0.0,0.0,0.0
95.0,True,49.39303413752537,202.45769822839654,4692.33824306491,0.24696517056253325,0.0,0.0,0.0
95.10000000000001,True,49.07314319322328,203.77745033827264,4666.855917675534,0.24536571596610468,0.0,0.0,0.0
95.2,True,48.75529987845433,205.1059069461112,4641.504548428852,0.24377649939192286,0.0,0.0,0.0
95.30000000000001,True,48.43949143025331,206.44312532468933,4616.283533303142,0.2421974571512822,0.0,0.0,0.0
95.4,True,48.125705160048426,207.7891631248554,4591.19227226862,0.2406285258003682,0.0,0.0,0.0
95.5,True,47.81392845270081,209.14407838068243,4566.230167232927,0.23906964226349253,0.0,0.0,0.0
95.60000000000001,True,47.504148766265764,210.5079295116498,4541.396622055007,0.23752074381762261,0.0,0.0,0.0
95.7,True,47.196353632460486,211.8807753216394,4516.6910426264685,0.2359817679377496,0.0,0.0,0.0
95.80000000000001,True,46.89053065143987,213.2626750235536,4492.1128364079395,0.23445265325719422,0.0,0.0,0.0
95.9,True,46.58666750198032,214.65368819469467,4467.661413439913,0.232933337510081,0.0,0.0,0.0
96.0,True,46.28475193031118,216.05387482807598,4443.336185309873,0.23142375965462947,0.0,0.0,0.0
96.10000000000001,True,45.98477175535031,217.46329531007194,4419.136565689165,0.22992385878431548,0.0,0.0,0.0
96.2,True,45.68671486734756,218.88201042765346,4395.061970238836,0.2284335743291942,0.0,0.0,0.0
96.30000000000001,True,45.39056922715505,220.31008137297093,4371.111816575031,0.22695284613572553,0.0,0.0,0.0
96.4,True,45.09632286657429,221.7475697428109,4347.285524337762,0.22548161433272623,0.0,0.0,0.0
96.5,True,44.80396388737022,223.19453754445365,4323.5825151312265,0.22401981946179872,0.0,0.0,0.0
96.60000000000001,True,44.51348046178458,224.6510471942344,4300.002212608391,0.22256740230889488,0.0,0.0,0.0
96.7,True,44.22486083094012,226.11716152657525,4276.54404235191,0.22112430415766804,0.0,0.0,0.0
96.80000000000001,True,43.93809330570956,227.59294379077085,4253.207431992686,0.21969046654896895,0.0,0.0,0.0
96.9,True,43.65316626621909,229.07845765447897,4229.99181119663,0.21826583131311672,0.0,0.0,0.0
97.0,True,43.370068159860466,230.5737672152225,4206.896611506465,0.21685034090529415,0.0,0.0,0.0
97.10000000000001,True,43.088787505293425,232.07893698033408,4183.921266763992,0.21544393752655544,0.0,0.0,0.0
97.2,True,42.809312885683475,233.59403190384432,4161.065212488434,0.21404656442862519,0.0,0.0,0.0
97.30000000000001,True,42.531632954002255,235.11911735942394,4138.32788642442,0.212658164769975,0.0,0.0,0.0
97.4,True,42.255736430318855,236.65425915580337,4115.708728313057,0.2112786820976481,0.0,0.0,0.0
97.5,True,41.981612100711146,238.19952354403762,4093.207179819337,0.20990806050339433,0.0,0.0,0.0
97.60000000000001,True,41.70924881946757,239.75497720621988,4070.822684780035,0.20854624410302114,0.0,0.0,0.0
97.7,True,41.43863550634225,241.3206872718935,4048.554688969638,0.20719317753140248,0.0,0.0,0.0
97.80000000000001,True,41.16976114722789,242.896721315405,4026.402640198888,0.20584880573599684,0.0,0.0,0.0
97.9,True,40.90261479385741,244.48314735863195,4004.3659883186406,0.20451307396927693,0.0,0.0,0.0
98.0,True,40.63718556348437,246.080033873846,3982.4441852214686,0.20318592778545103,0.0,0.0,0.0
98.10000000000001,True,40.373462637837285,247.68744979104613,3960.636684771838,0.20186731318917644,0.0,0.0,0.0
98.2,True,40.11143526376094,249.3054644951734,3938.9429429013244,0.2005571764327695,0.0,0.0,0.0
98.30000000000001,True,39.85109275415503,250.934147821012,3917.36241773344,0.19925546374773018,0.0,0.0,0.0
98.4,True,39.592424482555145,252.57357008803817,3895.8945690834266,0.19796212241276423,0.0,0.0,0.0
98.5,True,39.33541988903548,254.22380206464868,3874.5388590699945,0.19667709944515915,0.0,0.0,0.0
98.60000000000001,True,39.08006847616085,255.88491499445757,3853.29475174946,0.19540034238079734,0.0,0.0,0.0
98.7,True,38.826359809970626,257.5569805911085,3832.161713244101,0.19413179899720928,0.0,0.0,0.0
98.80000000000001,True,38.574283518504,259.2400710489677,3811.1392116281954,0.19287141755623533,0.0,0.0,0.0
98.9,True,38.323829293181895,260.9342590349936,3790.2267170956898,0.19161914644052064,0.0,0.0,0.0
99.0,True,38.07498688714266,262.6396177007443,3769.423701827123,0.1903749344365439,0.0,0.0,0.0
99.10000000000001,True,37.827746115647386,264.3562206806584,3748.7296400606565,0.1891387305782124,0.0,0.0,0.0
99.2,True,37.582096855181604,266.08414209919897,3728.1440080340153,0.18791048426849927,0.0,0.0,0.0
99.30000000000001,True,37.33802904341912,267.8234565721544,3707.666284011519,0.18669014521708982,0.0,0.0,0.0
99.4,True,37.09553267910308,269.57423920841205,3687.295948302846,0.1854776633953492,0.0,0.0,0.0
99.5,True,36.85459782140829,271.3365656154616,3667.032483230125,0.18427298910299594,0.0,0.0,0.0
99.60000000000001,True,36.61521458975335,273.110511901751,3646.875373139434,0.18307607293833794,0.0,0.0,0.0
99.7,True,36.37737316338766,274.8961546806956,3626.8241043897497,0.18188686581725821,0.0,0.0,0.0
99.80000000000001,True,36.14106378137105,276.69357107176546,3606.8781653808314,0.18070531890684427,0.0,0.0,0.0
99.9,True,35.9062767418862,278.50283870659786,3587.037046514432,0.17953138370445026,0.0,0.0,0.0
100.0,True,35.673002402041966,280.3240357315029,3567.3002402041966,0.17836501201020089,0.0,0.0,0.0
100.10000000000001,True,35.441231177725555,282.15724080953754,3547.6672408903282,0.17720615588862199,0.0,0.0,0.0
100.2,True,35.21095354306779,284.00253312562637,3528.1375450153923,0.17605476771536277,0.0,0.0,0.0
100.30000000000001,True,34.98216003023893,285.8599923891463,3508.710651032965,0.17491080015150545,0.0,0.0,0.0
100.4,True,34.75484122914739,287.72969883727825,3489.386059406398,0.17377420613937905,0.0,0.0,0.0
100.5,True,34.52898778697655,289.6117332397373,3470.163272591143,0.1726449389344854,0.0,0.0,0.0
100.60000000000001,True,34.30459040815862,291.50617689992043,3451.041795060757,0.17152295204076135,0.0,0.0,0.0
100.7,True,34.081639853793845,293.4131116606713,3432.0211332770405,0.1704081992689641,0.0,0.0,0.0
100.80000000000001,True,33.860126941464905,295.33261990681024,3413.1007956996627,0.16930063470762252,0.0,0.0,0.0
100.9,True,33.64004254491504,297.26478456881676,3394.280292781928,0.1682002127245647,0.0,0.0,0.0
101.0,True,33.421377593725566,299.20968912655985,3375.559136966282,0.1671068879686075,0.0,0.0,0.0
101.10000000000001,True,33.20412307302261,301.16741761280576,3356.936842682586,0.16602061536510393,0.0,0.0,0.0
101.2,True,32.988270023165356,303.1380546169199,3338.412926344334,0.1649413501157846,0.0,0.0,0.0
101.30000000000001,True,32.773809539080275,305.1216852919024,3319.986906308832,0.1638690477789238,0.0,0.0,0.0
101.4,True,32.56073277193726,307.1183953396338,3301.658303074438,0.16280366381993533,0.0,0.0,0.0
101.5,True,32.3490309244674,309.1282710554533,3283.426638833441,0.1617451546008753,0.0,0.0,0.0
101.60000000000001,True,32.1386952555283,311.1513992864991,3265.2914379616755,0.16069347627764236,0.0,0.0,0.0
101.7,True,31.92971707720603,313.1878674596461,3247.252226751853,0.1596485853860174,0.0,0.0,0.0
101.80000000000001,True,31.722087755065104,315.2377635801505,3229.308533465628,0.15861043871568598,0.0,0.0,0.0
101.9,True,31.515798707430058,317.3011762396627,3211.4598882871232,0.1575789934049419,0.0,0.0,0.0
102.0,True,31.310841404725164,319.3781946240156,3193.705823281967,0.15655420702362177,0.0,0.0,0.0
102.10000000000001,True,31.107207371485913,321.46890849374,3176.045872628712,0.15553603704187358,0.0,0.0,0.0
102.2,True,30.904888185773984,323.5734081899432,3158.4795725861013,0.1545244408916206,0.0,0.0,0.0
102.30000000000001,True,30.703875472610136,325.6917847038773,3141.0064608480175,0.15351937741309468,0.0,0.0,0.0
102.4,True,30.504160913593008,327.82412957780735,3123.626077551924,0.15252080456796047,0.0,0.0,0.0
102.5,True,30.305736238581716,329.9705349929486,3106.3379644546258,0.1515286812901911,0.0,0.0,0.0
102.60000000000001,True,30.108593231540215,332.1310937079755,3089.1416655560265,0.15054296606381123,0.0,0.0,0.0
102.7,True,29.912723722960866,334.305899142312,3072.036726348081,0.14956361861445738,0.0,0.0,0.0
102.80000000000001,True,29.718119597818912,336.49504528994237,3055.0226946557846,0.14859059799069063,0.0,0.0,0.0
102.9,True,29.524772788902343,338.698626793794,3038.0991199780515,0.1476238640487328,0.0,0.0,0.0
103.0,True,29.33267528105371,340.9167388989952,3021.265553948532,0.14666337639335464,0.0,0.0,0.0
103.10000000000001,True,29.14181910553763,343.1494775183669,3004.52154978093,0.14570909563004575,0.0,0.0,0.0
103.2,True,28.952196346700333,345.3969391562134,2987.8666629794743,0.14476098173368213,0.0,0.0,0.0
103.30000000000001,True,28.76379913542911,347.65922098526767,2971.3004506898274,0.1438189955171168,0.0,0.0,0.0
103.4,True,28.57661965049126,349.93642083303894,2954.8224718607967,0.14288309825244594,0.0,0.0,0.0
103.5,True,28.390650122710948,352.22863713150946,2938.432287700583,0.14195325061355724,0.0,0.0,0.0
103.60000000000001,True,28.20588282843727,354.53596899714705,2922.1294610261016,0.14102941415361797,0.0,0.0,0.0
103.7,True,28.022310092453942,356.85851619680966,2905.913556587474,0.14011155055051805,0.0,0.0,0.0
103.80000000000001,True,27.83992428838227,359.19637914292196,2889.78414113408,0.13919962144190406,0.0,0.0,0.0
103.9,True,27.65871783527795,361.54965893774255,2873.7407830853795,0.13829358916980428,0.0,0.0,0.0
104.0,True,27.478683200018136,363.91845734417865,2857.7830528018862,0.13739341614564005,0.0,0.0,0.0
104.10000000000001,True,27.299812898470297,366.3028767702776,2841.910522730758,0.13649906450057908,0.0,0.0,0.0
104.2,True,27.122099489538677,368.7030203490375,2826.12276680993,0.13561049744765225,0.0,0.0,0.0
104.30000000000001,True,26.945535580558545,371.1189918679921,2810.4193610522566,0.13472767792166646,0.0,0.0,0.0
104.4,True,26.77011382503046,373.5508957996976,2794.7998833331803,0.13385056905560444,0.0,0.0,0.0
104.5,True,26.595826920603923,375.9988373308652,2779.26391320311,0.13297913460275224,0.0,0.0,0.0
104.60000000000001,True,26.422667612419612,378.4629223167322,2763.811032259092,0.13211333806276965,0.0,0.0,0.0
104.7,True,26.25062868966894,380.94325732989194,2748.440823808338,0.13125314344816552,0.0,0.0,0.0
104.80000000000001,True,26.079702986773405,383.43994964481016,2733.152873013853,0.13039851493386045,0.0,0.0,0.0
104.9,True,25.90988338291973,385.9531072452523,2717.94676686828,0.12954941690451488,0.0,0.0,0.0
105.0,True,25.741162801574607,388.48283883229595,2702.8220941653335,0.12870581400781855,0.0,0.0,0.0
105.10000000000001,True,25.57353421063655,391.029253822915,2687.7784455379015,0.12786767105232594,0.0,0.0,0.0
105.2,True,25.40699062175711,393.5924623609915,2672.815413408848,0.12703495310878055,0.0,0.0,0.0
105.30000000000001,True,25.241525090394564,396.1725753173848,2657.932592018548,0.12620762543233488,0.0,0.0,0.0
105.4,True,25.077130715136473,398.7697043012992,2643.1295773753845,0.12538565356478348,0.0,0.0,0.0
105.5,True,24.913800638026366,401.383961656048,2628.4059673117818,0.12456900318988262,0.0,0.0,0.0
105.60000000000001,True,24.75152804437571,404.015460462543,2613.761361486075,0.1237576401149959,0.0,0.0,0.0
105.7,True,24.590306160326524,406.6643145799374,2599.1953611465137,0.12295153081108351,0.0,0.0,0.0
105.80000000000001,True,24.43012825714297,409.3306385764128,2584.707569605727,0.12215064128570502,0.0,0.0,0.0
105.9,True,24.27098764632185,412.0145478099426,2570.297591745484,0.12135493823128346,0.0,0.0,0.0
106.0,True,24.112877682354426,414.71615838361356,2555.9650343295693,0.12056438827646743,0.0,0.0,0.0
106.10000000000001,True,23.955791759224066,417.4355872061522,2541.7095056536737,0.1197789587964137,0.0,0.0,0.0
106.2,True,23.799723315502177,420.17295190513425,2527.5306161063313,0.11899861657741162,0.0,0.0,0.0
106.30000000000001,True,23.644665828905552,422.9283709214034,2513.4279776126605,0.11822332911312672,0.0,0.0,0.0
106.4,True,23.490612818109295,425.7019634792515,2499.401203846829,0.11745306409054018,0.0,0.0,0.0
106.5,True,23.33755784318809,428.49384957898934,2485.4499102995314,0.11668778921588763,0.0,0.0,0.0
106.60000000000001,True,23.185494504149325,431.30415002407557,2471.5737141423183,0.11592747252115959,0.0,0.0,0.0
106.7,True,23.03441644131432,434.1329864152361,2457.772234288238,0.11517208220656666,0.0,0.0,0.0
106.80000000000001,True,22.884317335014828,436.98048115681405,2444.045091379584,0.11442158665518032,0.0,0.0,0.0
106.9,True,22.73519090542996,439.846757460552,2430.391907790463,0.1136759544124335,0.0,0.0,0.0
107.0,True,22.5870309108957,442.73193937925356,2416.8123074658397,0.11293515455447489,0.0,0.0,0.0
107.10000000000001,True,22.439831151329393,445.6361517411674,2403.305916307378,0.11219915575665323,0.0,0.0,0.0
107.2,True,22.29358546395145,448.55952023374255,2389.872361735596,0.11146792731975808,0.0,0.0,0.0
107.30000000000001,True,22.148287725188503,451.5021713677367,2376.511272912727,0.11074143862593372,0.0,0.0,0.0
107.4,True,22.003931849786785,454.4642324956527,2363.2222806671007,0.11001965930423607,0.0,0.0,0.0
107.5,True,21.8605117916389,457.4458317954272,2350.005017601182,0.10930255895819246,0.0,0.0,0.0
107.60000000000001,True,21.718021541054696,460.44709832783263,2336.8591178174856,0.1085901078057212,0.0,0.0,0.0
107.7,True,21.576455128562454,463.4681619578098,2323.7842173461763,0.10788227564296793,0.0,0.0,0.0
107.80000000000001,True,21.435806619966623,466.5091534593985,2310.7799536324023,0.10717903305522536,0.0,0.0,0.0
107.9,True,21.296070119402454,469.5702044523785,2297.845965883525,0.10648035057229555,0.0,0.0,0.0
108.0,True,21.157239768264542,472.6514474255668,2284.9818949725704,0.10578619888452767,0.0,0.0,0.0
108.10000000000001,True,21.01930974593174,475.75301572096043,2272.187383535221,0.10509654859497086,0.0,0.0,0.0
108.2,True,20.88227426527339,478.8750436359179,2259.4620755025812,0.1044113713270185,0.0,0.0,0.0
108.30000000000001,True,20.74612757947779,482.0176662700208,2246.805616857445,0.10373063789321252,0.0,0.0,0.0
108.4,True,20.61086397574289,485.1810196685151,2234.2176549705296,0.10305431987510244,0.0,0.0,0.0
108.5,True,20.47647777787825,488.36524076438053,2221.6978388997904,0.10238238888936985,0.0,0.0,0.0
108.60000000000001,True,20.34296334554417,491.57046739654845,2209.2458193260973,0.10171481672768534,0.0,0.0,0.0
108.7,True,20.210315074032803,494.79683831591944,2196.861248547366,0.10105157535607057,0.0,0.0,0.0
108.80000000000001,True,20.078527393804023,498.0444931975376,2184.543780445878,0.10039263697904593,0.0,0.0,0.0
108.9,True,19.94759477097435,501.31357262936535,2172.293070559107,0.09973797385378463,0.0,0.0,0.0
109.0,True,19.817511706175807,504.6042181412544,2160.108775973163,0.09908755853271384,0.0,0.0,0.0
109.10000000000001,True,19.688272735055723,507.9165721934874,2147.9905553945796,0.09844136367525491,0.0,0.0,0.0
109.2,True,19.559872427716627,511.2507781916743,2135.938069106656,0.09779936213858237,0.0,0.0,0.0
109.30000000000001,True,19.43230538863281,514.6069804898,2123.950978977566,0.09716152694315766,0.0,0.0,0.0
109.4,True,19.305566256393867,517.9853243977276,2112.0289484494892,0.09652783128428793,0.0,0.0,0.0
109.5,True,19.17964970351647,521.3859561870185,2100.1716425350537,0.09589824852587658,0.0,0.0,0.0
109.60000000000001,True,19.054550436344286,524.809023094357,2088.378727823334,0.0952727521709627,0.0,0.0,0.0
109.7,True,18.930263194424473,528.2546733394229,2076.6498724283647,0.09465131597211696,0.0,0.0,0.0
109.80000000000001,True,18.806782750961993,531.7230561132784,2064.984746055627,0.09403391375482095,0.0,0.0,0.0
109.9,True,18.68410391198086,535.2143216024223,2053.3830199266963,0.09342051958604058,0.0,0.0,0.0
110.0,True,18.562221517024753,538.7286209696549,2041.8443668727227,0.09281110753141059,0.0,0.0,0.0
110.10000000000001,True,18.44113043697775,542.2661064176531,2030.3684611112506,0.09220565218488525,0.0,0.0,0.0
110.2,True,18.320825576710174,545.8269311134218,2018.9549785534612,0.0916041279042153,0.0,0.0,0.0
110.30000000000001,True,18.201301872908445,549.4112492515936,2007.6035965818016,0.09100650933847626,0.0,0.0,0.0
110.4,True,18.082554293730315,553.019216066574,1996.3139940278268,0.09041277146800314,0.0,0.0,0.0
110.5,True,17.96457783968604,556.6509878071683,1985.0858512853074,0.08982288931297266,0.0,0.0,0.0
110.60000000000001,True,17.84736754421826,560.3067217181588,1973.91885039054,0.08923683772109009,0.0,0.0,0.0
110.7,True,17.730918469895663,563.9865761595171,1962.8126746174498,0.08865459234522166,0.0,0.0,0.0
110.80000000000001,True,17.615225712232547,567.6907104889208,1951.7670089153664,0.08807612855567648,0.0,0.0,0.0
110.9,True,17.500284397122012,571.4192851428481,1940.7815396408312,0.08750142208295886,0.0,0.0,0.0
111.0,True,17.3860896828576,575.1724615719563,1929.8559547971938,0.08693044841422581,0.0,0.0,0.0
111.10000000000001,True,17.27263675658352,578.9504023575595,1918.9899436564292,0.08636318370797758,0.0,0.0,0.0
111.2,True,17.15992083638358,582.7532711454792,1908.1831970058543,0.08579960417332821,0.0,0.0,0.0
111.30000000000001,True,17.047937171854514,586.5812326261745,1897.4354072274075,0.08523968585926567,0.0,0.0,0.0
111.4,True,16.936681041718572,590.4344526160655,1886.746268047449,0.0846834052560761,0.0,0.0,0.0
111.5,True,16.826147755523802,594.3130980005291,1876.115474740904,0.08413073877740601,0.0,0.0,0.0
111.60000000000001,True,16.716332651652316,598.2173368039284,1865.5427239243986,0.08358166325586641,0.0,0.0,0.0
111.7,True,16.607231098767468,602.1473381400808,1855.0277137323262,0.08303615549383608,0.0,0.0,0.0
111.80000000000001,True,16.498838495249586,606.1032722321174,1844.570143768904,0.08249419236659078,0.0,0.0,0.0
111.9,True,16.391150267156114,610.0853104884026,1834.1697148947692,0.08195575133577354,0.0,0.0,0.0
112.0,True,16.284161871976096,614.0936253654725,1823.8261296613227,0.08142080935985574,0.0,0.0,0.0
112.10000000000001,True,16.17786879458384,618.1283905175372,1813.5390918728488,0.0808893439629052,0.0,0.0,0.0
112.2,True,16.072266548842514,622.1897807388078,1803.3083067801301,0.08036133274090751,0.0,0.0,0.0
112.30000000000001,True,15.967350677331936,626.2779719741803,1793.1334810643766,0.07983675338665375,0.0,0.0,0.0
112.4,True,15.863116751060785,630.3931413308982,1783.0143228192323,0.0793155837196472,0.0,0.0,0.0
112.5,True,15.75956036871413,634.5354671093486,1772.9505414803396,0.07879780184645041,0.0,0.0,0.0
112.60000000000001,True,15.656677157806488,638.7051287580491,1762.9418479690107,0.07828338578898104,0.0,0.0,0.0
112.7,True,15.5544627731409,642.9023069358446,1752.9879545329795,0.07777231386569958,0.0,0.0,0.0
112.80000000000001,True,15.452912897350396,647.1271834913811,1743.088574821125,0.07726456449124079,0.0,0.0,0.0
112.9,True,15.35202324092628,651.3799414621417,1733.2434239005772,0.07676011611900065,0.0,0.0,0.0
113.0,True,15.251789540107508,655.6607651648405,1723.4522180321483,0.0762589477865974,0.0,0.0,0.0
113.10000000000001,True,15.152207561699326,659.9698399906617,1713.714675228194,0.07576103770970237,0.0,0.0,0.0
113.2,True,15.053273095494728,664.3073527306752,1704.0305144100032,0.07526636536984221,0.0,0.0,0.0
113.30000000000001,True,14.95498196018285,668.6734913238058,1694.3994560887172,0.07477490980091335,0.0,0.0,0.0
113.4,True,14.857330001687764,673.0684449267815,1684.8212221913925,0.07428665000799635,0.0,0.0,0.0
113.5,True,14.760313091274778,677.4924039999714,1675.2955358596873,0.07380156545633758,0.0,0.0,0.0
113.60000000000001,True,14.663927126926138,681.9455602474891,1665.8221216188094,0.07331963563462454,0.0,0.0,0.0
113.7,True,14.568168032789455,686.4281066426744,1656.400705328161,0.07284084016394313,0.0,0.0,0.0
113.80000000000001,True,14.473031759364318,690.9402374198354,1647.0310142156595,0.07236515869718578,0.0,0.0,0.0
113.9,True,14.378514281624863,695.4821481646111,1637.712776677072,0.07189257140812072,0.0,0.0,0.0
114.0,True,14.284611602301808,700.0540356581071,1628.445722662406,0.07142305800754618,0.0,0.0,0.0
114.10000000000001,True,14.191319748225187,704.6560980525178,1619.229583272494,0.07095659874112711,0.0,0.0,0.0
114.2,True,14.098634772017057,709.2885347911828,1610.064090964348,0.07049317385979895,0.0,0.0,0.0
114.30000000000001,True,14.006552751449602,713.9515466405575,1600.9489794906897,0.07003276375724676,0.0,0.0,0.0
114.4,True,13.915069789366582,718.6453356950933,1591.883983903537,0.06957534894659684,0.0,0.0,0.0
114.5,True,13.82418201351484,723.3701053866166,1582.868840547449,0.06912091006317989,0.0,0.0,0.0
114.60000000000001,True,13.733885576332609,728.126060496153,1573.9032870477172,0.06866942788002402,0.0,0.0,0.0
114.7,True,13.644176654907984,732.9134071569553,1564.9870623179459,0.06822088327453696,0.0,0.0,0.0
114.80000000000001,True,13.555051450735842,737.7323528681366,1556.1199065444748,0.06777525725357286,0.0,0.0,0.0
114.9,True,13.466506189628618,742.5831065003047,1547.3015611883282,0.06733253093437784,0.0,0.0,0.0
115.0,True,13.378537121347751,747.4658783166423,1538.5317689549913,0.06689268560679508,0.0,0.0,0.0
115.10000000000001,True,13.291140519910288,752.3808799568313,1529.8102738416742,0.06645570259971141,0.0,0.0,0.0
115.2,True,13.204312682975967,757.3283244718056,1521.1368210788314,0.06602156341478922,0.0,0.0,0.0
115.30000000000001,True,13.118049931930207,762.3084263202364,1512.511157151553,0.06559024965834571,0.0,0.0,0.0
115.4,True,13.032348611675031,767.3214013812903,1503.9330297872987,0.06516174305836986,0.0,0.0,0.0
115.5,True,12.947205090520155,772.3674669618019,1495.402187955078,0.06473602545259645,0.0,0.0,0.0
115.60000000000001,True,12.862615759992337,777.4468418083226,1486.9183818551144,0.06431307880071234,0.0,0.0,0.0
115.7,True,12.778577034776777,782.5597461114091,1478.4813629236733,0.06389288515820125,0.0,0.0,0.0
115.80000000000001,True,12.6950853523016,787.7064015317561,1470.0908837965255,0.06347542675510971,0.0,0.0,0.0
115.9,True,12.61213717305399,792.8870311817684,1461.7466983569575,0.06306068586034945,0.0,0.0,0.0
116.0,True,12.529728980025713,798.1018596604536,1453.4485616829827,0.06264864490184847,0.0,0.0,0.0
116.10000000000001,True,12.447857278818708,803.3511130478669,1445.1962300708522,0.06223928639300848,0.0,0.0,0.0
116.2,True,12.366518597453952,808.6350189178402,1436.9894610241493,0.061832592946597036,0.0,0.0,0.0
116.30000000000001,True,12.285709485709306,813.9538063822822,1428.8280131879924,0.061428547428559264,0.0,0.0,0.0
116.4,True,12.205426516250816,819.3077060179405,1420.711646491595,0.06102713258130087,0.0,0.0,0.0
116.5,True,12.12566628316683,824.696949963258,1412.6401219889356,0.06062833141564928,0.0,0.0,0.0
116.60000000000001,True,12.04642540249836,830.1217718847997,1404.6132019313088,0.06023212701248881,0.0,0.0,0.0
116.7,True,11.967700511954455,835.582406997156,1396.6306497450848,0.059838502565822106,0.0,0.0,0.0
116.80000000000001,True,11.889488270755065,841.0790920747451,1388.6922300241918,0.05944744138831924,0.0,0.0,0.0
116.9,True,11.811785359975065,846.6120654279405,1380.797708581085,0.05905892676749625,0.0,0.0,0.0
117.0,True,11.734588480937452,852.1815670182854,1372.9468522696818,0.058672942404684555,0.0,0.0,0.0
117.10000000000001,True,11.657894357182784,857.7878383190782,1365.139429226104,0.058289471786235156,0.0,0.0,0.0
117.2,True,11.581699732564624,863.4311224528373,1357.375208656574,0.057908498712290105,0.0,0.0,0.0
117.30000000000001,True,11.506001372600723,869.1116640932298,1349.653961006065,0.0575300068517997,0.0,0.0,0.0
117.4,True,11.430796062449167,874.8297096166893,1341.9754577315323,0.05715398030974767,0.0,0.0,0.0
117.5,True,11.35608060871986,880.5855069680835,1334.3394715245836,0.05678040304358626,0.0,0.0,0.0
117.60000000000001,True,11.28185183807792,886.3793057668528,1326.7457761579635,0.05640925924310462,0.0,0.0,0.0
117.7,True,11.208106598241358,892.2113572304067,1319.194146613008,0.05604053299028513,0.0,0.0,0.0
117.80000000000001,True,11.134841756102185,898.0819143226474,1311.6843588688375,0.05567420878692327,0.0,0.0,0.0
117.9,True,11.062054199512154,903.9912316141977,1304.216190122483,0.055310270976483035,0.0,0.0,0.0
118.0,True,10.98974083571634,909.9395654081568,1296.7894186145281,0.05494870417856629,0.0,0.0,0.0
118.10000000000001,True,10.917898592060402,915.9271736845122,1289.4038237223335,0.054589493036304476,0.0,0.0,0.0
118.2,True,10.846524416300547,921.9543160730492,1282.0591860067245,0.05423262208288332,0.0,0.0,0.0
118.30000000000001,True,10.775615274403567,928.0212540395752,1274.7552869619421,0.05387807637183069,0.0,0.0,0.0
118.4,True,10.705168152768426,934.1282507004744,1267.4919092877817,0.05352584076383053,0.0,0.0,0.0
118.5,True,10.635180056922932,940.2755709331442,1260.2688367453675,0.053175900284718323,0.0,0.0,0.0
118.60000000000001,True,10.565648011621668,946.4634813691043,1253.08585417833,0.052828240058047836,0.0,0.0,0.0
118.7,True,10.496569060753595,952.6922504030146,1245.9427475114517,0.05248284529560309,0.0,0.0,0.0
118.80000000000001,True,10.427940266970081,958.962148227339,1238.8393037160458,0.05213970137385226,0.0,0.0,0.0
118.9,True,10.359758712503945,965.2734467580093,1231.775310916719,0.05179879354539718,0.0,0.0,0.0
119.0,True,10.292021497264097,971.6264198105567,1224.7505581744274,0.05146010748629135,0.0,0.0,0.0
119.10000000000001,True,10.224725740651056,978.021342933669,1217.7648357115409,0.05112362870203226,0.0,0.0,0.0
119.2,True,10.157868580218699,984.4584935341525,1210.817934762069,0.050789342901618705,0.0,0.0,0.0
119.30000000000001,True,10.091447172003038,990.9381508475075,1203.9096476199625,0.05045723586001238,0.0,0.0,0.0
119.4,True,10.0254586902958,997.4605959605176,1197.0397676213186,0.05012729345145924,0.0,0.0,0.0
119.5,False,0.0,,0.0,,,,
119.60000000000001,False,0.0,,0.0,,,,
119.7,False,0.0,,0.0,,,,
119.80000000000001,False,0.0,,0.0,,,,
119.9,False,0.0,,0.0,,,,
120.0,False,0.0,,0.0,,,,
120.10000000000001,False,0.0,,0.0,,,,
120.2,False,0.0,,0.0,,,,
120.30000000000001,False,0.0,,0.0,,,,
120.4,False,0.0,,0.0,,,,
120.5,False,0.0,,0.0,,,,
120.60000000000001,False,0.0,,0.0,,,,
120.7,False,0.0,,0.0,,,,
120.80000000000001,False,0.0,,0.0,,,,
120.9,False,0.0,,0.0,,,,
121.0,False,0.0,,0.0,,,,
121.10000000000001,False,0.0,,0.0,,,,
121.2,False,0.0,,0.0,,,,
121.30000000000001,False,0.0,,0.0,,,,
121.4,False,0.0,,0.0,,,,
121.5,False,0.0,,0.0,,,,
121.60000000000001,False,0.0,,0.0,,,,
121.7,False,0.0,,0.0,,,,
121.80000000000001,False,0.0,,0.0,,,,
121.9,False,0.0,,0.0,,,,
122.0,False,0.0,,0.0,,,,
122.10000000000001,False,0.0,,0.0,,,,
122.2,False,0.0,,0.0,,,,
122.30000000000001,False,0.0,,0.0,,,,
122.4,False,0.0,,0.0,,,,
122.5,False,0.0,,0.0,,,,
122.60000000000001,False,0.0,,0.0,,,,
122.7,False,0.0,,0.0,,,,
122.80000000000001,False,0.0,,0.0,,,,
122.9,False,0.0,,0.0,,,,
123.0,False,0.0,,0.0,,,,
123.10000000000001,False,0.0,,0.0,,,,
123.2,False,0.0,,0.0,,,,
123.30000000000001,False,0.0,,0.0,,,,
123.4,False,0.0,,0.0,,,,
123.5,False,0.0,,0.0,,,,
123.60000000000001,False,0.0,,0.0,,,,
123.7,False,0.0,,0.0,,,,
123.80000000000001,False,0.0,,0.0,,,,
123.9,False,0.0,,0.0,,,,
124.0,False,0.0,,0.0,,,,
124.10000000000001,False,0.0,,0.0,,,,
124.2,False,0.0,,0.0,,,,
124.30000000000001,False,0.0,,0.0,,,,
124.4,False,0.0,,0.0,,,,
124.5,False,0.0,,0.0,,,,
124.60000000000001,False,0.0,,0.0,,,,
124.7,False,0.0,,0.0,,,,
124.80000000000001,False,0.0,,0.0,,,,
124.9,False,0.0,,0.0,,,,
125.0,False,0.0,,0.0,,,,
125.10000000000001,False,0.0,,0.0,,,,
125.2,False,0.0,,0.0,,,,
125.30000000000001,False,0.0,,0.0,,,,
125.4,False,0.0,,0.0,,,,
125.5,False,0.0,,0.0,,,,
125.60000000000001,False,0.0,,0.0,,,,
125.7,False,0.0,,0.0,,,,
125.80000000000001,False,0.0,,0.0,,,,
125.9,False,0.0,,0.0,,,,
126.0,False,0.0,,0.0,,,,
126.10000000000001,False,0.0,,0.0,,,,
126.2,False,0.0,,0.0,,,,
126.30000000000001,False,0.0,,0.0,,,,
126.4,False,0.0,,0.0,,,,
126.5,False,0.0,,0.0,,,,
126.60000000000001,False,0.0,,0.0,,,,
126.7,False,0.0,,0.0,,,,
126.80000000000001,False,0.0,,0.0,,,,
126.9,False,0.0,,0.0,,,,
127.0,False,0.0,,0.0,,,,
127.10000000000001,False,0.0,,0.0,,,,
127.2,False,0.0,,0.0,,,,
127.30000000000001,False,0.0,,0.0,,,,
127.4,False,0.0,,0.0,,,,
127.5,False,0.0,,0.0,,,,
127.60000000000001,False,0.0,,0.0,,,,
127.7,False,0.0,,0.0,,,,
127.80000000000001,False,0.0,,0.0,,,,
127.9,False,0.0,,0.0,,,,
128.0,False,0.0,,0.0,,,,
128.1,False,0.0,,0.0,,,,
128.20000000000002,False,0.0,,0.0,,,,
128.3,False,0.0,,0.0,,,,
128.4,False,0.0,,0.0,,,,
128.5,False,0.0,,0.0,,,,
128.6,False,0.0,,0.0,,,,
128.70000000000002,False,0.0,,0.0,,,,
128.8,False,0.0,,0.0,,,,
128.9,False,0.0,,0.0,,,,
129.0,False,0.0,,0.0,,,,
129.1,False,0.0,,0.0,,,,
129.20000000000002,False,0.0,,0.0,,,,
129.3,False,0.0,,0.0,,,,
129.4,False,0.0,,0.0,,,,
129.5,False,0.0,,0.0,,,,
129.6,False,0.0,,0.0,,,,
129.70000000000002,False,0.0,,0.0,,,,
129.8,False,0.0,,0.0,,,,
129.9,False,0.0,,0.0,,,,
130.0,False,0.0,,0.0,,,,
130.1,False,0.0,,0.0,,,,
130.20000000000002,False,0.0,,0.0,,,,
130.3,False,0.0,,0.0,,,,
130.4,False,0.0,,0.0,,,,
130.5,False,0.0,,0.0,,,,
130.6,False,0.0,,0.0,,,,
130.70000000000002,False,0.0,,0.0,,,,
130.8,False,0.0,,0.0,,,,
130.9,False,0.0,,0.0,,,,
131.0,False,0.0,,0.0,,,,
131.1,False,0.0,,0.0,,,,
131.20000000000002,False,0.0,,0.0,,,,
131.3,False,0.0,,0.0,,,,
131.4,False,0.0,,0.0,,,,
131.5,False,0.0,,0.0,,,,
131.6,False,0.0,,0.0,,,,
131.70000000000002,False,0.0,,0.0,,,,
131.8,False,0.0,,0.0,,,,
131.9,False,0.0,,0.0,,,,
132.0,False,0.0,,0.0,,,,
132.1,False,0.0,,0.0,,,,
132.20000000000002,False,0.0,,0.0,,,,
132.3,False,0.0,,0.0,,,,
132.4,False,0.0,,0.0,,,,
132.5,False,0.0,,0.0,,,,
132.6,False,0.0,,0.0,,,,
132.70000000000002,False,0.0,,0.0,,,,
132.8,False,0.0,,0.0,,,,
132.9,False,0.0,,0.0,,,,
133.0,False,0.0,,0.0,,,,
133.1,False,0.0,,0.0,,,,
133.20000000000002,False,0.0,,0.0,,,,
133.3,False,0.0,,0.0,,,,
133.4,False,0.0,,0.0,,,,
133.5,False,0.0,,0.0,,,,
133.6,False,0.0,,0.0,,,,
133.70000000000002,False,0.0,,0.0,,,,
133.8,False,0.0,,0.0,,,,
133.9,False,0.0,,0.0,,,,
134.0,False,0.0,,0.0,,,,
134.1,False,0.0,,0.0,,,,
134.20000000000002,False,0.0,,0.0,,,,
134.3,False,0.0,,0.0,,,,
134.4,False,0.0,,0.0,,,,
134.5,False,0.0,,0.0,,,,
134.6,False,0.0,,0.0,,,,
134.70000000000002,False,0.0,,0.0,,,,
134.8,False,0.0,,0.0,,,,
134.9,False,0.0,,0.0,,,,
135.0,False,0.0,,0.0,,,,
135.1,False,0.0,,0.0,,,,
135.20000000000002,False,0.0,,0.0,,,,
135.3,False,0.0,,0.0,,,,
135.4,False,0.0,,0.0,,,,
135.5,False,0.0,,0.0,,,,
135.6,False,0.0,,0.0,,,,
135.70000000000002,False,0.0,,0.0,,,,
135.8,False,0.0,,0.0,,,,
135.9,False,0.0,,0.0,,,,
136.0,False,0.0,,0.0,,,,
136.1,False,0.0,,0.0,,,,
136.20000000000002,False,0.0,,0.0,,,,
136.3,False,0.0,,0.0,,,,
136.4,False,0.0,,0.0,,,,
136.5,False,0.0,,0.0,,,,
136.6,False,0.0,,0.0,,,,
136.70000000000002,False,0.0,,0.0,,,,
136.8,False,0.0,,0.0,,,,
136.9,False,0.0,,0.0,,,,
137.0,False,0.0,,0.0,,,,
137.1,False,0.0,,0.0,,,,
137.20000000000002,False,0.0,,0.0,,,,
137.3,False,0.0,,0.0,,,,
137.4,False,0.0,,0.0,,,,
137.5,False,0.0,,0.0,,,,
137.6,False,0.0,,0.0,,,,
137.70000000000002,False,0.0,,0.0,,,,
137.8,False,0.0,,0.0,,,,
137.9,False,0.0,,0.0,,,,
138.0,False,0.0,,0.0,,,,
138.1,False,0.0,,0.0,,,,
138.20000000000002,False,0.0,,0.0,,,,
138.3,False,0.0,,0.0,,,,
138.4,False,0.0,,0.0,,,,
138.5,False,0.0,,0.0,,,,
138.6,False,0.0,,0.0,,,,
138.70000000000002,False,0.0,,0.0,,,,
138.8,False,0.0,,0.0,,,,
138.9,False,0.0,,0.0,,,,
139.0,False,0.0,,0.0,,,,
139.1,False,0.0,,0.0,,,,
139.20000000000002,False,0.0,,0.0,,,,
139.3,False,0.0,,0.0,,,,
139.4,False,0.0,,0.0,,,,
139.5,False,0.0,,0.0,,,,
139.6,False,0.0,,0.0,,,,
139.70000000000002,False,0.0,,0.0,,,,
139.8,False,0.0,,0.0,,,,
139.9,False,0.0,,0.0,,,,
140.0,False,0.0,,0.0,,,,
140.1,False,0.0,,0.0,,,,
140.20000000000002,False,0.0,,0.0,,,,
140.3,False,0.0,,0.0,,,,
140.4,False,0.0,,0.0,,,,
140.5,False,0.0,,0.0,,,,
140.6,False,0.0,,0.0,,,,
140.70000000000002,False,0.0,,0.0,,,,
140.8,False,0.0,,0.0,,,,
140.9,False,0.0,,0.0,,,,
141.0,False,0.0,,0.0,,,,
141.1,False,0.0,,0.0,,,,
141.20000000000002,False,0.0,,0.0,,,,
141.3,False,0.0,,0.0,,,,
141.4,False,0.0,,0.0,,,,
141.5,False,0.0,,0.0,,,,
141.6,False,0.0,,0.0,,,,
141.70000000000002,False,0.0,,0.0,,,,
141.8,False,0.0,,0.0,,,,
141.9,False,0.0,,0.0,,,,
142.0,False,0.0,,0.0,,,,
142.1,False,0.0,,0.0,,,,
142.20000000000002,False,0.0,,0.0,,,,
142.3,False,0.0,,0.0,,,,
142.4,False,0.0,,0.0,,,,
142.5,False,0.0,,0.0,,,,
142.6,False,0.0,,0.0,,,,
142.70000000000002,False,0.0,,0.0,,,,
142.8,False,0.0,,0.0,,,,
142.9,False,0.0,,0.0,,,,
143.0,False,0.0,,0.0,,,,
143.1,False,0.0,,0.0,,,,
143.20000000000002,False,0.0,,0.0,,,,
143.3,False,0.0,,0.0,,,,
143.4,False,0.0,,0.0,,,,
143.5,False,0.0,,0.0,,,,
143.6,False,0.0,,0.0,,,,
143.70000000000002,False,0.0,,0.0,,,,
143.8,False,0.0,,0.0,,,,
143.9,False,0.0,,0.0,,,,
144.0,False,0.0,,0.0,,,,
144.1,False,0.0,,0.0,,,,
144.20000000000002,False,0.0,,0.0,,,,
144.3,False,0.0,,0.0,,,,
144.4,False,0.0,,0.0,,,,
144.5,False,0.0,,0.0,,,,
144.6,False,0.0,,0.0,,,,
144.70000000000002,False,0.0,,0.0,,,,
144.8,False,0.0,,0.0,,,,
144.9,False,0.0,,0.0,,,,
145.0,False,0.0,,0.0,,,,
145.1,False,0.0,,0.0,,,,
145.20000000000002,False,0.0,,0.0,,,,
145.3,False,0.0,,0.0,,,,
145.4,False,0.0,,0.0,,,,
145.5,False,0.0,,0.0,,,,
145.6,False,0.0,,0.0,,,,
145.70000000000002,False,0.0,,0.0,,,,
145.8,False,0.0,,0.0,,,,
145.9,False,0.0,,0.0,,,,
146.0,False,0.0,,0.0,,,,
146.1,False,0.0,,0.0,,,,
146.20000000000002,False,0.0,,0.0,,,,
146.3,False,0.0,,0.0,,,,
146.4,False,0.0,,0.0,,,,
146.5,False,0.0,,0.0,,,,
146.6,False,0.0,,0.0,,,,
146.70000000000002,False,0.0,,0.0,,,,
146.8,False,0.0,,0.0,,,,
146.9,False,0.0,,0.0,,,,
147.0,False,0.0,,0.0,,,,
147.1,False,0.0,,0.0,,,,
147.20000000000002,False,0.0,,0.0,,,,
147.3,False,0.0,,0.0,,,,
147.4,False,0.0,,0.0,,,,
147.5,False,0.0,,0.0,,,,
147.6,False,0.0,,0.0,,,,
147.70000000000002,False,0.0,,0.0,,,,
147.8,False,0.0,,0.0,,,,
147.9,False,0.0,,0.0,,,,
148.0,False,0.0,,0.0,,,,
148.1,False,0.0,,0.0,,,,
148.20000000000002,False,0.0,,0.0,,,,
148.3,False,0.0,,0.0,,,,
148.4,False,0.0,,0.0,,,,
148.5,False,0.0,,0.0,,,,
148.6,False,0.0,,0.0,,,,
148.70000000000002,False,0.0,,0.0,,,,
148.8,False,0.0,,0.0,,,,
148.9,False,0.0,,0.0,,,,
149.0,False,0.0,,0.0,,,,
149.1,False,0.0,,0.0,,,,
149.20000000000002,False,0.0,,0.0,,,,
149.3,False,0.0,,0.0,,,,
149.4,False,0.0,,0.0,,,,
149.5,False,0.0,,0.0,,,,
149.6,False,0.0,,0.0,,,,
149.70000000000002,False,0.0,,0.0,,,,
149.8,False,0.0,,0.0,,,,
149.9,False,0.0,,0.0,,,,
150.0,False,0.0,,0.0,,,,
