price,feasible,subscribers,rate_mbps,revenue,price_bounds_ok,fixed_point_residual,rate_identity_error,revenue_identity_error,max_acceptance_column_error,acceptance_prob_bounds_ok
0.0,True,2000.0,5.0,0.0,True,-3.174818630213849e-08,0.0,0.0,0.0,True
0.1,True,1999.99999989995,5.000000000250125,199.999999989995,True,4.794583219336346e-08,0.0,0.0,0.0,True
0.2,True,1999.99999989995,5.000000000250125,399.99999997999,True,1.4989609553595074e-08,0.0,0.0,0.0,True
0.30000000000000004,True,1999.999999861875,5.000000000345312,599.9999999585626,True,0.0,0.0,0.0,0.0,True
0.4,True,1999.9999997769005,5.0000000005577485,799.9999999107603,True,0.0,0.0,0.0,0.0,True
0.5,True,1999.9999996415727,5.000000000896068,999.9999998207863,True,0.0,0.0,0.0,0.0,True
0.6000000000000001,True,1999.9999994272382,5.000000001431904,1199.999999656343,True,0.0,0.0,0.0,0.0,True
0.7000000000000001,True,1999.9999990896406,5.000000002275899,1399.9999993627484,True,0.0,0.0,0.0,0.0,True
0.8,True,1999.9999985608256,5.000000003597935,1599.9999988486607,True,0.0,0.0,0.0,0.0,True
0.9,True,1999.9999977370626,5.000000005657343,1799.9999979633565,True,0.0,0.0,0.0,0.0,True
1.0,True,1999.999996460945,5.000000008847637,1999.999996460945,True,2.2737367544323206e-13,0.0,0.0,0.0,True
1.1,True,1999.9999944950243,5.000000013762439,2199.999993944527,True,2.2737367544323206e-13,0.0,0.0,0.0,True
1.2000000000000002,True,1999.9999914832274,5.000000021291931,2399.9999897798734,True,6.821210263296962e-13,0.0,0.0,0.0,True
1.3,True,1999.9999868947662,5.000000032763085,2599.999982963196,True,1.1368683772161603e-12,0.0,0.0,0.0,True
1.4000000000000001,True,1999.9999799426598,5.000000050143351,2799.999971919724,True,2.7284841053187847e-12,0.0,0.0,0.0,True
1.5,True,1999.9999690852217,5.000000077286947,2999.9999536278324,True,6.366462912410498e-12,0.0,0.0,0.0,True
1.6,True,1999.9998313182896,5.0000004217043115,3199.9997301092635,True,5.845777195645496e-10,0.0,0.0,0.0,True
1.7000000000000002,True,1999.9851196225354,5.0000372012204455,3399.9747033583108,True,2.2737367544323206e-13,0.0,0.0,0.0,True
1.8,True,1999.3175078653842,5.0017068127796875,3598.7715141576914,True,-2.2737367544323206e-13,0.0,0.0,0.0,True
1.9000000000000001,True,1988.949563387429,5.027779579774136,3779.004170436115,True,0.0,0.0,0.0,0.0,True
2.0,True,1942.1762585996166,5.148863269088863,3884.3525171992333,True,3.4629010770004243e-10,0.0,0.0,0.0,True
2.1,True,1857.941070019637,5.38230203388222,3901.6762470412377,True,-4.547473508864641e-12,0.0,0.0,0.0,True
2.2,True,1756.6575946506175,5.692629019139558,3864.646708231359,True,-1.4097167877480388e-11,0.0,0.0,0.0,True
2.3000000000000003,True,1651.8777421982381,6.053716776092937,3799.318807055948,True,-6.821210263296962e-13,0.0,0.0,0.0,True
2.4000000000000004,True,1550.915482733005,6.447804610460214,3722.1971585592128,True,-6.401933205779642e-09,0.0,0.0,0.0,True
2.5,True,1458.7091291124846,6.8553763052708465,3646.7728227812113,True,-2.8535396268125623e-10,0.0,0.0,0.0,True
2.6,True,1380.6200142193736,7.243122580440189,3589.6120369703717,True,-1.0982148523908108e-10,0.0,0.0,0.0,True
2.7,True,1325.5660096685535,7.543947209766199,3579.0282261050947,True,-1.211901690112427e-10,0.0,0.0,0.0,True
2.8000000000000003,True,1303.0654159199112,7.674211806887995,3648.5831645757517,True,0.0,0.0,0.0,0.0,True
2.9000000000000004,True,1300.1119284514239,7.691645450796761,3770.3245925091296,True,2.0799689082195982e-08,0.0,0.0,0.0,True
3.0,True,1300.0014549081418,7.692299083393411,3900.0043647244256,True,2.2737367544323206e-13,0.0,0.0,0.0,True
3.1,True,1299.9999479995333,7.692308000002774,4029.9998387985534,True,0.0,0.0,0.0,0.0,True
3.2,True,1299.999910544615,7.692308221629533,4159.999713742768,True,2.2737367544323206e-13,0.0,0.0,0.0,True
3.3000000000000003,True,1299.999866417794,7.692308482735028,4289.999559178721,True,-2.2737367544323206e-13,0.0,0.0,0.0,True
3.4000000000000004,True,1299.9998016399597,7.69230886603592,4419.999325575864,True,-2.2737367544323206e-13,0.0,0.0,0.0,True
3.5,True,1299.9997070484126,7.6923094257494276,4549.998974669444,True,-2.2737367544323206e-13,0.0,0.0,0.0,True
3.6,True,1299.9995696958413,7.692310238486988,4679.998450905029,True,0.0,0.0,0.0,0.0,True
3.7,True,1299.9993713698593,7.6923114120144644,4809.99767406848,True,-2.2737367544323206e-13,0.0,0.0,0.0,True
3.8000000000000003,True,1299.99908660879,7.692313096993205,4939.996529113403,True,0.0,0.0,0.0,0.0,True
3.9000000000000004,True,1299.9986800348217,7.692315502760463,5069.994852135806,True,0.0,0.0,0.0,0.0,True
4.0,True,1299.9981027951474,7.692318918388292,5199.992411180589,True,2.2737367544323206e-13,0.0,0.0,0.0,True
4.1000000000000005,True,1299.9972878469116,7.6923237405843,5329.988880172338,True,0.0,0.0,0.0,0.0,True
4.2,True,1299.996143755862,7.692330510388028,5459.98380377462,True,2.2737367544323206e-13,0.0,0.0,0.0,True
4.3,True,1299.9945466005215,7.692339961079025,5589.976550382242,True,0.0,0.0,0.0,0.0,True
4.4,True,1299.9923294825498,7.692353080252719,5719.96624972322,True,0.0,0.0,0.0,0.0,True
4.5,True,1299.989269039508,7.6923711896394815,5849.951710677786,True,-2.2737367544323206e-13,0.0,0.0,0.0,True
4.6000000000000005,True,1299.985068238917,7.692396046938407,5979.931313899018,True,0.0,0.0,0.0,0.0,True
4.7,True,1299.9793346039035,7.692429974701824,6109.902872638347,True,2.2737367544323206e-13,0.0,0.0,0.0,True
4.800000000000001,True,1299.9715528840056,7.692476022121296,6239.863453843228,True,0.0,0.0,0.0,0.0,True
4.9,True,1299.9610510450595,7.692538166401861,6369.809150120792,True,-2.2737367544323206e-13,0.0,0.0,0.0,True
5.0,True,1299.9469583173209,7.6926215612244775,6499.734791586605,True,0.0,0.0,0.0,0.0,True
5.1000000000000005,True,1299.9281539222995,7.692732840524145,6629.6335850037285,True,-2.2737367544323206e-13,0.0,0.0,0.0,True
5.2,True,1299.9032050113701,7.692880486368622,6759.496666059124,True,-2.2737367544323206e-13,0.0,0.0,0.0,True
5.300000000000001,True,1299.8702923131268,7.693075269998626,6889.312549259573,True,0.0,0.0,0.0,0.0,True
5.4,True,1299.8271220270512,7.693330774945843,7019.066458946078,True,0.0,0.0,0.0,0.0,True
5.5,True,1299.770822649711,7.693664010409169,7148.73952457341,True,0.0,0.0,0.0,0.0,True
5.6000000000000005,True,1299.6978257134413,7.694096121543263,7278.307823995272,True,-2.2737367544323206e-13,0.0,0.0,0.0,True
5.7,True,1299.6037298983522,7.694653200773857,7407.741260420607,True,-2.2737367544323206e-13,0.0,0.0,0.0,True
5.800000000000001,True,1299.4831486914782,7.695367200467013,7537.002262410574,True,0.0,0.0,0.0,0.0,True
5.9,True,1299.3295427559137,7.696276942021748,7666.044302259891,True,0.0,0.0,0.0,0.0,True
6.0,True,1299.135039474612,7.697429209548637,7794.810236847672,True,-2.2737367544323206e-13,0.0,0.0,0.0,True
6.1000000000000005,True,1298.8902437685092,7.69887990765617,7923.230486987907,True,0.0,0.0,0.0,0.0,True
6.2,True,1298.5840462483266,7.700695252564124,8051.221086739625,True,-2.2737367544323206e-13,0.0,0.0,0.0,True
6.300000000000001,True,1298.2034369911812,7.702952954104627,8178.681653044442,True,-4.547473508864641e-13,0.0,0.0,0.0,True
6.4,True,1297.7333356235392,7.705743333776015,8305.493347990652,True,-2.2737367544323206e-13,0.0,0.0,0.0,True
6.5,True,1297.156450751173,7.709170311884183,8431.516929882624,True,0.0,0.0,0.0,0.0,True
6.6000000000000005,True,1296.4531838291593,7.713352186358434,8556.591013272453,True,-2.2737367544323206e-13,0.0,0.0,0.0,True
6.7,True,1295.601593952888,7.7184221188629,8680.53067948435,True,-4.547473508864641e-13,0.0,0.0,0.0,True
6.800000000000001,True,1294.5774403579414,7.724528242385462,8803.126594434003,True,-4.547473508864641e-13,0.0,0.0,0.0,True
6.9,True,1293.3543182166613,7.731833310603143,8924.144795694963,True,-4.547473508864641e-13,0.0,0.0,0.0,True
7.0,True,1291.9039002543116,7.740513824620777,9043.32730178018,True,-4.547473508864641e-13,0.0,0.0,0.0,True
7.1000000000000005,True,1290.1962915867064,7.750758597904371,9160.393670265616,True,-4.547473508864641e-13,0.0,0.0,0.0,True
7.2,True,1288.2004980822062,7.762766754777214,9275.043586191885,True,-4.547473508864641e-13,0.0,0.0,0.0,True
7.300000000000001,True,1285.8849999007584,7.776745199432122,9386.960499275538,True,0.0,0.0,0.0,0.0,True
7.4,True,1283.2184124589048,7.792905637036478,9495.816252195897,True,-6.982645572861657e-10,0.0,0.0,0.0,True
7.5,True,1280.1702080110426,7.811461270870115,9601.27656008282,True,2.2737367544323206e-13,0.0,0.0,0.0,True
7.6000000000000005,True,1276.711463609781,7.832623333486756,9703.007123434336,True,3.0240698833949864e-11,0.0,0.0,0.0,True
7.7,True,1272.8155965148194,7.856597630781444,9800.68009316411,True,1.7325874068774283e-10,0.0,0.0,0.0,True
7.800000000000001,True,1268.4590471485924,7.883581281145263,9893.980567759021,True,5.670699465554208e-10,0.0,0.0,0.0,True
7.9,True,1263.621872605849,7.913759817545684,9982.612793586208,True,1.546140993013978e-09,0.0,0.0,0.0,True
8.0,True,1258.2882203446231,7.9473047894076085,10066.305762756985,True,3.6914116208208725e-09,0.0,0.0,0.0,True
8.1,True,1252.4466610570628,7.984371958451322,10144.817954562208,True,7.850076144677587e-09,0.0,0.0,0.0,True
8.200000000000001,True,1246.0903705931485,8.025100133981393,10217.941038863819,True,1.5038267520139925e-08,0.0,0.0,0.0,True
8.3,True,1239.21716177004,8.069610644930437,10285.502442691333,True,2.6140696718357503e-08,0.0,0.0,0.0,True
8.4,True,1231.8293767289094,8.118007403391156,10347.36676452284,True,-3.6310439099906944e-08,0.0,0.0,0.0,True
8.5,True,1223.9336577057552,8.17037748495686,10403.436090498919,True,-1.8693754100240767e-08,0.0,0.0,0.0,True
8.6,True,1215.5406203889333,8.226792122175503,10453.649335344826,True,-6.139089236967266e-11,0.0,0.0,0.0,True
8.700000000000001,True,1206.6644542105491,8.287308012683958,10497.98075163178,True,0.0,0.0,0.0,0.0,True
8.8,True,1197.3224759449927,8.351968831210197,10536.437788315936,True,-2.2737367544323206e-13,0.0,0.0,0.0,True
8.9,True,1187.5346599623872,8.420806850653713,10569.058473665247,True,0.0,0.0,0.0,0.0,True
9.0,True,1177.3231654494705,8.493844590395252,10595.908489045234,True,0.0,0.0,0.0,0.0,True
9.1,True,1166.7118772128433,8.5710964251851,10617.078082636874,True,-4.870798875344917e-09,0.0,0.0,0.0,True
9.200000000000001,True,1155.7259725561946,8.652570105249383,10632.678947516992,True,-1.908097146952059e-08,0.0,0.0,0.0,True
9.3,True,1144.391522925869,8.738268153571228,10642.841163210582,True,-2.8682507036137395e-08,0.0,0.0,0.0,True
9.4,True,1132.735135685625,8.828189119380651,10647.710275444875,True,-3.886952981702052e-08,0.0,0.0,0.0,True
9.5,True,1120.7836383838164,8.922328679262414,10647.444564646255,True,4.008938958577346e-08,0.0,0.0,0.0,True
9.600000000000001,True,1108.5638062023788,9.0206805815329,10642.212539542837,True,3.5678795029525645e-08,0.0,0.0,0.0,True
9.700000000000001,True,1096.1021303573402,9.123237445711286,10632.190664466201,True,3.6403434933163226e-08,0.0,0.0,0.0,True
9.8,True,1083.4246260861366,9.229991417238617,10617.561335644139,True,4.24631707574008e-08,0.0,0.0,0.0,True
9.9,True,1070.556676215006,9.340934695167546,10598.51109452856,True,-3.7404561226139776e-08,0.0,0.0,0.0,True
10.0,True,1057.5229067308687,9.456059945701886,10575.229067308686,True,-2.6081579562742263e-08,0.0,0.0,0.0,True
10.100000000000001,True,1044.3470913891267,9.57536060803177,10547.905623030181,True,-1.5569867173326202e-08,0.0,0.0,0.0,True
10.200000000000001,True,1031.0520806178154,9.69883111433897,10516.731222301718,True,-7.644757715752348e-09,0.0,0.0,0.0,True
10.3,True,1017.6597520479346,9.826467028764808,10481.895446093728,True,-2.856609171431046e-09,0.0,0.0,0.0,True
10.4,True,1004.1909791235513,9.958265118780401,10443.586182884934,True,-6.717755240970291e-10,0.0,0.0,0.0,True
10.5,True,990.6656149246413,10.094223367953159,10401.988956708734,True,-3.512923285597935e-11,0.0,0.0,0.0,True
10.600000000000001,True,977.1024885979841,10.23434093832747,10357.286379138633,True,-7.958078640513122e-12,0.0,0.0,0.0,True
10.700000000000001,True,963.5194121058832,10.378618089430955,10309.657709532952,True,-4.774847184307873e-12,0.0,0.0,0.0,True
10.8,True,949.9331953033756,10.52705605977518,10259.278509276457,True,-1.0334133548894897e-10,0.0,0.0,0.0,True
10.9,True,936.3596676325451,10.679656915684552,10206.320377194741,True,-1.8144419300369918e-10,0.0,0.0,0.0,True
11.0,True,922.8137049779737,10.836423371322478,10150.95075475771,True,-1.3596945791505277e-10,0.0,0.0,0.0,True
11.100000000000001,True,909.3092604521963,10.99735858296113,10093.33279101938,True,-4.6497916628140956e-11,0.0,0.0,0.0,True
11.200000000000001,True,895.8593980805229,11.162465919792881,10033.625258501857,True,-5.229594535194337e-12,0.0,0.0,0.0,True
11.3,True,882.476328508637,11.33174871319183,9971.982512147599,True,4.218065896566259e-08,0.0,0.0,0.0,True
11.4,True,869.1714461738326,11.505209983623898,9908.554486381692,True,1.1368683772161603e-13,0.0,0.0,0.0,True
11.5,True,855.9553669266497,11.68285215139838,9843.486719656472,True,4.320099833421409e-12,0.0,0.0,0.0,True
11.600000000000001,True,842.8379663668381,11.864676722035068,9776.920409855324,True,1.2073542166035622e-10,0.0,0.0,0.0,True
11.700000000000001,True,829.8284177924763,12.050683955367749,9708.992488171974,True,1.0775238479254767e-09,0.0,0.0,0.0,True
11.8,True,816.9352299065479,12.240872512186717,9639.835712897266,True,5.3071289585204795e-09,0.0,0.0,0.0,True
11.9,True,804.1662839082201,12.435239079410726,9569.57877850782,True,1.789271664165426e-08,0.0,0.0,0.0,True
12.0,True,791.5288698576264,12.63377797173553,9498.346438291517,True,-3.8812231650808826e-08,0.0,0.0,0.0,True
12.100000000000001,True,779.0297219544374,12.83648071207335,9426.259635648694,True,-1.1368683772161603e-13,0.0,0.0,0.0,True
12.200000000000001,True,766.6750532396358,13.043335579714434,9353.435649523557,True,-3.410605131648481e-13,0.0,0.0,0.0,True
12.3,True,754.470588780336,13.254327138405522,9279.988241998133,True,-1.4779288903810084e-12,0.0,0.0,0.0,True
12.4,True,742.4215980996013,13.469435729775775,9206.027816435057,True,-7.958078640513122e-13,0.0,0.0,0.0,True
12.5,True,730.532926399512,13.688636936990331,9131.6615799939,True,-1.1368683772161603e-12,0.0,0.0,0.0,True
12.600000000000001,True,718.8090247151473,13.911901014268487,9056.993711410856,True,-1.7053025658242404e-12,0.0,0.0,0.0,True
12.700000000000001,True,707.253978995642,14.139192280262334,8982.125533244654,True,-6.821210263296962e-13,0.0,0.0,0.0,True
12.8,True,695.8715381284503,14.370468473096407,8907.155688044164,True,1.6104650057968684e-08,0.0,0.0,0.0,True
12.9,True,684.6651409879822,14.605680063643735,8832.180318744971,True,1.3744738680543378e-10,0.0,0.0,0.0,True
13.0,True,673.6379423889157,14.844769527881843,8757.293251055904,True,2.2737367544323206e-13,0.0,0.0,0.0,True
13.100000000000001,True,662.7928382350775,15.08767057083563,8682.586180879516,True,-1.1368683772161603e-13,0.0,0.0,0.0,True
13.200000000000001,True,652.1324896444186,15.334307305333912,8608.148863306325,True,3.296918293926865e-12,0.0,0.0,0.0,True
13.3,True,641.6593462341446,15.584593380723472,8534.069304914123,True,4.1382008930668235e-11,0.0,0.0,0.0,True
13.4,True,631.3756685431013,15.83843106129666,8460.433958477557,True,2.837623469531536e-10,0.0,0.0,0.0,True
13.5,True,621.2835496177302,16.09571025364007,8387.327919839357,True,1.3840235624229535e-09,0.0,0.0,0.0,True
13.600000000000001,True,611.3849357704803,16.356307483104384,8314.835126478532,True,5.286437954055145e-09,0.0,0.0,0.0,True
13.700000000000001,True,601.6816465055823,16.620084820731226,8243.038557126478,True,1.6664102986396756e-08,0.0,0.0,0.0,True
13.8,True,592.1753936190512,16.88688876261049,8172.020431942907,True,-1.901253199321218e-08,0.0,0.0,0.0,True
13.9,True,582.8677992692743,17.156549070881475,8101.862409842914,True,-7.958078640513122e-13,0.0,0.0,0.0,True
14.0,True,573.7604133271009,17.42887757280494,8032.645786579413,True,-2.5011104298755527e-12,0.0,0.0,0.0,True
14.100000000000001,True,564.8547293644133,17.70366694327268,7964.451684038228,True,-6.59383658785373e-12,0.0,0.0,0.0,True
14.200000000000001,True,556.1521995843038,17.980689472188555,7897.361234097115,True,-1.5234036254696548e-11,0.0,0.0,0.0,True
14.3,True,547.6542482515355,18.259695842635075,7831.455749996958,True,-2.717115421546623e-11,0.0,0.0,0.0,True
14.4,True,539.3622834251255,18.540413943104728,7766.816881321807,True,-4.320099833421409e-11,0.0,0.0,0.0,True
14.5,True,531.2777066401646,18.822547746715482,7703.526746282388,True,-5.650235834764317e-11,0.0,0.0,0.0,True
14.600000000000001,True,523.4019201042317,19.105776299041032,7641.668033521784,True,-6.02540239924565e-11,0.0,0.0,0.0,True
14.700000000000001,True,515.7363308675506,19.389752866893065,7581.324063752994,True,-5.275069270282984e-11,0.0,0.0,0.0,True
14.8,True,508.28235130359224,19.67410431299255,7522.5787992931655,True,-3.581135388230905e-11,0.0,0.0,0.0,True
14.9,True,501.0413950986708,19.958430776025374,7465.516786970195,True,-1.8189894035458565e-11,0.0,0.0,0.0,True
15.0,True,494.01486779762996,20.242305752013188,7410.223016964449,True,-6.195932655828074e-12,0.0,0.0,0.0,True
15.100000000000001,True,487.204150793329,20.52527669092454,7356.782676979269,True,-1.5347723092418164e-12,0.0,0.0,0.0,True
15.200000000000001,True,480.61057748402277,20.80686624158295,7305.280777757147,True,1.09941993287066e-08,0.0,0.0,0.0,True
15.3,True,474.23540022945014,21.086574294457314,7255.801623510587,True,2.700630830076989e-10,0.0,0.0,0.0,True
15.4,True,468.07974647259636,21.36388099540523,7208.428095677984,True,-4.4775561036658473e-10,0.0,0.0,0.0,True
15.5,True,462.14456269345294,21.638250900796905,7163.240721748521,True,-1.1368683772161603e-13,0.0,0.0,0.0,True
15.600000000000001,True,456.43054455557416,21.9091384642914,7120.316495066958,True,5.684341886080802e-14,0.0,0.0,0.0,True
15.700000000000001,True,450.93805218173634,22.175995021085104,7079.727419253261,True,-2.2737367544323206e-13,0.0,0.0,0.0,True
15.8,True,445.66700986575535,22.438277410329782,7041.538755878934,True,-5.684341886080802e-14,0.0,0.0,0.0,True
15.9,True,440.6167903801009,22.6954583173588,7005.806967043604,True,-2.8421709430404007e-13,0.0,0.0,0.0,True
16.0,True,435.7860852401992,22.947038326127686,6972.577363843187,True,-1.1368683772161603e-13,0.0,0.0,0.0,True
16.1,True,431.17276389540757,23.19255954308321,6941.881498716062,True,0.0,0.0,0.0,0.0,True
16.2,True,426.77372682353933,23.431620485238444,6913.734374541337,True,5.684341886080802e-14,0.0,0.0,0.0,True
16.3,True,422.58475980619437,23.66389172336976,6888.131584840969,True,2.2737367544323206e-13,0.0,0.0,0.0,True
16.400000000000002,True,418.6003990392687,23.889131551119004,6865.046544244008,True,-6.821210263296962e-12,0.0,0.0,0.0,True
16.5,True,414.8138188383284,24.107200738887265,6844.428010832419,True,-2.6830093702301383e-11,0.0,0.0,0.0,True
16.6,True,411.2167550658321,24.3180752651946,6826.198134092813,True,-3.9108272176235914e-11,0.0,0.0,0.0,True
16.7,True,407.79947751262847,24.52185584198137,6810.251274460895,True,-2.4499513529008254e-11,0.0,0.0,0.0,True
16.8,True,404.55082284132465,24.71877310683968,6796.453823734254,True,-2.7853275241795927e-12,0.0,0.0,0.0,True
16.900000000000002,True,401.4582960846923,24.90918757322276,6784.6452038313,True,-5.684341886080801e-13,0.0,0.0,0.0,True
17.0,True,398.50824319060246,25.093583811306758,6774.640134240241,True,-1.0231815394945443e-12,0.0,0.0,0.0,True
17.1,True,395.6860902722871,25.27255884359899,6766.232143656111,True,-1.9269918993813917e-11,0.0,0.0,0.0,True
17.2,True,392.9766380391536,25.446805311117924,6759.1981742734415,True,-9.345058060716838e-11,0.0,0.0,0.0,True
17.3,True,390.364393575252,25.61709050462427,6753.30400885186,True,-2.559659151302185e-10,0.0,0.0,0.0,True
17.400000000000002,True,387.83391737386427,25.784232765697478,6748.310162305239,True,-4.844764589506667e-10,0.0,0.0,0.0,True
17.5,True,385.37016213215287,25.949076972313062,6743.977837312676,True,-6.957066034374293e-10,0.0,0.0,0.0,True
17.6,True,382.95878146748146,26.11247080346463,6740.074553827674,True,-7.944436219986528e-10,0.0,0.0,0.0,True
17.7,True,380.5863910044958,26.27524324662957,6736.379120779576,True,-7.354401532211341e-10,0.0,0.0,0.0,True
17.8,True,378.2407702750817,26.438186430107308,6732.685710896454,True,-5.535412128665484e-10,0.0,0.0,0.0,True
17.900000000000002,True,375.91100043238544,26.60204141006159,6728.8069077397,True,-3.3355718187522143e-10,0.0,0.0,0.0,True
18.0,True,373.5875388462352,26.76748809899652,6724.575699232233,True,-1.5478462955798022e-10,0.0,0.0,0.0,True
18.1,True,371.26223645995356,26.93513914949078,6719.84647992516,True,-5.093170329928398e-11,0.0,0.0,0.0,True
18.2,True,368.9283069767053,27.105537338536113,6714.495186976036,True,-1.0061285138363019e-11,0.0,0.0,0.0,True
18.3,True,366.5802584973841,27.279155841588672,6708.418730502129,True,-5.684341886080801e-13,0.0,0.0,0.0,True
18.400000000000002,True,364.21379840756634,27.456400728699727,6701.533890699222,True,-1.2404314020386664e-08,0.0,0.0,0.0,True
18.5,True,361.82572140140155,27.637615040933525,6693.7758459259285,True,6.821210263296962e-12,0.0,0.0,0.0,True
18.6,True,359.41378931478044,27.823083858482224,6685.096481254916,True,1.5160139810177498e-10,0.0,0.0,0.0,True
18.7,True,356.97660924529026,28.013039905168338,6675.462592886927,True,5.889717158424901e-09,0.0,0.0,0.0,True
18.8,True,354.51351533364954,28.20766929178574,6664.854088272612,True,-3.979039320256561e-13,0.0,0.0,0.0,True
18.900000000000002,True,352.0244574387709,28.407117143953958,6653.262245592771,True,0.0,0.0,0.0,0.0,True
19.0,True,349.5098990685919,28.611492912358063,6640.688082303246,True,5.684341886080802e-14,0.0,0.0,0.0,True
19.1,True,346.97072554867015,28.820875260259626,6627.140857979601,True,-5.684341886080802e-14,0.0,0.0,0.0,True
19.200000000000003,True,344.40816285189834,29.03531646054562,6612.636726756449,True,5.684341886080802e-14,0.0,0.0,0.0,True
19.3,True,341.82370685170207,29.254846283492075,6597.19754223785,True,-1.7053025658242404e-13,0.0,0.0,0.0,True
19.400000000000002,True,339.2190624283891,29.47947538210961,6580.84981111075,True,-1.7053025658242404e-13,0.0,0.0,0.0,True
19.5,True,336.5960916376574,29.70919820056885,6563.6237869343195,True,-3.410605131648481e-13,0.0,0.0,0.0,True
19.6,True,333.9567700426581,29.94399544205271,6545.552692836099,True,-2.8421709430404007e-13,0.0,0.0,0.0,True
19.700000000000003,True,331.3031502806795,30.183836137772957,6526.672060529388,True,-1.7053025658242404e-13,0.0,0.0,0.0,True
19.8,True,328.63733195702764,30.428679360467765,6507.019172749147,True,-1.1368683772161603e-13,0.0,0.0,0.0,True
19.900000000000002,True,325.9614370126976,30.67847562474225,6486.632596552683,True,2.2737367544323206e-13,0.0,0.0,0.0,True
20.0,True,323.277589784705,30.933168014088928,6465.5517956941,True,2.2737367544323206e-13,0.0,0.0,0.0,True
20.1,True,320.5879010584806,31.192693071020894,6443.816811275461,True,-1.1368683772161603e-12,0.0,0.0,0.0,True
20.200000000000003,True,317.89445549376296,31.45698148295071,6421.468000974012,True,-9.549694368615746e-12,0.0,0.0,0.0,True
20.3,True,315.1993018845936,31.725958592577655,6398.54582825725,True,-3.211653165635653e-11,0.0,0.0,0.0,True
20.400000000000002,True,312.5044457877759,31.99954475780826,6375.090694070629,True,-7.344169716816396e-11,0.0,0.0,0.0,True
20.5,True,309.811844121138,32.27765558275412,6351.142804483329,True,-1.2988721209694631e-10,0.0,0.0,0.0,True
20.6,True,307.12340139262835,32.560202038189665,6326.742068688144,True,-1.8542323232395574e-10,0.0,0.0,0.0,True
20.700000000000003,True,304.44096727372016,32.84709048703386,6301.928022566009,True,-2.1759660739917308e-10,0.0,0.0,0.0,True
20.8,True,301.76633527613444,33.138222627946206,6276.739773743597,True,-2.1168489183764905e-10,0.0,0.0,0.0,True
20.900000000000002,True,299.1012423300868,33.43349536797993,6251.215964698815,True,-1.660396264924202e-10,0.0,0.0,0.0,True
21.0,True,296.447369095752,33.732800633390056,6225.394751010792,True,-9.99875737761613e-11,0.0,0.0,0.0,True
21.1,True,293.8063408680461,34.03602512612614,6199.313792315773,True,-4.3144154915353283e-11,0.0,0.0,0.0,True
21.200000000000003,True,291.17972895883497,34.34305003221475,6173.010253927302,True,-1.057287590811029e-11,0.0,0.0,0.0,True
21.3,True,288.56905246082414,34.65375068713437,6146.520817415554,True,-1.0800249583553523e-12,0.0,0.0,0.0,True
21.400000000000002,True,285.97578031088204,34.9679962027871,6119.881698652876,True,6.092079729569377e-09,0.0,0.0,0.0,True
21.5,True,283.4013336112754,35.285649056670984,6093.1286726424205,True,-1.1368683772161603e-13,0.0,0.0,0.0,True
21.6,True,280.8470880853516,35.60656465471675,6066.297102643594,True,-5.684341886080802e-14,0.0,0.0,0.0,True
21.700000000000003,True,278.31437674078575,35.93059085594317,6039.421975275051,True,1.3642420526593924e-12,0.0,0.0,0.0,True
21.8,True,275.8044925874795,36.25756747536738,6012.537938407053,True,1.5631940186722204e-11,0.0,0.0,0.0,True
21.900000000000002,True,273.31869145045806,36.5873257585554,5985.679342765032,True,1.0578560249996372e-10,0.0,0.0,0.0,True
22.0,True,270.8581948295429,36.919687832569444,5958.880286249944,True,5.04826402902836e-10,0.0,0.0,0.0,True
22.1,True,268.42419278809007,37.25446613485615,5932.174660616791,True,1.867647370090708e-09,0.0,0.0,0.0,True
22.200000000000003,True,266.01784685256257,37.591462822200754,5905.59620012689,True,5.728679752792232e-09,0.0,0.0,0.0,True
22.3,True,263.6402929198887,37.93046916026094,5879.178532113518,True,-8.84438122739084e-09,0.0,0.0,0.0,True
22.400000000000002,True,261.2926440844056,38.271264906981806,5852.9552274906855,True,-2.8421709430404007e-13,0.0,0.0,0.0,True
22.5,True,258.9759935518867,38.6136176672162,5826.959854917451,True,-7.389644451905042e-13,0.0,0.0,0.0,True
22.6,True,256.6914173638083,38.95728226015059,5801.226032422068,True,-1.3073986337985843e-12,0.0,0.0,0.0,True
22.700000000000003,True,254.439977145545,39.30200007163101,5775.787481203872,True,-3.552713678800501e-12,0.0,0.0,0.0,True
22.8,True,252.22272273655756,39.64749841529874,5750.678078393513,True,-7.617018127348274e-12,0.0,0.0,0.0,True
22.900000000000002,True,250.04069471884037,39.993489904691536,5725.931909061445,True,-1.5290879673557356e-11,0.0,0.0,0.0,True
23.0,True,247.8949268141908,40.339671846110356,5701.583316726388,True,-2.7114310796605423e-11,0.0,0.0,0.0,True
23.1,True,245.786448121405,40.68572566320072,5677.666951604456,True,-4.3996806198265404e-11,0.0,0.0,0.0,True
23.200000000000003,True,243.71628515924417,41.03131636634787,5654.217815694466,True,-6.374989425239619e-11,0.0,0.0,0.0,True
23.3,True,241.68546367480437,41.37609208245691,5631.271303622942,True,-8.455458555545192e-11,0.0,0.0,0.0,True
23.400000000000002,True,239.69501016970312,41.71968366350238,5608.863237971053,True,-1.0200551514571998e-10,0.0,0.0,0.0,True
23.5,True,237.74595308825874,42.06170439539589,5587.029897574081,True,-1.113278358388925e-10,0.0,0.0,0.0,True
23.6,True,235.83932360258086,42.401749832234366,5565.808037020909,True,-1.1004885891452432e-10,0.0,0.0,0.0,True
23.700000000000003,True,233.97615591929156,42.73939778482996,5545.234895287211,True,-9.771383702172898e-11,0.0,0.0,0.0,True
23.8,True,232.15748702158314,43.074208496538056,5525.348191113679,True,-7.72786279412685e-11,0.0,0.0,0.0,True
23.900000000000002,True,230.38435574875598,43.40572504369797,5506.186102395269,True,-5.3887561080046e-11,0.0,0.0,0.0,True
24.0,True,228.6578011036472,43.733474002346185,5487.787226487532,True,-3.271338755439501e-11,0.0,0.0,0.0,True
24.1,True,226.97885966705044,44.05696642704412,5470.190517975916,True,-1.7195134205394424e-11,0.0,0.0,0.0,True
24.200000000000003,True,225.3485619881541,44.37569919139608,5453.43520011333,True,-7.190692485892214e-12,0.0,0.0,0.0,True
24.3,True,223.76792781228585,44.689156742733864,5437.560645838546,True,-2.1600499167107046e-12,0.0,0.0,0.0,True
24.400000000000002,True,222.23796000330861,44.99681332501037,5422.6062240807305,True,-3.979039320256561e-13,0.0,0.0,0.0,True
24.5,True,220.759637023675,45.29813572273434,5408.611107080037,True,-5.995445917506004e-09,0.0,0.0,0.0,True
24.6,True,219.33390381130621,45.59258658252414,5395.614033758133,True,1.586244025020278e-09,0.0,0.0,0.0,True
24.700000000000003,True,217.96166103345817,45.87962833732007,5383.653027526418,True,6.88089585310081e-11,0.0,0.0,0.0,True
24.8,True,216.6437524754022,46.15872779961842,5372.765061389975,True,1.7053025658242404e-13,0.0,0.0,0.0,True
24.900000000000002,True,215.38095071134188,46.429361403470686,5362.985672712413,True,5.684341886080802e-14,0.0,0.0,0.0,True
25.0,True,214.17394097402908,46.69102111359387,5354.348524350727,True,-1.4210854715202004e-13,0.0,0.0,0.0,True
25.1,True,213.02330339707993,46.94322095531393,5346.884915266706,True,1.7053025658242404e-13,0.0,0.0,0.0,True
25.200000000000003,True,211.9294938529259,47.18550409477108,5340.623245093733,True,-8.526512829121202e-14,0.0,0.0,0.0,True
25.3,True,210.89282374893466,47.41745035338366,5335.588440848047,True,-1.9895196601282805e-13,0.0,0.0,0.0,True
25.400000000000002,True,209.9134392871986,47.63868399258723,5331.801357894845,True,1.9895196601282805e-13,0.0,0.0,0.0,True
25.5,True,208.99130084484665,47.84888155428016,5329.278171543589,True,-5.684341886080802e-14,0.0,0.0,0.0,True
25.6,True,208.12616327941782,48.04777949312694,5328.029779953096,True,0.0,0.0,0.0,0.0,True
25.700000000000003,True,207.31755809251752,48.23518129389408,5328.061242977701,True,1.1368683772161603e-13,0.0,0.0,0.0,True
25.8,True,206.56477847636896,48.41096373622089,5329.371284690319,True,-2.842170943040401e-14,0.0,0.0,0.0,True
25.900000000000002,True,205.86686830246592,48.57508195688727,5331.951889033868,True,2.842170943040401e-14,0.0,0.0,0.0,True
26.0,True,205.2226160711241,48.727572971461846,5335.788017849227,True,2.2737367544323206e-13,0.0,0.0,0.0,True
26.1,True,204.63055471184265,48.86855735734008,5340.857477979093,True,5.684341886080802e-14,0.0,0.0,0.0,True
26.200000000000003,True,204.08896790185187,48.99823887006516,5347.13095902852,True,2.842170943040401e-14,0.0,0.0,0.0,True
26.3,True,203.59590326015376,49.11690186232309,5354.572255742044,True,-1.7053025658242404e-13,0.0,0.0,0.0,True
26.400000000000002,True,203.149192395719,49.22490649394642,5363.138679246982,True,1.7053025658242404e-13,0.0,0.0,0.0,True
26.5,True,202.74647737244143,49.32268185173047,5372.781650369698,True,1.680007244431181e-10,0.0,0.0,0.0,True
26.6,True,202.38524274232645,49.41071722670924,5383.447456945884,True,-6.450591172324494e-10,0.0,0.0,0.0,True
26.700000000000003,True,202.06285192359456,49.489551913190205,5395.078146359975,True,-2.0173729353700764e-10,0.0,0.0,0.0,True
26.8,True,201.77658644602863,49.55976397526582,5407.612516753567,True,-6.05922423346783e-10,0.0,0.0,0.0,True
26.900000000000002,True,201.52368638291745,49.62195848779227,5420.98716370048,True,-3.771560841414612e-10,0.0,0.0,0.0,True
27.0,True,201.3013903147129,49.676755755964145,5435.137538497248,True,-3.780087354243733e-12,0.0,0.0,0.0,True
27.1,True,201.10697322879105,49.72477999866974,5449.998974500238,True,-1.609805622138083e-10,0.0,0.0,0.0,True
27.200000000000003,True,200.93778100475876,49.766648909908945,5465.507643329439,True,-4.895071015198482e-10,0.0,0.0,0.0,True
27.3,True,200.7912604310518,49.80296442450903,5481.601409767714,True,-8.694769348949194e-10,0.0,0.0,0.0,True
27.400000000000002,True,200.66498404001078,49.83430491293932,5498.220562696296,True,-1.1794440979429055e-09,0.0,0.0,0.0,True
27.5,True,200.5566694090727,49.86121892363068,5515.308408749499,True,-1.3520775610231794e-09,0.0,0.0,0.0,True
27.6,True,200.46419290349107,49.88422049425192,5532.811724136353,True,-1.3783676422463031e-09,0.0,0.0,0.0,True
27.700000000000003,True,200.38559811652115,49.90378597061228,5550.681067827636,True,-1.2899192824988859e-09,0.0,0.0,0.0,True
27.8,True,200.31909947903895,49.920352208084786,5568.870965517283,True,-1.1324061688355869e-09,0.0,0.0,0.0,True
27.900000000000002,True,200.26308165748327,49.934315986924325,5587.339978243784,True,-9.478640095039736e-10,0.0,0.0,0.0,True
28.0,True,200.216095439865,49.94603444858161,5606.05067231622,True,-7.664198165002745e-10,0.0,0.0,0.0,True
28.1,True,200.17685083293395,49.95582635249828,5624.969508405445,True,-6.048139766789973e-10,0.0,0.0,0.0,True
28.200000000000003,True,200.14420807116045,49.96397395843971,5644.066667606725,True,-4.702656042354647e-10,0.0,0.0,0.0,True
28.3,True,200.11716718261653,49.97072535448456,5663.315831268048,True,-3.6300207284512e-10,0.0,0.0,0.0,True
28.400000000000002,True,200.09485668020977,49.97629707185293,5682.693929717958,True,-2.800106813083403e-10,0.0,0.0,0.0,True
28.5,True,200.07652185937096,49.98087685185153,5702.180872992072,True,-2.1728396859543864e-10,0.0,0.0,0.0,True
28.6,True,200.06151309351463,49.98462645499289,5721.759274474519,True,-1.6990497897495516e-10,0.0,0.0,0.0,True
28.700000000000003,True,200.0492744323694,49.98768442612221,5741.414176209002,True,-1.348041678284062e-10,0.0,0.0,0.0,True
28.8,True,200.03933272959594,49.99016875105029,5761.132782612363,True,-1.0859935173357371e-10,0.0,0.0,0.0,True
28.900000000000002,True,200.0312874572394,49.99217935912998,5780.904207514219,True,-8.890310709830374e-11,0.0,0.0,0.0,True
29.0,True,200.02480130641496,49.99380044218192,5800.719237886034,True,-7.392486622848082e-11,0.0,0.0,0.0,True
29.1,True,200.0195916261761,49.99510257319875,5820.5701163217245,True,-6.289724296948407e-11,0.0,0.0,0.0,True
29.200000000000003,True,200.01542271508677,49.99614461853055,5840.450343280534,True,-5.45981038158061e-11,0.0,0.0,0.0,True
29.3,True,200.01209895157658,49.99697544507558,5860.354499281194,True,-4.8061110646813177e-11,0.0,0.0,0.0,True
29.400000000000002,True,200.00945872845625,49.997635429715075,5880.278086616614,True,-4.285993782104924e-11,0.0,0.0,0.0,True
29.5,True,200.00736914277306,49.99815778218456,5900.2173897118055,True,-3.907985046680551e-11,0.0,0.0,0.0,True
29.6,True,200.00572138326683,49.9985696950999,5920.169352944698,True,-3.5782932172878645e-11,0.0,0.0,0.0,True
29.700000000000003,True,200.00442675294795,49.998893336257645,5940.131474562555,True,-3.348077370901592e-11,0.0,0.0,0.0,True
29.8,True,200.00341326279138,49.999146698864855,5960.101715231183,True,-3.163336259603966e-11,0.0,0.0,0.0,True
29.900000000000002,True,200.00262273341602,49.99934432524429,5980.07841972914,True,-3.021227712451946e-11,0.0,0.0,0.0,True
30.0,True,200.0020083441826,49.999497918996106,6000.060250325478,True,-2.8961721909581684e-11,0.0,0.0,0.0,True
30.1,True,200.00153257287772,49.99961685971652,6020.046130443619,True,-2.793854037008714e-11,0.0,0.0,0.0,True
30.200000000000003,True,200.00116547357814,49.999708633303364,6040.035197302061,True,-2.731326276261825e-11,0.0,0.0,0.0,True
30.3,True,200.00088324510497,49.9997791896989,6060.026762326681,True,-2.6687985155149363e-11,0.0,0.0,0.0,True
30.400000000000002,True,200.00066704738745,49.99983323870932,6080.020278240579,True,-2.617639438540209e-11,0.0,0.0,0.0,True
30.5,True,200.0005020278995,49.999874493340165,6100.015311850935,True,-2.589217729109805e-11,0.0,0.0,0.0,True
30.6,True,200.00037652496178,49.999905868936764,6120.0115216638305,True,-2.5579538487363607e-11,0.0,0.0,0.0,True
30.700000000000003,True,200.0002814190277,49.99992964534207,6140.00863956415,True,-2.5437429940211587e-11,0.0,0.0,0.0,True
30.8,True,200.00020960705885,49.999947598290206,6160.006455897413,True,-2.5210056264768355e-11,0.0,0.0,0.0,True
30.900000000000002,True,200.00015557868664,49.999961105358594,6180.004807381418,True,-2.5011104298755527e-11,0.0,0.0,0.0,True
31.0,True,200.00011507607462,49.99997123099789,6200.003567358313,True,-2.489741746103391e-11,0.0,0.0,0.0,True
31.1,True,200.00008482223595,49.99997879445,6220.002637971538,True,-2.475530891388189e-11,0.0,0.0,0.0,True
31.200000000000003,True,200.0000623050346,49.999984423746206,6240.00194391708,True,-2.4783730623312294e-11,0.0,0.0,0.0,True
31.3,True,200.0000456062473,49.99998859844077,6260.001427475541,True,-2.475530891388189e-11,0.0,0.0,0.0,True
31.400000000000002,True,200.000033266901,49.99999168327613,6280.001044580692,True,-2.475530891388189e-11,0.0,0.0,0.0,True
31.5,True,200.00002418166645,49.99999395458412,6300.000761722493,True,-2.4499513529008254e-11,0.0,0.0,0.0,True
31.6,True,200.00001751640878,49.99999562089818,6320.000553518517,True,-2.467004378559068e-11,0.0,0.0,0.0,True
31.700000000000003,True,200.0000126441017,49.999996838974766,6340.000400818025,True,-2.4641622076160274e-11,0.0,0.0,0.0,True
31.8,True,200.00000909523868,49.99999772619043,6360.00028922859,True,-2.4499513529008254e-11,0.0,0.0,0.0,True
31.900000000000002,True,200.00000651962466,49.999998370093884,6380.000207976027,True,-2.4442670110147446e-11,0.0,0.0,0.0,True
32.0,True,200.0000046570692,49.999998835732725,6400.000149026215,True,-2.432898327242583e-11,0.0,0.0,0.0,True
32.1,True,200.0000033150009,49.99999917124979,6420.0001064115295,True,-2.4584778657299466e-11,0.0,0.0,0.0,True
32.2,True,200.0000023514446,49.99999941213885,6440.000075716517,True,-2.4726887204451486e-11,0.0,0.0,0.0,True
32.300000000000004,True,200.00000166213152,49.99999958446711,6460.000053686849,True,-2.4499513529008254e-11,0.0,0.0,0.0,True
32.4,True,200.00000117077911,49.999999707305214,6480.000037933243,True,-2.432898327242583e-11,0.0,0.0,0.0,True
32.5,True,200.00000082179446,49.999999794551385,6500.00002670832,True,-2.4158453015843406e-11,0.0,0.0,0.0,True
32.6,True,200.00000057481742,49.999999856295645,6520.000018739048,True,-2.4272139853565022e-11,0.0,0.0,0.0,True
32.7,True,200.00000040065908,49.999999899835224,6540.000013101552,True,-2.4158453015843406e-11,0.0,0.0,0.0,True
32.800000000000004,True,200.000000278291,49.999999930427244,6560.000009127945,True,-2.4272139853565022e-11,0.0,0.0,0.0,True
32.9,True,200.0000001926206,49.99999995184485,6580.000006337217,True,-2.3959501049830578e-11,0.0,0.0,0.0,True
33.0,True,200.00000013285805,49.99999996678549,6600.000004384316,True,-2.3845814212108962e-11,0.0,0.0,0.0,True
33.1,True,200.00000009131833,49.99999997717041,6620.0000030226365,True,-2.3931079340400174e-11,0.0,0.0,0.0,True
33.2,True,200.00000006254837,49.99999998436291,6640.0000020766065,True,-2.3788970793248154e-11,0.0,0.0,0.0,True
33.300000000000004,True,200.00000004269438,49.999999989326405,6660.000001421724,True,-2.361844053666573e-11,0.0,0.0,0.0,True
33.4,True,200.00000002904247,49.99999999273938,6680.000000970018,True,-2.3447910280083306e-11,0.0,0.0,0.0,True
33.5,True,200.00000001968877,49.99999999507781,6700.000000659574,True,-2.3220536604640074e-11,0.0,0.0,0.0,True
33.6,True,200.00000001330295,49.99999999667426,6720.000000446979,True,-2.2964741219766438e-11,0.0,0.0,0.0,True
33.7,True,200.00000000895892,49.99999999776026,6740.000000301916,True,-2.2680524125462398e-11,0.0,0.0,0.0,True
33.800000000000004,True,200.00000000601455,49.99999999849636,6760.000000203292,True,-2.233946361229755e-11,0.0,0.0,0.0,True
33.9,True,200.00000000402602,49.99999999899349,6780.0000001364815,True,-2.1969981389702298e-11,0.0,0.0,0.0,True
34.0,True,200.0000000026875,49.99999999932812,6800.000000091375,True,-2.1543655748246238e-11,0.0,0.0,0.0,True
34.1,True,200.00000000179003,49.99999999955249,6820.00000006104,True,-2.106048668792937e-11,0.0,0.0,0.0,True
34.2,True,200.00000000119013,49.99999999970246,6840.000000040703,True,-2.0520474208751693e-11,0.0,0.0,0.0,True
34.300000000000004,True,200.00000000079027,49.999999999802434,6860.000000027107,True,-1.992361831071321e-11,0.0,0.0,0.0,True
34.4,True,200.00000000052492,49.99999999986876,6880.000000018057,True,-1.901412360894028e-11,0.0,0.0,0.0,True
34.5,True,200.00000000034956,49.9999999999126,6900.00000001206,True,-1.850253283919301e-11,0.0,0.0,0.0,True
34.6,True,200.00000000023348,49.99999999994163,6920.000000008079,True,-1.7706724975141697e-11,0.0,0.0,0.0,True
34.7,True,200.00000000015692,49.99999999996077,6940.000000005445,True,-1.6854073692229576e-11,0.0,0.0,0.0,True
34.800000000000004,True,200.00000000010664,49.99999999997334,6960.000000003712,True,-1.5916157281026244e-11,0.0,0.0,0.0,True
34.9,True,200.0000000000736,49.9999999999816,6980.000000002568,True,-1.4949819160392508e-11,0.0,0.0,0.0,True
35.0,True,200.00000000005167,49.999999999987075,7000.000000001808,True,-1.3926637620897964e-11,0.0,0.0,0.0,True
35.1,True,200.00000000003695,49.99999999999076,7020.000000001297,True,-1.2846612662542611e-11,0.0,0.0,0.0,True
35.2,True,200.00000000002723,49.999999999993186,7040.000000000959,True,-1.1766587704187259e-11,0.0,0.0,0.0,True
35.300000000000004,True,200.00000000002044,49.999999999994884,7060.000000000722,True,-1.0658141036401503e-11,0.0,0.0,0.0,True
35.4,True,200.0000000000157,49.99999999999608,7080.000000000555,True,-9.549694368615746e-12,0.0,0.0,0.0,True
35.5,True,200.0000000000123,49.999999999996916,7100.000000000437,True,-8.44124770082999e-12,0.0,0.0,0.0,True
35.6,True,200.0000000000099,49.99999999999752,7120.000000000352,True,-7.389644451905042e-12,0.0,0.0,0.0,True
35.7,True,200.00000000000796,49.99999999999801,7140.000000000285,True,-6.366462912410498e-12,0.0,0.0,0.0,True
35.800000000000004,True,200.0000000000063,49.99999999999842,7160.0000000002265,True,-5.4001247917767614e-12,0.0,0.0,0.0,True
35.9,True,200.00000000000497,49.99999999999876,7180.000000000178,True,-4.519051799434237e-12,0.0,0.0,0.0,True
36.0,True,200.00000000000415,49.99999999999896,7200.000000000149,True,-3.694822225952521e-12,0.0,0.0,0.0,True
36.1,True,200.0000000000032,49.99999999999919,7220.000000000116,True,-2.9842794901924208e-12,0.0,0.0,0.0,True
36.2,True,200.00000000000236,49.9999999999994,7240.000000000086,True,-2.3590018827235326e-12,0.0,0.0,0.0,True
36.300000000000004,True,200.00000000000182,49.99999999999954,7260.000000000067,True,-1.8189894035458565e-12,0.0,0.0,0.0,True
36.4,True,200.00000000000136,49.99999999999965,7280.000000000049,True,-1.3642420526593924e-12,0.0,0.0,0.0,True
36.5,True,200.00000000000102,49.999999999999744,7300.000000000037,True,-1.0231815394945443e-12,0.0,0.0,0.0,True
36.6,True,200.00000000000074,49.999999999999815,7320.000000000027,True,-7.389644451905042e-13,0.0,0.0,0.0,True
36.7,True,200.0000000000005,49.999999999999865,7340.000000000019,True,-5.115907697472721e-13,0.0,0.0,0.0,True
36.800000000000004,True,200.00000000000034,49.999999999999915,7360.000000000014,True,-3.410605131648481e-13,0.0,0.0,0.0,True
36.9,True,200.00000000000023,49.999999999999936,7380.000000000008,True,-2.2737367544323206e-13,0.0,0.0,0.0,True
37.0,True,200.00000000000014,49.999999999999964,7400.0000000000055,True,-1.4210854715202004e-13,0.0,0.0,0.0,True
37.1,True,200.00000000000009,49.99999999999997,7420.000000000004,True,-8.526512829121202e-14,0.0,0.0,0.0,True
37.2,True,200.00000000000006,49.999999999999986,7440.000000000003,True,-5.684341886080802e-14,0.0,0.0,0.0,True
37.300000000000004,True,200.00000000000003,49.99999999999999,7460.000000000002,True,-2.842170943040401e-14,0.0,0.0,0.0,True
37.4,True,200.00000000000003,49.99999999999999,7480.000000000001,True,-2.842170943040401e-14,0.0,0.0,0.0,True
37.5,True,200.0,50.0,7500.0,True,0.0,0.0,0.0,0.0,True
37.6,True,200.0,50.0,7520.0,True,0.0,0.0,0.0,0.0,True
37.7,True,200.0,50.0,7540.000000000001,True,0.0,0.0,0.0,0.0,True
37.800000000000004,True,199.99999999604276,50.00000000098931,7559.999999850417,True,3.957239869123441e-09,0.0,0.0,0.0,True
37.9,True,200.0000000035223,49.999999999119424,7580.000000133495,True,-3.5223024497099686e-09,0.0,0.0,0.0,True
38.0,True,200.00000000195175,49.99999999951206,7600.000000074167,True,-1.9517472082952736e-09,0.0,0.0,0.0,True
38.1,True,200.0000000010319,49.99999999974202,7620.000000039316,True,-1.0319070042896783e-09,0.0,0.0,0.0,True
38.2,True,200.0000000005177,49.999999999870575,7640.000000019777,True,-5.17701437274809e-10,0.0,0.0,0.0,True
38.300000000000004,True,200.00000000024477,49.99999999993881,7660.000000009375,True,-2.447677616146393e-10,0.0,0.0,0.0,True
38.400000000000006,True,200.00000000010817,49.99999999997296,7680.000000004155,True,-1.0817302609211765e-10,0.0,0.0,0.0,True
38.5,True,200.00000000004425,49.99999999998894,7700.0000000017035,True,-4.425260158313904e-11,0.0,0.0,0.0,True
38.6,True,200.00000000001657,49.99999999999585,7720.00000000064,True,-1.6569856597925536e-11,0.0,0.0,0.0,True
38.7,True,200.0000000000056,49.9999999999986,7740.000000000217,True,-5.5990767577895895e-12,0.0,0.0,0.0,True
38.800000000000004,True,200.00000000000168,49.999999999999574,7760.0000000000655,True,-1.6768808563938364e-12,0.0,0.0,0.0,True
38.900000000000006,True,200.00000000000045,49.999999999999886,7780.000000000019,True,-4.547473508864641e-13,0.0,0.0,0.0,True
39.0,True,200.0000000000001,49.999999999999964,7800.000000000005,True,-1.1368683772161603e-13,0.0,0.0,0.0,True
39.1,True,200.00000000000003,49.99999999999999,7820.000000000002,True,-2.842170943040401e-14,0.0,0.0,0.0,True
39.2,True,200.0,50.0,7840.000000000001,True,0.0,0.0,0.0,0.0,True
39.300000000000004,True,200.00000000452573,49.99999999886857,7860.000000177862,True,-4.525730901150382e-09,0.0,0.0,0.0,True
39.400000000000006,True,200.0000000011147,49.999999999721325,7880.00000004392,True,-1.1146994438604452e-09,0.0,0.0,0.0,True
39.5,True,200.0000000002271,49.99999999994323,7900.00000000897,True,-2.2708945834892802e-10,0.0,0.0,0.0,True
39.6,True,200.00000000003604,49.99999999999098,7920.000000001427,True,-3.603872755775228e-11,0.0,0.0,0.0,True
39.7,True,200.00000000000398,49.999999999999005,7940.000000000158,True,-3.979039320256561e-12,0.0,0.0,0.0,True
39.800000000000004,True,200.00000000000023,49.999999999999936,7960.00000000001,True,-2.2737367544323206e-13,0.0,0.0,0.0,True
39.900000000000006,True,200.0,50.0,7980.000000000001,True,0.0,0.0,0.0,0.0,True
40.0,True,199.99999999648767,50.00000000087808,7999.999999859507,True,3.512326429699897e-09,0.0,0.0,0.0,True
40.1,True,199.9999999998584,50.00000000003539,8019.999999994322,True,1.4159695638227277e-10,0.0,0.0,0.0,True
40.2,True,199.99999999919066,50.00000000020233,8039.999999967466,True,8.093365977401845e-10,0.0,0.0,0.0,True
40.300000000000004,True,199.99999999803558,50.0000000004911,8059.999999920835,True,1.9644232907012338e-09,0.0,0.0,0.0,True
40.400000000000006,True,199.99999999665482,50.000000000836295,8079.999999864856,True,3.345178356539691e-09,0.0,0.0,0.0,True
40.5,True,199.99999999531346,50.000000001171635,8099.999999810195,True,4.686540933107608e-09,0.0,0.0,0.0,True
40.6,True,200.0000000042479,49.99999999893802,8120.000000172466,True,-4.247908691468183e-09,0.0,0.0,0.0,True
40.7,True,200.000000003454,49.9999999991365,8140.000000140579,True,-3.454005081948708e-09,0.0,0.0,0.0,True
40.800000000000004,True,200.00000000300375,49.99999999924906,8160.0000001225535,True,-3.0037483611522475e-09,0.0,0.0,0.0,True
40.900000000000006,True,200.0000000028693,49.99999999928267,8180.000000117356,True,-2.8693136755464366e-09,0.0,0.0,0.0,True
41.0,True,200.00000000299514,49.999999999251216,8200.0000001228,True,-2.995136583194835e-09,0.0,0.0,0.0,True
41.1,True,200.0000000033152,49.999999999171195,8220.000000136255,True,-3.3151934530906146e-09,0.0,0.0,0.0,True
41.2,True,200.0000000037646,49.99999999905885,8240.000000155102,True,-3.764597522604163e-09,0.0,0.0,0.0,True
41.300000000000004,True,200.00000000428656,49.99999999892836,8260.000000177037,True,-4.286562216293532e-09,0.0,0.0,0.0,True
41.400000000000006,True,200.00000000483556,49.99999999879111,8280.000000200193,True,-4.835555955651216e-09,0.0,0.0,0.0,True
41.5,True,199.99999999532798,50.000000001168,8299.999999806112,True,4.6720174395886716e-09,0.0,0.0,0.0,True
41.6,True,199.99999999584108,50.00000000103973,8319.999999826989,True,4.158920319241588e-09,0.0,0.0,0.0,True
41.7,True,199.99999999631112,50.00000000092221,8339.999999846174,True,3.6888820886815665e-09,0.0,0.0,0.0,True
41.800000000000004,True,199.99999999673142,50.000000000817145,8359.999999863374,True,3.268581849624752e-09,0.0,0.0,0.0,True
41.900000000000006,True,199.9999999971002,50.00000000072495,8379.999999878499,True,2.89981016976526e-09,0.0,0.0,0.0,True
42.0,True,199.9999999974191,50.000000000645215,8399.999999891603,True,2.5808901682466967e-09,0.0,0.0,0.0,True
42.1,True,199.99999999769176,50.00000000057706,8419.999999902824,True,2.308240709680831e-09,0.0,0.0,0.0,True
42.2,True,199.99999999792277,50.0000000005193,8439.999999912341,True,2.0772290554305073e-09,0.0,0.0,0.0,True
42.300000000000004,True,199.99999999811715,50.000000000470706,8459.999999920356,True,1.8828529846359743e-09,0.0,0.0,0.0,True
42.400000000000006,True,199.99999999827983,50.00000000043004,8479.999999927066,True,1.7201671198563417e-09,0.0,0.0,0.0,True
42.5,True,199.99999999841543,50.000000000396135,8499.999999932656,True,1.5845671441638842e-09,0.0,0.0,0.0,True
42.6,True,199.99999999852804,50.00000000036799,8519.999999937294,True,1.4719603314006235e-09,0.0,0.0,0.0,True
42.7,True,199.99999999862132,50.00000000034467,8539.99999994113,True,1.3786802810500376e-09,0.0,0.0,0.0,True
42.800000000000004,True,199.99999999869843,50.00000000032539,8559.999999944293,True,1.3015721833653515e-09,0.0,0.0,0.0,True
42.900000000000006,True,199.999999998762,50.0000000003095,8579.999999946891,True,1.2379928193695378e-09,0.0,0.0,0.0,True
43.0,True,199.99999999881436,50.0000000002964,8599.999999949017,True,1.1856400305987336e-09,0.0,0.0,0.0,True
43.1,True,199.99999999885733,50.00000000028567,8619.99999995075,True,1.1426664059399627e-09,0.0,0.0,0.0,True
43.2,True,199.9999999988926,50.00000000027685,8639.99999995216,True,1.1073950645368313e-09,0.0,0.0,0.0,True
43.300000000000004,True,199.99999999892142,50.000000000269644,8659.9999999533,True,1.0785754511744017e-09,0.0,0.0,0.0,True
43.400000000000006,True,199.99999999894496,50.00000000026375,8679.999999954212,True,1.0550422757660272e-09,0.0,0.0,0.0,True
43.5,True,199.99999999896414,50.00000000025896,8699.99999995494,True,1.0358576219005045e-09,0.0,0.0,0.0,True
43.6,True,199.99999999897972,50.00000000025507,8719.999999955517,True,1.020282525132643e-09,0.0,0.0,0.0,True
43.7,True,199.9999999989923,50.00000000025192,8739.999999955964,True,1.007691707854974e-09,0.0,0.0,0.0,True
43.800000000000004,True,199.9999999990025,50.000000000249365,8759.999999956312,True,9.97488314169459e-10,0.0,0.0,0.0,True
43.900000000000006,True,199.99999999901073,50.00000000024731,8779.999999956572,True,9.892744401440723e-10,0.0,0.0,0.0,True
44.0,True,199.9999999990173,50.00000000024567,8799.99999995676,True,9.82709025265649e-10,0.0,0.0,0.0,True
44.1,True,199.99999999902258,50.000000000244356,8819.999999956895,True,9.774225873115938e-10,0.0,0.0,0.0,True
44.2,True,199.99999999902678,50.0000000002433,8839.999999956985,True,9.73216174315894e-10,0.0,0.0,0.0,True
44.300000000000004,True,199.99999999903014,50.000000000242466,8859.999999957035,True,9.698624126031063e-10,0.0,0.0,0.0,True
44.400000000000006,True,199.99999999903278,50.0000000002418,8879.999999957057,True,9.672191936260788e-10,0.0,0.0,0.0,True
44.5,True,199.99999999903488,50.00000000024127,8899.999999957052,True,9.651159871282289e-10,0.0,0.0,0.0,True
44.6,True,199.99999999903653,50.00000000024087,8919.99999995703,True,9.634675279812654e-10,0.0,0.0,0.0,True
44.7,True,199.99999999903784,50.00000000024054,8939.999999956992,True,9.621601293474669e-10,0.0,0.0,0.0,True
44.800000000000004,True,199.99999999903883,50.00000000024029,8959.99999995694,True,9.611653695174027e-10,0.0,0.0,0.0,True
44.900000000000006,True,199.99999999903963,50.00000000024009,8979.99999995688,True,9.603695616533514e-10,0.0,0.0,0.0,True
45.0,True,199.99999999904026,50.000000000239936,8999.999999956812,True,9.597442840458825e-10,0.0,0.0,0.0,True
45.1,True,199.9999999990407,50.000000000239815,9019.999999956737,True,9.59289536694996e-10,0.0,0.0,0.0,True
45.2,True,199.99999999904108,50.00000000023973,9039.999999956657,True,9.589200544724008e-10,0.0,0.0,0.0,True
45.300000000000004,True,199.99999999904136,50.00000000023966,9059.999999956575,True,9.586358373780968e-10,0.0,0.0,0.0,True
45.400000000000006,True,199.9999999990416,50.000000000239595,9079.99999995649,True,9.584084637026535e-10,0.0,0.0,0.0,True
45.5,True,199.99999999904173,50.00000000023956,9099.999999956399,True,9.582663551555015e-10,0.0,0.0,0.0,True
45.6,True,199.99999999904188,50.000000000239524,9119.99999995631,True,9.581242466083495e-10,0.0,0.0,0.0,True
45.7,True,199.99999999904196,50.00000000023951,9139.999999956219,True,9.580389814800583e-10,0.0,0.0,0.0,True
45.800000000000004,True,199.99999999904202,50.00000000023949,9159.999999956126,True,9.579821380611975e-10,0.0,0.0,0.0,True
45.900000000000006,True,199.99999999904207,50.00000000023948,9179.999999956033,True,9.579252946423367e-10,0.0,0.0,0.0,True
46.0,True,199.99999999904213,50.00000000023946,9199.999999955939,True,9.578684512234759e-10,0.0,0.0,0.0,True
46.1,True,199.99999999904216,50.00000000023945,9219.999999955844,True,9.578400295140455e-10,0.0,0.0,0.0,True
46.2,True,199.9999999990422,50.00000000023945,9239.99999995575,True,9.57811607804615e-10,0.0,0.0,0.0,True
46.300000000000004,True,199.9999999990422,50.00000000023945,9259.999999955655,True,9.57811607804615e-10,0.0,0.0,0.0,True
46.400000000000006,True,199.99999999904222,50.000000000239446,9279.99999995556,True,9.577831860951846e-10,0.0,0.0,0.0,True
46.5,True,199.99999999904222,50.000000000239446,9299.999999955464,True,9.577831860951846e-10,0.0,0.0,0.0,True
46.6,True,199.99999999904222,50.000000000239446,9319.999999955367,True,9.577831860951846e-10,0.0,0.0,0.0,True
46.7,True,199.99999999904222,50.000000000239446,9339.999999955273,True,9.577831860951846e-10,0.0,0.0,0.0,True
46.800000000000004,True,199.99999999904222,50.000000000239446,9359.999999955176,True,9.577831860951846e-10,0.0,0.0,0.0,True
46.900000000000006,True,199.99999999904225,50.00000000023944,9379.999999955082,True,9.577547643857542e-10,0.0,0.0,0.0,True
47.0,True,199.99999999904225,50.00000000023944,9399.999999954985,True,9.577547643857542e-10,0.0,0.0,0.0,True
47.1,True,199.99999999904225,50.00000000023944,9419.99999995489,True,9.577547643857542e-10,0.0,0.0,0.0,True
47.2,True,199.99999999904225,50.00000000023944,9439.999999954794,True,9.577547643857542e-10,0.0,0.0,0.0,True
47.300000000000004,True,199.99999999904225,50.00000000023944,9459.9999999547,True,9.577547643857542e-10,0.0,0.0,0.0,True
47.400000000000006,True,199.99999999904225,50.00000000023944,9479.999999954603,True,9.577547643857542e-10,0.0,0.0,0.0,True
47.5,True,199.99999999904225,50.00000000023944,9499.999999954507,True,9.577547643857542e-10,0.0,0.0,0.0,True
47.6,True,199.99999999904225,50.00000000023944,9519.99999995441,True,9.577547643857542e-10,0.0,0.0,0.0,True
47.7,True,199.99999999904225,50.00000000023944,9539.999999954316,True,9.577547643857542e-10,0.0,0.0,0.0,True
47.800000000000004,True,199.99999999904225,50.00000000023944,9559.99999995422,True,9.577547643857542e-10,0.0,0.0,0.0,True
47.900000000000006,True,199.99999999904225,50.00000000023944,9579.999999954125,True,9.577547643857542e-10,0.0,0.0,0.0,True
48.0,True,199.99999999904225,50.00000000023944,9599.999999954027,True,9.577547643857542e-10,0.0,0.0,0.0,True
48.1,True,199.99999999904225,50.00000000023944,9619.999999953932,True,9.577547643857542e-10,0.0,0.0,0.0,True
48.2,True,199.99999999904225,50.00000000023944,9639.999999953838,True,9.577547643857542e-10,0.0,0.0,0.0,True
48.300000000000004,True,199.99999999904225,50.00000000023944,9659.999999953741,True,9.577547643857542e-10,0.0,0.0,0.0,True
48.400000000000006,True,199.99999999904225,50.00000000023944,9679.999999953647,True,9.577547643857542e-10,0.0,0.0,0.0,True
48.5,True,199.99999999904225,50.00000000023944,9699.999999953548,True,9.577547643857542e-10,0.0,0.0,0.0,True
48.6,True,199.99999999904225,50.00000000023944,9719.999999953454,True,9.577547643857542e-10,0.0,0.0,0.0,True
48.7,True,199.99999999904225,50.00000000023944,9739.999999953357,True,9.577547643857542e-10,0.0,0.0,0.0,True
48.800000000000004,True,199.99999999904225,50.00000000023944,9759.999999953263,True,9.577547643857542e-10,0.0,0.0,0.0,True
48.900000000000006,True,199.99999999904225,50.00000000023944,9779.999999953166,True,9.577547643857542e-10,0.0,0.0,0.0,True
49.0,True,199.99999999904225,50.00000000023944,9799.99999995307,True,9.577547643857542e-10,0.0,0.0,0.0,True
49.1,True,199.99999999904225,50.00000000023944,9819.999999952974,True,9.577547643857542e-10,0.0,0.0,0.0,True
49.2,True,199.99999999904225,50.00000000023944,9839.999999952879,True,9.577547643857542e-10,0.0,0.0,0.0,True
49.300000000000004,True,199.99999999904225,50.00000000023944,9859.999999952783,True,9.577547643857542e-10,0.0,0.0,0.0,True
49.400000000000006,True,199.99999999904225,50.00000000023944,9879.999999952688,True,9.577547643857542e-10,0.0,0.0,0.0,True
49.5,True,199.99999999904225,50.00000000023944,9899.999999952592,True,9.577547643857542e-10,0.0,0.0,0.0,True
49.6,True,199.99999999904225,50.00000000023944,9919.999999952495,True,9.577547643857542e-10,0.0,0.0,0.0,True
49.7,True,199.99999999904225,50.00000000023944,9939.9999999524,True,9.577547643857542e-10,0.0,0.0,0.0,True
49.800000000000004,True,199.99999999904225,50.00000000023944,9959.999999952304,True,9.577547643857542e-10,0.0,0.0,0.0,True
49.900000000000006,True,199.99999999904225,50.00000000023944,9979.99999995221,True,9.577547643857542e-10,0.0,0.0,0.0,True
50.0,True,199.99999999904225,50.00000000023944,9999.999999952111,True,9.577547643857542e-10,0.0,0.0,0.0,True
50.1,True,199.99999999904225,50.00000000023944,10019.999999952017,True,9.577547643857542e-10,0.0,0.0,0.0,True
50.2,True,199.99999999904225,50.00000000023944,10039.99999995192,True,9.577547643857542e-10,0.0,0.0,0.0,True
50.300000000000004,True,199.99999999904225,50.00000000023944,10059.999999951826,True,9.577547643857542e-10,0.0,0.0,0.0,True
50.400000000000006,True,199.99999999904225,50.00000000023944,10079.99999995173,True,9.577547643857542e-10,0.0,0.0,0.0,True
50.5,True,199.99999999904225,50.00000000023944,10099.999999951633,True,9.577547643857542e-10,0.0,0.0,0.0,True
50.6,True,199.99999999904225,50.00000000023944,10119.999999951538,True,9.577547643857542e-10,0.0,0.0,0.0,True
50.7,True,199.99999999904225,50.00000000023944,10139.999999951442,True,9.577547643857542e-10,0.0,0.0,0.0,True
50.800000000000004,True,199.99999999904225,50.00000000023944,10159.999999951347,True,9.577547643857542e-10,0.0,0.0,0.0,True
50.900000000000006,True,199.99999999904225,50.00000000023944,10179.999999951251,True,9.577547643857542e-10,0.0,0.0,0.0,True
51.0,True,199.99999999904225,50.00000000023944,10199.999999951155,True,9.577547643857542e-10,0.0,0.0,0.0,True
51.1,True,199.99999999904225,50.00000000023944,10219.999999951058,True,9.577547643857542e-10,0.0,0.0,0.0,True
51.2,True,199.99999999904225,50.00000000023944,10239.999999950964,True,9.577547643857542e-10,0.0,0.0,0.0,True
51.300000000000004,True,199.99999999904225,50.00000000023944,10259.999999950867,True,9.577547643857542e-10,0.0,0.0,0.0,True
51.400000000000006,True,199.99999999904225,50.00000000023944,10279.999999950773,True,9.577547643857542e-10,0.0,0.0,0.0,True
51.5,True,199.99999999904225,50.00000000023944,10299.999999950676,True,9.577547643857542e-10,0.0,0.0,0.0,True
51.6,True,199.99999999904225,50.00000000023944,10319.99999995058,True,9.577547643857542e-10,0.0,0.0,0.0,True
51.7,True,199.99999999904225,50.00000000023944,10339.999999950485,True,9.577547643857542e-10,0.0,0.0,0.0,True
51.800000000000004,True,199.99999999904225,50.00000000023944,10359.999999950389,True,9.577547643857542e-10,0.0,0.0,0.0,True
51.900000000000006,True,199.99999999904225,50.00000000023944,10379.999999950294,True,9.577547643857542e-10,0.0,0.0,0.0,True
52.0,True,199.99999999904225,50.00000000023944,10399.999999950196,True,9.577547643857542e-10,0.0,0.0,0.0,True
52.1,True,199.99999999904225,50.00000000023944,10419.999999950101,True,9.577547643857542e-10,0.0,0.0,0.0,True
52.2,True,199.99999999904225,50.00000000023944,10439.999999950005,True,9.577547643857542e-10,0.0,0.0,0.0,True
52.300000000000004,True,199.99999999904225,50.00000000023944,10459.99999994991,True,9.577547643857542e-10,0.0,0.0,0.0,True
52.400000000000006,True,199.99999999904225,50.00000000023944,10479.999999949814,True,9.577547643857542e-10,0.0,0.0,0.0,True
52.5,True,199.99999999904225,50.00000000023944,10499.999999949718,True,9.577547643857542e-10,0.0,0.0,0.0,True
52.6,True,199.99999999904225,50.00000000023944,10519.999999949623,True,9.577547643857542e-10,0.0,0.0,0.0,True
52.7,True,199.99999999904225,50.00000000023944,10539.999999949527,True,9.577547643857542e-10,0.0,0.0,0.0,True
52.800000000000004,True,199.99999999904225,50.00000000023944,10559.999999949432,True,9.577547643857542e-10,0.0,0.0,0.0,True
52.900000000000006,True,199.99999999904225,50.00000000023944,10579.999999949336,True,9.577547643857542e-10,0.0,0.0,0.0,True
53.0,True,199.99999999904225,50.00000000023944,10599.99999994924,True,9.577547643857542e-10,0.0,0.0,0.0,True
53.1,True,199.99999999904225,50.00000000023944,10619.999999949143,True,9.577547643857542e-10,0.0,0.0,0.0,True
53.2,True,199.99999999904225,50.00000000023944,10639.999999949048,True,9.577547643857542e-10,0.0,0.0,0.0,True
53.300000000000004,True,199.99999999904225,50.00000000023944,10659.999999948952,True,9.577547643857542e-10,0.0,0.0,0.0,True
53.400000000000006,True,199.99999999904225,50.00000000023944,10679.999999948857,True,9.577547643857542e-10,0.0,0.0,0.0,True
53.5,True,199.99999999904225,50.00000000023944,10699.99999994876,True,9.577547643857542e-10,0.0,0.0,0.0,True
53.6,True,199.99999999904225,50.00000000023944,10719.999999948664,True,9.577547643857542e-10,0.0,0.0,0.0,True
53.7,True,199.99999999904225,50.00000000023944,10739.99999994857,True,9.577547643857542e-10,0.0,0.0,0.0,True
53.800000000000004,True,199.99999999904225,50.00000000023944,10759.999999948473,True,9.577547643857542e-10,0.0,0.0,0.0,True
53.900000000000006,True,199.99999999904225,50.00000000023944,10779.999999948379,True,9.577547643857542e-10,0.0,0.0,0.0,True
54.0,True,199.99999999904225,50.00000000023944,10799.99999994828,True,9.577547643857542e-10,0.0,0.0,0.0,True
54.1,True,199.99999999904225,50.00000000023944,10819.999999948186,True,9.577547643857542e-10,0.0,0.0,0.0,True
54.2,True,199.99999999904225,50.00000000023944,10839.99999994809,True,9.577547643857542e-10,0.0,0.0,0.0,True
54.300000000000004,True,199.99999999904225,50.00000000023944,10859.999999947995,True,9.577547643857542e-10,0.0,0.0,0.0,True
54.400000000000006,True,199.99999999904225,50.00000000023944,10879.999999947899,True,9.577547643857542e-10,0.0,0.0,0.0,True
54.5,True,199.99999999904225,50.00000000023944,10899.999999947802,True,9.577547643857542e-10,0.0,0.0,0.0,True
54.6,True,199.99999999904225,50.00000000023944,10919.999999947708,True,9.577547643857542e-10,0.0,0.0,0.0,True
54.7,True,199.99999999904225,50.00000000023944,10939.999999947611,True,9.577547643857542e-10,0.0,0.0,0.0,True
54.800000000000004,True,199.99999999904225,50.00000000023944,10959.999999947517,True,9.577547643857542e-10,0.0,0.0,0.0,True
54.900000000000006,True,199.99999999904225,50.00000000023944,10979.99999994742,True,9.577547643857542e-10,0.0,0.0,0.0,True
55.0,True,199.99999999904225,50.00000000023944,10999.999999947324,True,9.577547643857542e-10,0.0,0.0,0.0,True
55.1,True,199.99999999904225,50.00000000023944,11019.999999947227,True,9.577547643857542e-10,0.0,0.0,0.0,True
55.2,True,199.99999999904225,50.00000000023944,11039.999999947133,True,9.577547643857542e-10,0.0,0.0,0.0,True
55.300000000000004,True,199.99999999904225,50.00000000023944,11059.999999947036,True,9.577547643857542e-10,0.0,0.0,0.0,True
55.400000000000006,True,199.99999999904225,50.00000000023944,11079.999999946942,True,9.577547643857542e-10,0.0,0.0,0.0,True
55.5,True,199.99999999904225,50.00000000023944,11099.999999946845,True,9.577547643857542e-10,0.0,0.0,0.0,True
55.6,True,199.99999999904225,50.00000000023944,11119.999999946749,True,9.577547643857542e-10,0.0,0.0,0.0,True
55.7,True,199.99999999904225,50.00000000023944,11139.999999946654,True,9.577547643857542e-10,0.0,0.0,0.0,True
55.800000000000004,True,199.99999999904225,50.00000000023944,11159.999999946558,True,9.577547643857542e-10,0.0,0.0,0.0,True
55.900000000000006,True,199.99999999904225,50.00000000023944,11179.999999946464,True,9.577547643857542e-10,0.0,0.0,0.0,True
56.0,True,199.99999999904225,50.00000000023944,11199.999999946365,True,9.577547643857542e-10,0.0,0.0,0.0,True
56.1,True,199.99999999904225,50.00000000023944,11219.99999994627,True,9.577547643857542e-10,0.0,0.0,0.0,True
56.2,True,199.99999999904225,50.00000000023944,11239.999999946174,True,9.577547643857542e-10,0.0,0.0,0.0,True
56.300000000000004,True,199.99999999904225,50.00000000023944,11259.99999994608,True,9.577547643857542e-10,0.0,0.0,0.0,True
56.400000000000006,True,199.99999999904225,50.00000000023944,11279.999999945983,True,9.577547643857542e-10,0.0,0.0,0.0,True
56.5,True,199.99999999904225,50.00000000023944,11299.999999945887,True,9.577547643857542e-10,0.0,0.0,0.0,True
56.6,True,199.99999999904225,50.00000000023944,11319.99999994579,True,9.577547643857542e-10,0.0,0.0,0.0,True
56.7,True,199.99999999904225,50.00000000023944,11339.999999945696,True,9.577547643857542e-10,0.0,0.0,0.0,True
56.800000000000004,True,199.99999999904225,50.00000000023944,11359.9999999456,True,9.577547643857542e-10,0.0,0.0,0.0,True
56.900000000000006,True,199.99999999904225,50.00000000023944,11379.999999945505,True,9.577547643857542e-10,0.0,0.0,0.0,True
57.0,True,199.99999999904225,50.00000000023944,11399.999999945408,True,9.577547643857542e-10,0.0,0.0,0.0,True
57.1,True,199.99999999904225,50.00000000023944,11419.999999945312,True,9.577547643857542e-10,0.0,0.0,0.0,True
57.2,True,199.99999999904225,50.00000000023944,11439.999999945217,True,9.577547643857542e-10,0.0,0.0,0.0,True
57.300000000000004,True,199.99999999904225,50.00000000023944,11459.999999945121,True,9.577547643857542e-10,0.0,0.0,0.0,True
57.400000000000006,True,199.99999999904225,50.00000000023944,11479.999999945027,True,9.577547643857542e-10,0.0,0.0,0.0,True
57.5,True,199.99999999904225,50.00000000023944,11499.999999944928,True,9.577547643857542e-10,0.0,0.0,0.0,True
57.6,True,199.99999999904225,50.00000000023944,11519.999999944834,True,9.577547643857542e-10,0.0,0.0,0.0,True
57.7,True,199.99999999904225,50.00000000023944,11539.999999944737,True,9.577547643857542e-10,0.0,0.0,0.0,True
57.800000000000004,True,199.99999999904225,50.00000000023944,11559.999999944643,True,9.577547643857542e-10,0.0,0.0,0.0,True
57.900000000000006,True,199.99999999904225,50.00000000023944,11579.999999944546,True,9.577547643857542e-10,0.0,0.0,0.0,True
58.0,True,199.99999999904225,50.00000000023944,11599.99999994445,True,9.577547643857542e-10,0.0,0.0,0.0,True
58.1,True,199.99999999904225,50.00000000023944,11619.999999944355,True,9.577547643857542e-10,0.0,0.0,0.0,True
58.2,True,199.99999999904225,50.00000000023944,11639.999999944259,True,9.577547643857542e-10,0.0,0.0,0.0,True
58.300000000000004,True,199.99999999904225,50.00000000023944,11659.999999944164,True,9.577547643857542e-10,0.0,0.0,0.0,True
58.400000000000006,True,199.99999999904225,50.00000000023944,11679.999999944068,True,9.577547643857542e-10,0.0,0.0,0.0,True
58.5,True,199.99999999904225,50.00000000023944,11699.999999943971,True,9.577547643857542e-10,0.0,0.0,0.0,True
58.6,True,199.99999999904225,50.00000000023944,11719.999999943875,True,9.577547643857542e-10,0.0,0.0,0.0,True
58.7,True,199.99999999904225,50.00000000023944,11739.99999994378,True,9.577547643857542e-10,0.0,0.0,0.0,True
58.800000000000004,True,199.99999999904225,50.00000000023944,11759.999999943684,True,9.577547643857542e-10,0.0,0.0,0.0,True
58.900000000000006,True,199.99999999904225,50.00000000023944,11779.99999994359,True,9.577547643857542e-10,0.0,0.0,0.0,True
59.0,True,199.99999999904225,50.00000000023944,11799.999999943493,True,9.577547643857542e-10,0.0,0.0,0.0,True
59.1,True,199.99999999904225,50.00000000023944,11819.999999943397,True,9.577547643857542e-10,0.0,0.0,0.0,True
59.2,True,199.99999999904225,50.00000000023944,11839.999999943302,True,9.577547643857542e-10,0.0,0.0,0.0,True
59.300000000000004,True,199.99999999904225,50.00000000023944,11859.999999943206,True,9.577547643857542e-10,0.0,0.0,0.0,True
59.400000000000006,True,199.99999999904225,50.00000000023944,11879.999999943111,True,9.577547643857542e-10,0.0,0.0,0.0,True
59.5,True,199.99999999904225,50.00000000023944,11899.999999943013,True,9.577547643857542e-10,0.0,0.0,0.0,True
59.6,True,199.99999999904225,50.00000000023944,11919.999999942918,True,9.577547643857542e-10,0.0,0.0,0.0,True
59.7,True,199.99999999904225,50.00000000023944,11939.999999942822,True,9.577547643857542e-10,0.0,0.0,0.0,True
59.800000000000004,True,199.99999999904225,50.00000000023944,11959.999999942727,True,9.577547643857542e-10,0.0,0.0,0.0,True
59.900000000000006,True,199.99999999904225,50.00000000023944,11979.99999994263,True,9.577547643857542e-10,0.0,0.0,0.0,True
60.0,True,199.99999999904225,50.00000000023944,11999.999999942534,True,9.577547643857542e-10,0.0,0.0,0.0,True
60.1,True,199.99999999904225,50.00000000023944,12019.99999994244,True,9.577547643857542e-10,0.0,0.0,0.0,True
60.2,True,199.99999999904225,50.00000000023944,12039.999999942343,True,9.577547643857542e-10,0.0,0.0,0.0,True
60.300000000000004,True,199.99999999904225,50.00000000023944,12059.999999942249,True,9.577547643857542e-10,0.0,0.0,0.0,True
60.400000000000006,True,199.99999999904225,50.00000000023944,12079.999999942152,True,9.577547643857542e-10,0.0,0.0,0.0,True
60.5,True,199.99999999904225,50.00000000023944,12099.999999942056,True,9.577547643857542e-10,0.0,0.0,0.0,True
60.6,True,199.99999999904225,50.00000000023944,12119.99999994196,True,9.577547643857542e-10,0.0,0.0,0.0,True
60.7,True,199.99999999904225,50.00000000023944,12139.999999941865,True,9.577547643857542e-10,0.0,0.0,0.0,True
60.800000000000004,True,199.99999999904225,50.00000000023944,12159.999999941769,True,9.577547643857542e-10,0.0,0.0,0.0,True
60.900000000000006,True,199.99999999904225,50.00000000023944,12179.999999941674,True,9.577547643857542e-10,0.0,0.0,0.0,True
61.0,True,199.99999999904225,50.00000000023944,12199.999999941578,True,9.577547643857542e-10,0.0,0.0,0.0,True
61.1,True,199.99999999904225,50.00000000023944,12219.999999941481,True,9.577547643857542e-10,0.0,0.0,0.0,True
61.2,True,199.99999999904225,50.00000000023944,12239.999999941387,True,9.577547643857542e-10,0.0,0.0,0.0,True
61.300000000000004,True,199.99999999904225,50.00000000023944,12259.99999994129,True,9.577547643857542e-10,0.0,0.0,0.0,True
61.400000000000006,True,199.99999999904225,50.00000000023944,12279.999999941196,True,9.577547643857542e-10,0.0,0.0,0.0,True
61.5,True,199.99999999904225,50.00000000023944,12299.999999941097,True,9.577547643857542e-10,0.0,0.0,0.0,True
61.6,True,199.99999999904225,50.00000000023944,12319.999999941003,True,9.577547643857542e-10,0.0,0.0,0.0,True
61.7,True,199.99999999904225,50.00000000023944,12339.999999940906,True,9.577547643857542e-10,0.0,0.0,0.0,True
61.800000000000004,True,199.99999999904225,50.00000000023944,12359.999999940812,True,9.577547643857542e-10,0.0,0.0,0.0,True
61.900000000000006,True,199.99999999904225,50.00000000023944,12379.999999940715,True,9.577547643857542e-10,0.0,0.0,0.0,True
62.0,True,199.99999999904225,50.00000000023944,12399.99999994062,True,9.577547643857542e-10,0.0,0.0,0.0,True
62.1,True,199.99999999904225,50.00000000023944,12419.999999940525,True,9.577547643857542e-10,0.0,0.0,0.0,True
62.2,True,199.99999999904225,50.00000000023944,12439.999999940428,True,9.577547643857542e-10,0.0,0.0,0.0,True
62.300000000000004,True,199.99999999904225,50.00000000023944,12459.999999940334,True,9.577547643857542e-10,0.0,0.0,0.0,True
62.400000000000006,True,199.99999999904225,50.00000000023944,12479.999999940237,True,9.577547643857542e-10,0.0,0.0,0.0,True
62.5,True,199.99999999904225,50.00000000023944,12499.99999994014,True,9.577547643857542e-10,0.0,0.0,0.0,True
62.6,True,199.99999999904225,50.00000000023944,12519.999999940044,True,9.577547643857542e-10,0.0,0.0,0.0,True
62.7,True,199.99999999904225,50.00000000023944,12539.99999993995,True,9.577547643857542e-10,0.0,0.0,0.0,True
62.800000000000004,True,199.99999999904225,50.00000000023944,12559.999999939853,True,9.577547643857542e-10,0.0,0.0,0.0,True
62.900000000000006,True,199.99999999904225,50.00000000023944,12579.999999939759,True,9.577547643857542e-10,0.0,0.0,0.0,True
63.0,True,199.99999999904225,50.00000000023944,12599.999999939662,True,9.577547643857542e-10,0.0,0.0,0.0,True
63.1,True,199.99999999904225,50.00000000023944,12619.999999939566,True,9.577547643857542e-10,0.0,0.0,0.0,True
63.2,True,199.99999999904225,50.00000000023944,12639.999999939471,True,9.577547643857542e-10,0.0,0.0,0.0,True
63.300000000000004,True,199.99999999904225,50.00000000023944,12659.999999939375,True,9.577547643857542e-10,0.0,0.0,0.0,True
63.400000000000006,True,199.99999999904225,50.00000000023944,12679.99999993928,True,9.577547643857542e-10,0.0,0.0,0.0,True
63.5,True,199.99999999904225,50.00000000023944,12699.999999939182,True,9.577547643857542e-10,0.0,0.0,0.0,True
63.6,True,199.99999999904225,50.00000000023944,12719.999999939088,True,9.577547643857542e-10,0.0,0.0,0.0,True
63.7,True,199.99999999904225,50.00000000023944,12739.999999938991,True,9.577547643857542e-10,0.0,0.0,0.0,True
63.800000000000004,True,199.99999999904225,50.00000000023944,12759.999999938897,True,9.577547643857542e-10,0.0,0.0,0.0,True
63.900000000000006,True,199.99999999904225,50.00000000023944,12779.9999999388,True,9.577547643857542e-10,0.0,0.0,0.0,True
64.0,True,199.99999999904225,50.00000000023944,12799.999999938704,True,9.577547643857542e-10,0.0,0.0,0.0,True
64.10000000000001,True,199.99999999904225,50.00000000023944,12819.99999993861,True,9.577547643857542e-10,0.0,0.0,0.0,True
64.2,True,199.99999999904225,50.00000000023944,12839.999999938513,True,9.577547643857542e-10,0.0,0.0,0.0,True
64.3,True,199.99999999904225,50.00000000023944,12859.999999938416,True,9.577547643857542e-10,0.0,0.0,0.0,True
64.4,True,199.99999999904225,50.00000000023944,12879.999999938322,True,9.577547643857542e-10,0.0,0.0,0.0,True
64.5,True,199.99999999904225,50.00000000023944,12899.999999938225,True,9.577547643857542e-10,0.0,0.0,0.0,True
64.60000000000001,True,199.99999999904225,50.00000000023944,12919.99999993813,True,9.577547643857542e-10,0.0,0.0,0.0,True
64.7,True,199.99999999904225,50.00000000023944,12939.999999938034,True,9.577547643857542e-10,0.0,0.0,0.0,True
64.8,True,199.99999999904225,50.00000000023944,12959.999999937936,True,9.577547643857542e-10,0.0,0.0,0.0,True
64.9,True,199.99999999904225,50.00000000023944,12979.999999937843,True,9.577547643857542e-10,0.0,0.0,0.0,True
65.0,True,199.99999999904225,50.00000000023944,12999.999999937745,True,9.577547643857542e-10,0.0,0.0,0.0,True
65.10000000000001,True,199.99999999904225,50.00000000023944,13019.999999937652,True,9.577547643857542e-10,0.0,0.0,0.0,True
65.2,True,199.99999999904225,50.00000000023944,13039.999999937554,True,9.577547643857542e-10,0.0,0.0,0.0,True
65.3,True,199.99999999904225,50.00000000023944,13059.999999937458,True,9.577547643857542e-10,0.0,0.0,0.0,True
65.4,True,199.99999999904225,50.00000000023944,13079.999999937363,True,9.577547643857542e-10,0.0,0.0,0.0,True
65.5,True,199.99999999904225,50.00000000023944,13099.999999937267,True,9.577547643857542e-10,0.0,0.0,0.0,True
65.60000000000001,True,199.99999999904225,50.00000000023944,13119.999999937172,True,9.577547643857542e-10,0.0,0.0,0.0,True
65.7,True,199.99999999904225,50.00000000023944,13139.999999937076,True,9.577547643857542e-10,0.0,0.0,0.0,True
65.8,True,199.99999999904225,50.00000000023944,13159.99999993698,True,9.577547643857542e-10,0.0,0.0,0.0,True
65.9,True,199.99999999904225,50.00000000023944,13179.999999936885,True,9.577547643857542e-10,0.0,0.0,0.0,True
66.0,True,199.99999999904225,50.00000000023944,13199.999999936788,True,9.577547643857542e-10,0.0,0.0,0.0,True
66.10000000000001,True,199.99999999904225,50.00000000023944,13219.999999936694,True,9.577547643857542e-10,0.0,0.0,0.0,True
66.2,True,199.99999999904225,50.00000000023944,13239.999999936597,True,9.577547643857542e-10,0.0,0.0,0.0,True
66.3,True,199.99999999904225,50.00000000023944,13259.9999999365,True,9.577547643857542e-10,0.0,0.0,0.0,True
66.4,True,199.99999999904225,50.00000000023944,13279.999999936406,True,9.577547643857542e-10,0.0,0.0,0.0,True
66.5,True,199.99999999904225,50.00000000023944,13299.99999993631,True,9.577547643857542e-10,0.0,0.0,0.0,True
66.60000000000001,True,199.99999999904225,50.00000000023944,13319.999999936215,True,9.577547643857542e-10,0.0,0.0,0.0,True
66.7,True,199.99999999904225,50.00000000023944,13339.999999936119,True,9.577547643857542e-10,0.0,0.0,0.0,True
66.8,True,199.99999999904225,50.00000000023944,13359.99999993602,True,9.577547643857542e-10,0.0,0.0,0.0,True
66.9,True,199.99999999904225,50.00000000023944,13379.999999935928,True,9.577547643857542e-10,0.0,0.0,0.0,True
67.0,True,199.99999999904225,50.00000000023944,13399.99999993583,True,9.577547643857542e-10,0.0,0.0,0.0,True
67.10000000000001,True,199.99999999904225,50.00000000023944,13419.999999935737,True,9.577547643857542e-10,0.0,0.0,0.0,True
67.2,True,199.99999999904225,50.00000000023944,13439.999999935639,True,9.577547643857542e-10,0.0,0.0,0.0,True
67.3,True,199.99999999904225,50.00000000023944,13459.999999935542,True,9.577547643857542e-10,0.0,0.0,0.0,True
67.4,True,199.99999999904225,50.00000000023944,13479.999999935448,True,9.577547643857542e-10,0.0,0.0,0.0,True
67.5,True,199.99999999904225,50.00000000023944,13499.999999935351,True,9.577547643857542e-10,0.0,0.0,0.0,True
67.60000000000001,True,199.99999999904225,50.00000000023944,13519.999999935257,True,9.577547643857542e-10,0.0,0.0,0.0,True
67.7,True,199.99999999904225,50.00000000023944,13539.99999993516,True,9.577547643857542e-10,0.0,0.0,0.0,True
67.8,True,199.99999999904225,50.00000000023944,13559.999999935064,True,9.577547643857542e-10,0.0,0.0,0.0,True
67.9,True,199.99999999904225,50.00000000023944,13579.99999993497,True,9.577547643857542e-10,0.0,0.0,0.0,True
68.0,True,199.99999999904225,50.00000000023944,13599.999999934873,True,9.577547643857542e-10,0.0,0.0,0.0,True
68.10000000000001,True,199.99999999904225,50.00000000023944,13619.999999934778,True,9.577547643857542e-10,0.0,0.0,0.0,True
68.2,True,199.99999999904225,50.00000000023944,13639.999999934682,True,9.577547643857542e-10,0.0,0.0,0.0,True
68.3,True,199.99999999904225,50.00000000023944,13659.999999934586,True,9.577547643857542e-10,0.0,0.0,0.0,True
68.4,True,199.99999999904225,50.00000000023944,13679.999999934491,True,9.577547643857542e-10,0.0,0.0,0.0,True
68.5,True,199.99999999904225,50.00000000023944,13699.999999934395,True,9.577547643857542e-10,0.0,0.0,0.0,True
68.60000000000001,True,199.99999999904225,50.00000000023944,13719.9999999343,True,9.577547643857542e-10,0.0,0.0,0.0,True
68.7,True,199.99999999904225,50.00000000023944,13739.999999934204,True,9.577547643857542e-10,0.0,0.0,0.0,True
68.8,True,199.99999999904225,50.00000000023944,13759.999999934105,True,9.577547643857542e-10,0.0,0.0,0.0,True
68.9,True,199.99999999904225,50.00000000023944,13779.999999934013,True,9.577547643857542e-10,0.0,0.0,0.0,True
69.0,True,199.99999999904225,50.00000000023944,13799.999999933914,True,9.577547643857542e-10,0.0,0.0,0.0,True
69.10000000000001,True,199.99999999904225,50.00000000023944,13819.999999933822,True,9.577547643857542e-10,0.0,0.0,0.0,True
69.2,True,199.99999999904225,50.00000000023944,13839.999999933723,True,9.577547643857542e-10,0.0,0.0,0.0,True
69.3,True,199.99999999904225,50.00000000023944,13859.999999933627,True,9.577547643857542e-10,0.0,0.0,0.0,True
69.4,True,199.99999999904225,50.00000000023944,13879.999999933532,True,9.577547643857542e-10,0.0,0.0,0.0,True
69.5,True,199.99999999904225,50.00000000023944,13899.999999933436,True,9.577547643857542e-10,0.0,0.0,0.0,True
69.60000000000001,True,199.99999999904225,50.00000000023944,13919.999999933341,True,9.577547643857542e-10,0.0,0.0,0.0,True
69.7,True,199.99999999904202,50.00000000023949,13939.999999933229,True,9.577547643857542e-10,0.0,0.0,0.0,True
69.8,True,199.99999999904134,50.000000000239666,13959.999999933085,True,9.577547643857542e-10,0.0,0.0,0.0,True
69.9,True,199.99999999903815,50.000000000240455,13979.999999932768,True,9.577547643857542e-10,0.0,0.0,0.0,True
70.0,True,199.99999999902406,50.000000000243986,13999.999999931684,True,9.577547643857542e-10,0.0,0.0,0.0,True
70.10000000000001,True,199.99999999896195,50.00000000025951,14019.999999927235,True,9.577831860951846e-10,0.0,0.0,0.0,True
70.2,True,199.99999999870363,50.000000000324086,14039.999999908996,True,9.57811607804615e-10,0.0,0.0,0.0,True
70.3,True,199.99999999766874,50.000000000582816,14059.99999983611,True,9.579252946423367e-10,0.0,0.0,0.0,True
70.4,True,199.9999999936865,50.00000000157837,14079.99999955553,True,9.574989690008806e-10,0.0,0.0,0.0,True
70.5,True,199.99999997895736,50.00000000526065,14099.999998516494,True,9.57811607804615e-10,0.0,0.0,0.0,True
70.60000000000001,True,199.9999999266142,50.00000001834645,14119.999994818965,True,9.572715953254374e-10,0.0,0.0,0.0,True
70.7,True,199.99999974786962,50.000000063032594,14139.999982174382,True,9.556799795973347e-10,0.0,0.0,0.0,True
70.8,True,199.9999991613424,50.00000020966439,14159.999940623042,True,9.513598797639133e-10,0.0,0.0,0.0,True
70.9,True,199.99999731196942,50.00000067200765,14179.999809418634,True,9.380300980410539e-10,0.0,0.0,0.0,True
71.0,True,199.99999170869614,50.00000207282605,14199.999411317425,True,9.00399754755199e-10,0.0,0.0,0.0,True
71.10000000000001,True,199.9999753955747,50.00000615110708,14219.998250625362,True,8.007816632016329e-10,0.0,0.0,0.0,True
71.2,True,199.99992976009963,50.00001755998126,14239.994998919094,True,5.53370682609966e-10,0.0,0.0,0.0,True
71.3,True,199.99980709560126,50.0000482261462,14259.986245916369,True,1.2704504115390591e-11,0.0,0.0,0.0,True
71.4,True,199.999490328795,50.000127418125956,14279.963609475963,True,-8.360530046047643e-10,0.0,0.0,0.0,True
71.5,True,199.99870462288277,50.00032384637682,14299.907380536119,True,-4.1040948417503387e-10,0.0,0.0,0.0,True
71.60000000000001,True,199.9968337194329,50.000791582673635,14319.773294311399,True,5.684341886080802e-14,0.0,0.0,0.0,True
71.7,True,199.992561501668,50.001859693749644,14339.466659669597,True,1.9895196601282805e-13,0.0,0.0,0.0,True
71.8,True,199.98322514238345,50.00419406617845,14358.79556522313,True,1.3073986337985843e-12,0.0,0.0,0.0,True
71.9,True,199.96377015674088,50.00905910186398,14377.39507426967,True,1.2420287021086551e-11,0.0,0.0,0.0,True
72.0,True,199.92534584343142,50.01867050829739,14394.624900727062,True,4.9539039537194185e-11,0.0,0.0,0.0,True
72.10000000000001,True,199.85403715779944,50.036517361439465,14409.476079077342,True,2.2737367544323206e-13,0.0,0.0,0.0,True
72.2,True,199.73096903236123,50.067348335849495,14420.575964136482,True,1.7317347555945162e-10,0.0,0.0,0.0,True
72.3,True,199.53522811223164,50.11646361701777,14426.396992514346,True,-2.842170943040401e-14,0.0,0.0,0.0,True
72.4,True,199.24935457068054,50.188368346521585,14425.653270917272,True,3.694822225952521e-13,0.0,0.0,0.0,True
72.5,True,198.8643276704393,50.285539478815615,14417.66375610685,True,-5.684341886080802e-14,0.0,0.0,0.0,True
72.60000000000001,True,198.38079961455384,50.40810410800647,14402.44605201661,True,1.6297008187393658e-10,0.0,0.0,0.0,True
72.7,True,197.80662687675294,50.55442356959397,14380.54177393994,True,2.2737367544323206e-13,0.0,0.0,0.0,True
72.8,True,197.1532080231441,50.72197455101053,14352.75354408489,True,-1.1368683772161603e-12,0.0,0.0,0.0,True
72.9,True,196.43262335787696,50.90804077783549,14319.938242789232,True,-9.992788818635745e-10,0.0,0.0,0.0,True
73.0,True,195.65606483701393,51.11009468748251,14282.892733102017,True,1.1112888387287967e-11,0.0,0.0,0.0,True
73.10000000000001,True,194.8332307815209,51.325946605143784,14242.30917012918,True,6.301661414909177e-10,0.0,0.0,0.0,True
73.2,True,193.9722482769545,51.55376652500285,14198.76857387307,True,-1.4210854715202004e-13,0.0,0.0,0.0,True
73.3,True,193.07982355730562,51.792050643924604,14152.751066750501,True,2.842170943040401e-14,0.0,0.0,0.0,True
73.4,True,192.1614614349796,52.039570917728646,14104.651269327504,True,3.1516833587375004e-10,0.0,0.0,0.0,True
73.5,True,191.22168280487838,52.29532474203749,14054.79368615856,True,4.904165962216211e-10,0.0,0.0,0.0,True
73.60000000000001,True,190.2642143213521,52.55849102086122,14003.446174051518,True,8.813572094368283e-11,0.0,0.0,0.0,True
73.7,True,189.29214466588272,52.82839400256613,13950.831061875557,True,1.3358203432289883e-12,0.0,0.0,0.0,True
73.8,True,188.30804984834907,53.10447433369599,13897.134078808162,True,2.2298138446785742e-08,0.0,0.0,0.0,True
73.9,True,187.31409248777945,53.386266175634425,13842.511434846901,True,1.1178258318977896e-10,0.0,0.0,0.0,True
74.0,True,186.31210006700056,53.673379219083756,13787.095404958041,True,-2.5579538487363607e-13,0.0,0.0,0.0,True
74.10000000000001,True,185.30362678291186,53.96548450568248,13730.998744613771,True,7.543121682829224e-11,0.0,0.0,0.0,True
74.2,True,184.29000246295834,54.26230325223401,13674.318182751509,True,-6.710934030706994e-10,0.0,0.0,0.0,True
74.3,True,183.272371511233,54.56359798010846,13617.13720328461,True,-6.78241462992446e-09,0.0,0.0,0.0,True
74.4,True,182.25172406687443,54.86916544246602,13559.528270575458,True,1.677335603744723e-09,0.0,0.0,0.0,True
74.5,True,181.22892110847224,55.17883094395639,13501.554622581181,True,3.694822225952521e-13,0.0,0.0,0.0,True
74.60000000000001,True,180.2047147771087,55.49244375969176,13443.27172237231,True,-1.2265530813238001e-08,0.0,0.0,0.0,True
74.7,True,179.1797649595003,55.80987340987016,13384.728442474672,True,7.958078640513122e-12,0.0,0.0,0.0,True
74.8,True,178.15465291415305,56.13100660816687,13325.968037978648,True,-6.536993168992922e-13,0.0,0.0,0.0,True
74.9,True,177.12989249212472,56.45574476055533,13267.028947660143,True,3.2319462661689613e-09,0.0,0.0,0.0,True
75.0,True,176.1059394840232,56.78400188715512,13207.94546130174,True,3.694822225952521e-13,0.0,0.0,0.0,True
75.10000000000001,True,175.08319941365727,57.11570289719046,13148.748275965663,True,-3.3704168345138896e-09,0.0,0.0,0.0,True
75.2,True,174.06203409168057,57.45078214318051,13089.46496369438,True,2.2168933355715126e-12,0.0,0.0,0.0,True
75.3,True,173.04276714976456,57.78918220456581,13030.12036637727,True,2.842170943040401e-14,0.0,0.0,0.0,True
75.4,True,172.02568873108413,58.130852861355535,12970.736930323745,True,4.8189008339249995e-09,0.0,0.0,0.0,True
75.5,True,171.01105949845623,58.475750219477895,12911.334992133445,True,-1.9963408703915775e-10,0.0,0.0,0.0,True
75.60000000000001,True,169.9991140574234,58.82383596788707,12851.933022741212,True,4.029061528854072e-10,0.0,0.0,0.0,True
75.7,True,168.99006391235605,59.17507673815862,12792.547838165354,True,-1.2505552149377763e-12,0.0,0.0,0.0,True
75.8,True,167.9841000116289,59.529443556311215,12733.19478088147,True,-8.810729923425242e-13,0.0,0.0,0.0,True
75.9,True,166.9813949591074,59.886911367873836,12673.887877396253,True,-1.0490452950762119e-10,0.0,0.0,0.0,True
76.0,True,165.9821049384436,60.24745862638998,12614.639975321714,True,-3.1393199151352746e-09,0.0,0.0,0.0,True
76.10000000000001,True,164.98637139109564,60.611066936524566,12555.46286286238,True,1.8871787688112818e-08,0.0,0.0,0.0,True
76.2,True,163.9943225023751,60.97772073697961,12496.367374680984,True,-2.908109308918938e-10,0.0,0.0,0.0,True
76.3,True,163.006074476521,61.3474070344561,12437.363482558552,True,-1.887201506178826e-11,0.0,0.0,0.0,True
76.4,True,162.0217327005733,61.7201151556665,12378.4603783238,True,2.972910806420259e-11,0.0,0.0,0.0,True
76.5,True,161.04139274704204,62.09583653879369,12319.666545148715,True,-5.115907697472721e-13,0.0,0.0,0.0,True
76.60000000000001,True,160.06514127405325,62.47456454543493,12260.98982159248,True,2.3974848772922996e-09,0.0,0.0,0.0,True
76.7,True,159.09305682597468,62.856294294090944,12202.437458552258,True,1.1283418643870391e-11,0.0,0.0,0.0,True
76.80000000000001,True,158.1252105451184,63.24102251327385,12144.016169865094,True,-4.135785047765239e-09,0.0,0.0,0.0,True
76.9,True,157.1616668103038,63.6287474099529,12085.732177712363,True,-3.637978807091713e-12,0.0,0.0,0.0,True
77.0,True,156.20248381097608,64.01946855148098,12027.591253445158,True,7.522800160586485e-09,0.0,0.0,0.0,True
77.10000000000001,True,155.24771406135943,64.41318676066072,11969.598754130813,True,2.6716406864579767e-12,0.0,0.0,0.0,True
77.2,True,154.2974048594376,64.80990402340102,11911.759655148582,True,2.071942617476452e-11,0.0,0.0,0.0,True
77.30000000000001,True,153.35159871370934,65.209623400594,11854.078580569734,True,-3.550053406797815e-08,0.0,0.0,0.0,True
77.4,True,152.41033370480068,65.61234895901954,11796.559828751573,True,-1.5916157281026244e-12,0.0,0.0,0.0,True
77.5,True,151.47364385637576,66.01808569074761,11739.20739886912,True,4.291678123991005e-11,0.0,0.0,0.0,True
77.60000000000001,True,150.54155941919183,66.42683946267894,11682.025010929287,True,1.9895196601282805e-13,0.0,0.0,0.0,True
77.7,True,149.61410716805796,66.83861695453116,11625.016126958104,True,-5.115907697472721e-13,0.0,0.0,0.0,True
77.80000000000001,True,148.69131065600945,67.25342560961442,11568.183969037536,True,1.8411043356536538e-08,0.0,0.0,0.0,True
77.9,True,147.77319045657393,67.67127358557435,11511.53153656711,True,6.824052434240002e-11,0.0,0.0,0.0,True
78.0,True,146.85976436618094,68.09216971822143,11455.061620562114,True,-1.7337242752546445e-12,0.0,0.0,0.0,True
78.10000000000001,True,145.9510476146635,68.51612347724809,11398.77681870522,True,7.58859641791787e-12,0.0,0.0,0.0,True
78.2,True,145.04705303948697,68.94314493433826,11342.679547687881,True,4.6110244511510246e-09,0.0,0.0,0.0,True
78.30000000000001,True,144.147791257401,69.37324472869139,11286.7720554545,True,-3.724247221725818e-08,0.0,0.0,0.0,True
78.4,True,143.25327080191963,69.80643404524623,11231.0564308705,True,6.536993168992922e-13,0.0,0.0,0.0,True
78.5,True,142.36349829221496,70.24272457448345,11175.534615938874,True,7.219114195322618e-12,0.0,0.0,0.0,True
78.60000000000001,True,141.47847853342464,70.68212850223347,11120.208412727177,True,5.146367243469285e-08,0.0,0.0,0.0,True
78.7,True,140.59821466614116,71.12465847269537,11065.07949422531,True,-2.783366426228895e-09,0.0,0.0,0.0,True
78.80000000000001,True,139.72270824104496,71.57032758589486,11010.149409394344,True,-3.134914550173562e-11,0.0,0.0,0.0,True
78.9,True,138.85195935648693,72.01914936127126,10955.41959322682,True,2.8421709430404007e-13,0.0,0.0,0.0,True
79.0,True,137.98596673532313,72.47113772939993,10900.891372090528,True,2.965521161968354e-09,0.0,0.0,0.0,True
79.10000000000001,True,137.12472781708087,72.92630701400273,10846.565970331098,True,2.183011815759528e-08,0.0,0.0,0.0,True
79.2,True,136.26823884668573,73.38467191354044,10792.44451665751,True,-3.303665607745643e-08,0.0,0.0,0.0,True
79.30000000000001,True,135.4164949295554,73.84624749888903,10738.528047913745,True,1.2423129192029592e-10,0.0,0.0,0.0,True
79.4,True,134.56949013478,74.31104918346911,10684.817516701534,True,1.6339640751539264e-10,0.0,0.0,0.0,True
79.5,True,133.72721753515629,74.77909272561544,10631.313794044925,True,2.1032064978498966e-12,0.0,0.0,0.0,True
79.60000000000001,True,132.8896692803325,75.25039421164387,10578.017674714469,True,-3.1797640076547395e-09,0.0,0.0,0.0,True
79.7,True,132.05683665165304,75.72497004739378,10524.929881136748,True,3.694822225952521e-11,0.0,0.0,0.0,True
79.80000000000001,True,131.22871012003012,76.2028369466816,10472.051067578404,True,-3.9042248545229086e-08,0.0,0.0,0.0,True
79.9,True,130.4052793835525,76.68401193012788,10419.381822745847,True,3.83124643121846e-11,0.0,0.0,0.0,True
80.0,True,129.58653343749867,77.16851230396664,10366.922674999894,True,4.348521542851813e-12,0.0,0.0,0.0,True
80.10000000000001,True,128.77246059640214,77.6563556655327,10314.674093771813,True,1.1425527191022411e-11,0.0,0.0,0.0,True
80.2,True,127.96304854644589,78.14755989007536,10262.636493424961,True,9.521272659185342e-12,0.0,0.0,0.0,True
80.30000000000001,True,127.15828438211629,78.64214312572474,10210.81023588394,True,1.1795009413617663e-12,0.0,0.0,0.0,True
80.4,True,126.35815464266135,79.14012378765601,10159.195633269974,True,4.85343321088294e-10,0.0,0.0,0.0,True
80.5,True,125.56264534527503,79.64152055336021,10107.792950294639,True,2.3283121208805824e-08,0.0,0.0,0.0,True
80.60000000000001,True,124.77174202316588,80.1463523539115,10056.602407067172,True,-6.963318810448982e-13,0.0,0.0,0.0,True
80.7,True,123.98542974392524,80.65463837689329,10005.624180334768,True,-1.0231815394945443e-12,0.0,0.0,0.0,True
80.80000000000001,True,123.20369315014509,81.16639805442571,9954.858406531725,True,3.694822225952521e-13,0.0,0.0,0.0,True
80.9,True,122.42651648013018,81.68165106309301,9904.305183242532,True,1.9147421426168876e-09,0.0,0.0,0.0,True
81.0,True,121.65388359493984,82.20041731915533,9853.964571190127,True,7.109690614015562e-11,0.0,0.0,0.0,True
81.10000000000001,True,120.88577800431695,82.7227169737278,9803.836596150106,True,-5.99181504412627e-08,0.0,0.0,0.0,True
81.2,True,120.12218287542174,83.24857041909537,9753.921249484245,True,-2.7862938623002265e-09,0.0,0.0,0.0,True
81.30000000000001,True,119.36308108277446,83.77799826619189,9704.218492029564,True,-9.237055564881302e-13,0.0,0.0,0.0,True
81.4,True,118.60845520004308,84.31102136128628,9654.728253283507,True,1.0331291377951857e-11,0.0,0.0,0.0,True
81.5,True,117.85828753258211,84.84766077426234,9605.450433905442,True,1.9824142327706795e-11,0.0,0.0,0.0,True
81.60000000000001,True,117.11256013061237,85.38793779973112,9556.38490665797,True,5.263129310151271e-08,0.0,0.0,0.0,True
81.7,True,116.37125481864442,85.93187394588315,9507.531518683249,True,8.526512829121202e-14,0.0,0.0,0.0,True
81.80000000000001,True,115.63435318648584,86.47949095086646,9458.890090654542,True,-2.4442670110147446e-12,0.0,0.0,0.0,True
81.9,True,114.90183663094582,87.03081076170334,9410.460420074463,True,-2.9086791641930176e-08,0.0,0.0,0.0,True
82.0,True,114.17368635095778,87.58585554696957,9362.242280778539,True,9.038103598868474e-12,0.0,0.0,0.0,True
82.10000000000001,True,113.44988337741594,88.14464768317833,9314.23542528585,True,-1.802135329853627e-09,0.0,0.0,0.0,True
82.2,True,112.73040857071778,88.70720976520565,9266.439584513002,True,3.242512036649714e-08,0.0,0.0,0.0,True
82.30000000000001,True,112.01524265034216,89.27356459169759,9218.85447012316,True,-5.0382212180011265e-08,0.0,0.0,0.0,True
82.4,True,111.30436617820592,89.84373518635661,9171.47977308417,True,-2.333422344236169e-11,0.0,0.0,0.0,True
82.5,True,110.5977596076976,90.41774476690213,9124.315167635052,True,1.0658141036401503e-12,0.0,0.0,0.0,True
82.60000000000001,True,109.8954032639864,90.99561676823184,9077.360309605278,True,2.3078428057488054e-11,0.0,0.0,0.0,True
82.7,True,109.19727736684352,91.57737483147527,9030.61483823796,True,9.070078021977679e-10,0.0,0.0,0.0,True
82.80000000000001,True,108.50336203806509,92.16304280499442,8984.078376751791,True,5.8264504332328215e-12,0.0,0.0,0.0,True
82.9,True,107.81363731012847,92.7526447441409,8937.75053300965,True,-1.8202683804702247e-10,0.0,0.0,0.0,True
83.0,True,107.12808313522648,93.3462049104073,8891.630900223798,True,-2.167340085179603e-09,0.0,0.0,0.0,True
83.10000000000001,True,106.44667939296555,93.9437477714391,8845.719057555438,True,-2.6043807110909256e-09,0.0,0.0,0.0,True
83.2,True,105.76940589849791,94.54529800041182,8800.014570755025,True,-6.210854053279036e-10,0.0,0.0,0.0,True
83.30000000000001,True,105.09624241000262,95.15088047570616,8754.516992753219,True,3.063860276597552e-11,0.0,0.0,0.0,True
83.4,True,104.42716863533765,95.76052028107988,8709.225864187161,True,-8.668621376273222e-13,0.0,0.0,0.0,True
83.5,True,103.76216423944845,96.37424270491637,8664.140713993946,True,-1.2604573385033291e-08,0.0,0.0,0.0,True
83.60000000000001,True,103.1012088481569,96.99207324258998,8619.261059705917,True,3.836930773104541e-13,0.0,0.0,0.0,True
83.7,True,102.44428205944416,97.61403759164826,8574.586408375477,True,7.958078640513122e-13,0.0,0.0,0.0,True
83.80000000000001,True,101.79136344399251,98.24016165676161,8530.116256606574,True,1.7053025658242404e-12,0.0,0.0,0.0,True
83.9,True,101.14243255331662,98.87047154742456,8485.850091223265,True,4.973799150320701e-13,0.0,0.0,0.0,True
84.0,True,100.49746892587876,99.50499357725549,8441.787389773815,True,-3.451185648373212e-08,0.0,0.0,0.0,True
84.10000000000001,True,99.85645208516128,100.14375427109736,8397.927620362065,True,-5.941984682067414e-10,0.0,0.0,0.0,True
84.2,True,99.21936155822085,100.78678035165653,8354.270243202196,True,-2.1742607714259066e-12,0.0,0.0,0.0,True
84.30000000000001,True,98.58617686656353,101.4340987533679,8310.814709851307,True,-4.175149115326349e-11,0.0,0.0,0.0,True
84.4,True,97.95687753718352,102.08573661613593,8267.560464138289,True,-2.2168933355715126e-12,0.0,0.0,0.0,True
84.5,True,97.33144310526205,102.7417212871815,8224.506942394644,True,4.403943876241101e-09,0.0,0.0,0.0,True
84.60000000000001,True,96.70985312104132,103.4020803183733,8181.653574040097,True,-5.4472380384140706e-08,0.0,0.0,0.0,True
84.7,True,96.09208714019145,104.06684148103389,8138.999780774217,True,2.806847021474823e-08,0.0,0.0,0.0,True
84.80000000000001,True,95.47812475570205,104.73603273615603,8096.544979283535,True,-1.1112888387287967e-11,0.0,0.0,0.0,True
84.9,True,94.86794556852371,105.40968227015031,8054.288578767663,True,-2.906489271481405e-09,0.0,0.0,0.0,True
85.0,True,94.26152921187092,106.08781847282654,8012.229983009029,True,7.531752999057062e-13,0.0,0.0,0.0,True
85.10000000000001,True,93.65885534788858,106.77046994494833,7970.368590105319,True,9.947598300641403e-14,0.0,0.0,0.0,True
85.2,True,93.05990367058273,107.45766549897162,7928.703792733649,True,1.0302869668521453e-11,0.0,0.0,0.0,True
85.30000000000001,True,92.46465390919133,108.14943415914266,7887.234978454021,True,8.736833478906192e-11,0.0,0.0,0.0,True
85.4,True,91.8730858307635,108.84580516235934,7845.961529947203,True,1.9628032532637008e-10,0.0,0.0,0.0,True
85.5,True,91.2851792427256,109.54680795893695,7804.882825253039,True,6.261302587518003e-11,0.0,0.0,0.0,True
85.60000000000001,True,90.70091399528943,110.25247221344817,7763.998237996776,True,-3.552713678800501e-12,0.0,0.0,0.0,True
85.7,True,90.12026998410731,110.96282780514859,7723.307137637997,True,-8.101253001768782e-09,0.0,0.0,0.0,True
85.80000000000001,True,89.5432271518553,111.67790482959829,7682.8088896291865,True,-2.3585513986290607e-08,0.0,0.0,0.0,True
85.9,True,88.96976548901736,112.39773360124707,7642.502855506592,True,-1.5344880921475124e-10,0.0,0.0,0.0,True
86.0,True,88.39986504148773,113.12234464732282,7602.388393567945,True,-7.629807896591956e-11,0.0,0.0,0.0,True
86.10000000000001,True,87.83350590458764,113.85176871868083,7562.464858384997,True,2.3582913399877725e-08,0.0,0.0,0.0,True
86.2,True,87.270668234883,114.58603677796631,7522.7316018469155,True,-5.080912046651065e-08,0.0,0.0,0.0,True
86.30000000000001,True,86.71133223358127,115.32518002447705,7483.187971758065,True,-2.766995521596982e-10,0.0,0.0,0.0,True
86.4,True,86.15547817467866,116.06922986052241,7443.8333142922365,True,1.4026113603904378e-11,0.0,0.0,0.0,True
86.5,True,85.6030863843127,116.81821792155102,7404.666972243049,True,-2.0193624550302047e-11,0.0,0.0,0.0,True
86.60000000000001,True,85.05413725380122,117.57217606193616,7365.688286179186,True,-5.0425157382960606e-08,0.0,0.0,0.0,True
86.7,True,84.50861123051135,118.33113637050938,7326.896593685334,True,3.461764208623208e-11,0.0,0.0,0.0,True
86.80000000000001,True,83.96648883668875,119.09513114749355,7288.291231024585,True,3.1045743753566057e-09,0.0,0.0,0.0,True
86.9,True,83.42775065366699,119.86419292919601,7249.871531803662,True,3.268496584496461e-13,0.0,0.0,0.0,True
87.0,True,82.89237733086725,120.63835447841868,7211.636827785451,True,-1.3503722584573552e-09,0.0,0.0,0.0,True
87.10000000000001,True,82.36034958613654,121.41764878670777,7173.586448952493,True,-3.148571181554871e-09,0.0,0.0,0.0,True
87.2,True,81.83164820625821,122.2021090763663,7135.719723585716,True,-7.855334160922212e-10,0.0,0.0,0.0,True
87.30000000000001,True,81.30625404857386,122.99176880078393,7098.035978440499,True,-5.8548721426632255e-12,0.0,0.0,0.0,True
87.4,True,80.78414804138956,123.78666164649682,7060.534538817447,True,-1.6768808563938364e-12,0.0,0.0,0.0,True
87.5,True,80.26531118512975,124.5868215340905,7023.214728698853,True,-5.8548721426632255e-12,0.0,0.0,0.0,True
87.60000000000001,True,79.7497245535903,125.39228261885958,6986.07587089451,True,-1.052394793532585e-08,0.0,0.0,0.0,True
87.7,True,79.23736929299302,126.20307929486374,6949.117286995488,True,-7.247535904753022e-13,0.0,0.0,0.0,True
87.80000000000001,True,78.72822662626965,127.01924619070803,6912.338297786476,True,-2.7853275241795927e-12,0.0,0.0,0.0,True
87.9,True,78.22227785029877,127.84081817635031,6875.738223041262,True,4.121147867408581e-13,0.0,0.0,0.0,True
88.0,True,77.71950433713062,128.66783036369011,6839.316381667494,True,3.7401719055196736e-08,0.0,0.0,0.0,True
88.10000000000001,True,77.21988754040622,129.5003180983316,6803.072092309789,True,-6.566835963894846e-11,0.0,0.0,0.0,True
88.2,True,76.72340898367442,130.33831698129902,6767.0046723600835,True,1.872066945907136e-09,0.0,0.0,0.0,True
88.30000000000001,True,76.23005027351681,131.18186284961843,6731.113439151535,True,1.0433609531901311e-10,0.0,0.0,0.0,True
88.4,True,75.73979309336362,132.030991788862,6695.397709453344,True,2.1174173525650986e-12,0.0,0.0,0.0,True
88.5,True,75.25261920462995,132.88574013361045,6659.856799609751,True,3.673525839076319e-08,0.0,0.0,0.0,True
88.60000000000001,True,74.76851045279084,133.74614445895702,6624.490026117269,True,-3.949196525354637e-11,0.0,0.0,0.0,True
88.7,True,74.2874487561119,134.61224160262014,6589.296704667126,True,-6.710365596518386e-11,0.0,0.0,0.0,True
88.80000000000001,True,73.80941611781329,135.48406864563427,6554.276151261821,True,-9.755751761986176e-11,0.0,0.0,0.0,True
88.9,True,73.33439462056684,136.36166292419998,6519.427681768392,True,-2.9416469260468148e-12,0.0,0.0,0.0,True
89.0,True,72.86236642803516,137.24506202906295,6484.750612095129,True,6.252776074688882e-13,0.0,0.0,0.0,True
89.10000000000001,True,72.3933137851719,138.1343038070495,6450.244258258816,True,1.0828671292983927e-11,0.0,0.0,0.0,True
89.2,True,71.92721901850022,139.02942636261142,6415.90793645022,True,9.831211400523898e-10,0.0,0.0,0.0,True
89.30000000000001,True,71.46406453649216,139.93046805914088,6381.74096310875,True,1.1342677908032783e-09,0.0,0.0,0.0,True
89.4,True,71.0038328296889,140.83746752074896,6347.742654974189,True,-3.113598268100759e-11,0.0,0.0,0.0,True
89.5,True,70.54650647091658,141.7504636338383,6313.912329147034,True,-1.5876224779276527e-09,0.0,0.0,0.0,True
89.60000000000001,True,70.09206811649311,142.66949554662855,6280.249303237783,True,-3.414935179080203e-08,0.0,0.0,0.0,True
89.7,True,69.64050050151835,143.59460268069114,6246.752894986196,True,8.810729923425242e-13,0.0,0.0,0.0,True
89.80000000000001,True,69.19178645001745,144.5258247122116,6213.422423211568,True,3.808509063674137e-12,0.0,0.0,0.0,True
89.9,True,68.74590886488298,145.46320159436038,6180.25720695298,True,1.3358203432289883e-12,0.0,0.0,0.0,True
90.0,True,68.30285073315747,146.40677354840653,6147.256565984172,True,-1.2505552149377763e-12,0.0,0.0,0.0,True
90.10000000000001,True,67.8625951262213,147.356581065025,6114.419820872539,True,-3.7835633293070714e-08,0.0,0.0,0.0,True
90.2,True,67.42512519420151,148.31266491826977,6081.746292516977,True,-2.8137492336099967e-12,0.0,0.0,0.0,True
90.30000000000001,True,66.99042417737066,149.2750661426323,6049.235303216571,True,-1.956834694283316e-11,0.0,0.0,0.0,True
90.4,True,66.55847539485093,150.24382605935736,6016.886175694524,True,5.542233338928781e-13,0.0,0.0,0.0,True
90.5,True,66.1292622503161,151.21898626582967,5984.6982336536075,True,2.0037305148434825e-12,0.0,0.0,0.0,True
90.60000000000001,True,65.70276823086519,152.20058863976905,5952.670801716386,True,-3.495870259939693e-12,0.0,0.0,0.0,True
90.7,True,65.27897690702261,153.18867534096134,5920.803205466951,True,-1.3500311979441904e-11,0.0,0.0,0.0,True
90.80000000000001,True,64.8578719327203,154.1832888130126,5889.094771491004,True,-8.100187187665142e-13,0.0,0.0,0.0,True
90.9,True,64.43943704529711,155.18447178504354,5857.544827417508,True,-9.267324685424683e-10,0.0,0.0,0.0,True
91.0,True,64.02365606439282,156.19226727605712,5826.152701859747,True,3.190432096289442e-08,0.0,0.0,0.0,True
91.10000000000001,True,63.61051289678426,157.20671858480702,5794.917724897046,True,-1.3642420526593924e-12,0.0,0.0,0.0,True
91.2,True,63.199991526803835,158.22786931480655,5763.83922724451,True,3.274891469118302e-11,0.0,0.0,0.0,True
91.30000000000001,True,62.79207602564073,159.2557633532703,5732.9165411409995,True,-1.4424017535930034e-12,0.0,0.0,0.0,True
91.4,True,62.38675054660871,160.29044488427184,5702.148999960036,True,-5.886704457225278e-10,0.0,0.0,0.0,True
91.5,True,61.98399932583594,161.33195838868428,5671.5359383139885,True,2.008974320233392e-09,0.0,0.0,0.0,True
91.60000000000001,True,61.58380668259764,162.3803486448947,5641.076692125945,True,1.2806822269340046e-10,0.0,0.0,0.0,True
91.7,True,61.186157018472784,163.43566073255568,5610.770598593955,True,-1.1766587704187259e-11,0.0,0.0,0.0,True
91.80000000000001,True,60.791034817936534,164.49794003258975,5580.616996286574,True,-3.83228382361267e-09,0.0,0.0,0.0,True
91.9,True,60.39842464760271,165.5672322307319,5550.61522511469,True,-6.632248528148921e-09,0.0,0.0,0.0,True
92.0,True,60.00831115559574,166.64358332083313,5520.764626314808,True,2.3627968914752273e-08,0.0,0.0,0.0,True
92.10000000000001,True,59.620679075481355,167.72703959543526,5491.064542851834,True,5.9046101341664325e-12,0.0,0.0,0.0,True
92.2,True,59.2355132181524,168.81764766976906,5461.514318713651,True,7.078071462274238e-10,0.0,0.0,0.0,True
92.30000000000001,True,58.85279847864811,169.91545446437885,5432.113299579221,True,1.9157340602760087e-08,0.0,0.0,0.0,True
92.4,True,58.4725198349379,171.02050720969447,5402.8608327482625,True,-4.689582056016661e-13,0.0,0.0,0.0,True
92.5,True,58.09466234328481,172.13285346094975,5373.756266753845,True,9.805489753489383e-13,0.0,0.0,0.0,True
92.60000000000001,True,57.71921114382484,173.2525410834528,5344.798951918181,True,-2.0903591746446182e-08,0.0,0.0,0.0,True
92.7,True,57.346151454875375,174.37961827078865,5315.988239866948,True,-2.6630431193552795e-10,0.0,0.0,0.0,True
92.80000000000001,True,56.97546857900218,175.5141335280815,5287.323484131403,True,-2.1261996607790934e-09,0.0,0.0,0.0,True
92.9,True,56.60714789686008,176.65613569191476,5258.804039618301,True,-2.4087398742267396e-12,0.0,0.0,0.0,True
93.0,True,56.241174870579876,177.80567392149314,5230.4292629639285,True,-8.939146312059165e-09,0.0,0.0,0.0,True
93.10000000000001,True,55.87753504121796,178.96279770794325,5202.1985123373925,True,1.9184653865522705e-13,0.0,0.0,0.0,True
93.2,True,55.516214031219896,180.12755686791675,5174.111147709695,True,-1.4992451724538114e-12,0.0,0.0,0.0,True
93.30000000000001,True,55.15719754170879,181.300001553527,5146.166530641431,True,-6.604494728890131e-11,0.0,0.0,0.0,True
93.4,True,54.80047135344098,182.4801822506968,5118.3640244113885,True,-6.394884621840902e-13,0.0,0.0,0.0,True
93.5,True,54.44602132634938,183.668149781965,5090.702994013667,True,-6.34344132777187e-10,0.0,0.0,0.0,True
93.60000000000001,True,54.093833399242946,184.86395530881254,5063.18280616914,True,-2.075346117180743e-09,0.0,0.0,0.0,True
93.7,True,53.743893589441626,186.0676503342246,5035.802829330681,True,3.807656412391225e-10,0.0,0.0,0.0,True
93.80000000000001,True,53.39618799294388,187.2792867034153,5008.562433738137,True,-9.379164112033322e-13,0.0,0.0,0.0,True
93.9,True,53.050702783647914,188.4989166077994,4981.46099138454,True,-2.053404557500471e-09,0.0,0.0,0.0,True
94.0,True,52.70742421317596,189.72659258693523,4954.49787603854,True,-1.8258816680827294e-10,0.0,0.0,0.0,True
94.10000000000001,True,52.36633861103578,190.9623675292162,4927.672463298467,True,-9.596519134902337e-10,0.0,0.0,0.0,True
94.2,True,52.02743238375956,192.20629467621998,4900.98413055015,True,-8.647020877106115e-10,0.0,0.0,0.0,True
94.30000000000001,True,51.69069201498416,193.4584276237042,4874.432257013007,True,-5.376676881496678e-11,0.0,0.0,0.0,True
94.4,True,51.35610406516669,194.71882032388632,4848.016223751736,True,-2.346567384847731e-09,0.0,0.0,0.0,True
94.5,True,51.02365517090349,195.98752708925002,4821.73541365038,True,-1.333688715021708e-11,0.0,0.0,0.0,True
94.60000000000001,True,50.69333204531999,197.26460259230876,4795.589211487271,True,-4.263256414560601e-14,0.0,0.0,0.0,True
94.7,True,50.36512147715717,198.55010187030814,4769.577003886784,True,7.907630106274155e-11,0.0,0.0,0.0,True
94.80000000000001,True,50.03901033136557,199.84408032410218,4743.698179413456,True,-2.267628218532991e-08,0.0,0.0,0.0,True
94.9,True,49.71498554583892,201.1465937323799,4717.952128300114,True,-3.2301983310389915e-10,0.0,0.0,0.0,True
95.0,True,49.39303413752537,202.45769822839654,4692.33824306491,True,-2.5016383631282224e-08,0.0,0.0,0.0,True
95.10000000000001,True,49.07314319322328,203.77745033827264,4666.855917675534,True,-2.4229507289419416e-12,0.0,0.0,0.0,True
95.2,True,48.75529987845433,205.1059069461112,4641.504548428852,True,-6.965450438656262e-11,0.0,0.0,0.0,True
95.30000000000001,True,48.43949143025331,206.44312532468933,4616.283533303142,True,5.300648808770347e-12,0.0,0.0,0.0,True
95.4,True,48.125705160048426,207.7891631248554,4591.19227226862,True,2.6204816094832495e-11,0.0,0.0,0.0,True
95.5,True,47.81392845270081,209.14407838068243,4566.230167232927,True,1.1226575225009583e-12,0.0,0.0,0.0,True
95.60000000000001,True,47.504148766265764,210.5079295116498,4541.396622055007,True,-2.741337823408685e-09,0.0,0.0,0.0,True
95.7,True,47.196353632460486,211.8807753216394,4516.6910426264685,True,-4.49093562338021e-08,0.0,0.0,0.0,True
95.80000000000001,True,46.89053065143987,213.2626750235536,4492.1128364079395,True,1.6342482922482304e-13,0.0,0.0,0.0,True
95.9,True,46.58666750198032,214.65368819469467,4467.661413439913,True,3.6912695122737205e-11,0.0,0.0,0.0,True
96.0,True,46.28475193031118,216.05387482807598,4443.336185309873,True,6.168150434859854e-10,0.0,0.0,0.0,True
96.10000000000001,True,45.98477175535031,217.46329531007194,4419.136565689165,True,1.5149481669141096e-09,0.0,0.0,0.0,True
96.2,True,45.68671486734756,218.88201042765346,4395.061970238836,True,-1.505483737673785e-09,0.0,0.0,0.0,True
96.30000000000001,True,45.39056922715505,220.31008137297093,4371.111816575031,True,-7.695177828281885e-12,0.0,0.0,0.0,True
96.4,True,45.09632286657429,221.7475697428109,4347.285524337762,True,-2.901145990108489e-11,0.0,0.0,0.0,True
96.5,True,44.80396388737022,223.19453754445365,4323.5825151312265,True,4.990575064311997e-09,0.0,0.0,0.0,True
96.60000000000001,True,44.51348046178458,224.6510471942344,4300.002212608391,True,-2.4442670110147446e-12,0.0,0.0,0.0,True
96.7,True,44.22486083094012,226.11716152657525,4276.54404235191,True,5.934097657700477e-10,0.0,0.0,0.0,True
96.80000000000001,True,43.93809330570956,227.59294379077085,4253.207431992686,True,4.086373905920482e-09,0.0,0.0,0.0,True
96.9,True,43.65316626621909,229.07845765447897,4229.99181119663,True,-3.594706754483923e-09,0.0,0.0,0.0,True
97.0,True,43.370068159860466,230.5737672152225,4206.896611506465,True,2.12005488720024e-08,0.0,0.0,0.0,True
97.10000000000001,True,43.088787505293425,232.07893698033408,4183.921266763992,True,1.9696244635269977e-11,0.0,0.0,0.0,True
97.2,True,42.809312885683475,233.59403190384432,4161.065212488434,True,4.3719694531318964e-11,0.0,0.0,0.0,True
97.30000000000001,True,42.531632954002255,235.11911735942394,4138.32788642442,True,-5.123013124830322e-12,0.0,0.0,0.0,True
97.4,True,42.255736430318855,236.65425915580337,4115.708728313057,True,-1.0787069015805173e-08,0.0,0.0,0.0,True
97.5,True,41.981612100711146,238.19952354403762,4093.207179819337,True,-3.026912054338027e-11,0.0,0.0,0.0,True
97.60000000000001,True,41.70924881946757,239.75497720621988,4070.822684780035,True,1.1366481089680747e-09,0.0,0.0,0.0,True
97.7,True,41.43863550634225,241.3206872718935,4048.554688969638,True,-6.181721801112872e-11,0.0,0.0,0.0,True
97.80000000000001,True,41.16976114722789,242.896721315405,4026.402640198888,True,-2.651745489856694e-11,0.0,0.0,0.0,True
97.9,True,40.90261479385741,244.48314735863195,4004.3659883186406,True,-1.0089706847793423e-12,0.0,0.0,0.0,True
98.0,True,40.63718556348437,246.080033873846,3982.4441852214686,True,-6.391083218204585e-09,0.0,0.0,0.0,True
98.10000000000001,True,40.373462637837285,247.68744979104613,3960.636684771838,True,7.105427357601002e-15,0.0,0.0,0.0,True
98.2,True,40.11143526376094,249.3054644951734,3938.9429429013244,True,2.2794949927629204e-08,0.0,0.0,0.0,True
98.30000000000001,True,39.85109275415503,250.934147821012,3917.36241773344,True,-4.606917514138331e-09,0.0,0.0,0.0,True
98.4,True,39.592424482555145,252.57357008803817,3895.8945690834266,True,-2.8421709430404007e-13,0.0,0.0,0.0,True
98.5,True,39.33541988903548,254.22380206464868,3874.5388590699945,True,-7.673861546209082e-13,0.0,0.0,0.0,True
98.60000000000001,True,39.08006847616085,255.88491499445757,3853.29475174946,True,5.400124791776761e-13,0.0,0.0,0.0,True
98.7,True,38.826359809970626,257.5569805911085,3832.161713244101,True,-1.0526918003961327e-08,0.0,0.0,0.0,True
98.80000000000001,True,38.574283518504,259.2400710489677,3811.1392116281954,True,-7.255046341470006e-09,0.0,0.0,0.0,True
98.9,True,38.323829293181895,260.9342590349936,3790.2267170956898,True,-5.076778109014413e-09,0.0,0.0,0.0,True
99.0,True,38.07498688714266,262.6396177007443,3769.423701827123,True,1.6795809187897248e-10,0.0,0.0,0.0,True
99.10000000000001,True,37.827746115647386,264.3562206806584,3748.7296400606565,True,-2.9274360713316128e-12,0.0,0.0,0.0,True
99.2,True,37.582096855181604,266.08414209919897,3728.1440080340153,True,-1.4818084537182585e-09,0.0,0.0,0.0,True
99.30000000000001,True,37.33802904341912,267.8234565721544,3707.666284011519,True,6.181721801112872e-13,0.0,0.0,0.0,True
99.4,True,37.09553267910308,269.57423920841205,3687.295948302846,True,-3.313260776849347e-11,0.0,0.0,0.0,True
99.5,True,36.85459782140829,271.3365656154616,3667.032483230125,True,-8.091802783383173e-10,0.0,0.0,0.0,True
99.60000000000001,True,36.61521458975335,273.110511901751,3646.875373139434,True,-2.083879735437222e-09,0.0,0.0,0.0,True
99.7,True,36.37737316338766,274.8961546806956,3626.8241043897497,True,6.494360604847316e-11,0.0,0.0,0.0,True
99.80000000000001,True,36.14106378137105,276.69357107176546,3606.8781653808314,True,-2.4868995751603507e-13,0.0,0.0,0.0,True
99.9,True,35.9062767418862,278.50283870659786,3587.037046514432,True,-9.943761369868298e-10,0.0,0.0,0.0,True
100.0,True,35.673002402041966,280.3240357315029,3567.3002402041966,True,1.6342482922482304e-13,0.0,0.0,0.0,True
100.10000000000001,True,35.441231177725555,282.15724080953754,3547.6672408903282,True,6.394884621840902e-13,0.0,0.0,0.0,True
100.2,True,35.21095354306779,284.00253312562637,3528.1375450153923,True,6.52278231427772e-12,0.0,0.0,0.0,True
100.30000000000001,True,34.98216003023893,285.8599923891463,3508.710651032965,True,6.318146006378811e-11,0.0,0.0,0.0,True
100.4,True,34.75484122914739,287.72969883727825,3489.386059406398,True,-1.2705925200862112e-09,0.0,0.0,0.0,True
100.5,True,34.52898778697655,289.6117332397373,3470.163272591143,True,-7.772626986479736e-11,0.0,0.0,0.0,True
100.60000000000001,True,34.30459040815862,291.50617689992043,3451.041795060757,True,-4.490630090003833e-12,0.0,0.0,0.0,True
100.7,True,34.081639853793845,293.4131116606713,3432.0211332770405,True,6.679101716144942e-13,0.0,0.0,0.0,True
100.80000000000001,True,33.860126941464905,295.33261990681024,3413.1007956996627,True,6.132694352345425e-11,0.0,0.0,0.0,True
100.9,True,33.64004254491504,297.26478456881676,3394.280292781928,True,-3.907985046680551e-13,0.0,0.0,0.0,True
101.0,True,33.421377593725566,299.20968912655985,3375.559136966282,True,-2.3021584638627246e-12,0.0,0.0,0.0,True
101.10000000000001,True,33.20412307302261,301.16741761280576,3356.936842682586,True,2.1316282072803006e-14,0.0,0.0,0.0,True
101.2,True,32.988270023165356,303.1380546169199,3338.412926344334,True,-6.608047442568932e-12,0.0,0.0,0.0,True
101.30000000000001,True,32.773809539080275,305.1216852919024,3319.986906308832,True,1.6705371308489703e-08,0.0,0.0,0.0,True
101.4,True,32.56073277193726,307.1183953396338,3301.658303074438,True,-7.94928922687177e-09,0.0,0.0,0.0,True
101.5,True,32.3490309244674,309.1282710554533,3283.426638833441,True,-4.29059809903265e-09,0.0,0.0,0.0,True
101.60000000000001,True,32.1386952555283,311.1513992864991,3265.2914379616755,True,1.8403056856186595e-12,0.0,0.0,0.0,True
101.7,True,31.92971707720603,313.1878674596461,3247.252226751853,True,-8.597567102697212e-13,0.0,0.0,0.0,True
101.80000000000001,True,31.722087755065104,315.2377635801505,3229.308533465628,True,-1.192779564007651e-08,0.0,0.0,0.0,True
101.9,True,31.515798707430058,317.3011762396627,3211.4598882871232,True,-2.643985652639458e-08,0.0,0.0,0.0,True
102.0,True,31.310841404725164,319.3781946240156,3193.705823281967,True,-3.907985046680551e-14,0.0,0.0,0.0,True
102.10000000000001,True,31.107207371485913,321.46890849374,3176.045872628712,True,3.688973038151744e-08,0.0,0.0,0.0,True
102.2,True,30.904888185773984,323.5734081899432,3158.4795725861013,True,-7.448193173331674e-09,0.0,0.0,0.0,True
102.30000000000001,True,30.703875472610136,325.6917847038773,3141.0064608480175,True,1.001042448933731e-08,0.0,0.0,0.0,True
102.4,True,30.504160913593008,327.82412957780735,3123.626077551924,True,7.425171588693047e-13,0.0,0.0,0.0,True
102.5,True,30.305736238581716,329.9705349929486,3106.3379644546258,True,1.9459008626654395e-08,0.0,0.0,0.0,True
102.60000000000001,True,30.108593231540215,332.1310937079755,3089.1416655560265,True,-1.877537059158385e-08,0.0,0.0,0.0,True
102.7,True,29.912723722960866,334.305899142312,3072.036726348081,True,-6.932410201443417e-11,0.0,0.0,0.0,True
102.80000000000001,True,29.718119597818912,336.49504528994237,3055.0226946557846,True,3.2085267775983084e-10,0.0,0.0,0.0,True
102.9,True,29.524772788902343,338.698626793794,3038.0991199780515,True,2.084510342115209e-08,0.0,0.0,0.0,True
103.0,True,29.33267528105371,340.9167388989952,3021.265553948532,True,-2.380332375651051e-09,0.0,0.0,0.0,True
103.10000000000001,True,29.14181910553763,343.1494775183669,3004.52154978093,True,2.0473940764986764e-08,0.0,0.0,0.0,True
103.2,True,28.952196346700333,345.3969391562134,2987.8666629794743,True,3.6976643968955614e-11,0.0,0.0,0.0,True
103.30000000000001,True,28.76379913542911,347.65922098526767,2971.3004506898274,True,-3.200426590410643e-08,0.0,0.0,0.0,True
103.4,True,28.57661965049126,349.93642083303894,2954.8224718607967,True,-1.1581846592889633e-12,0.0,0.0,0.0,True
103.5,True,28.390650122710948,352.22863713150946,2938.432287700583,True,1.3109513474773848e-12,0.0,0.0,0.0,True
103.60000000000001,True,28.20588282843727,354.53596899714705,2922.1294610261016,True,2.287887213014983e-09,0.0,0.0,0.0,True
103.7,True,28.022310092453942,356.85851619680966,2905.913556587474,True,1.7651139216923184e-08,0.0,0.0,0.0,True
103.80000000000001,True,27.83992428838227,359.19637914292196,2889.78414113408,True,1.9184653865522705e-13,0.0,0.0,0.0,True
103.9,True,27.65871783527795,361.54965893774255,2873.7407830853795,True,-1.3156231659650075e-09,0.0,0.0,0.0,True
104.0,True,27.478683200018136,363.91845734417865,2857.7830528018862,True,2.911136576244644e-08,0.0,0.0,0.0,True
104.10000000000001,True,27.299812898470297,366.3028767702776,2841.910522730758,True,1.6479440034800064e-09,0.0,0.0,0.0,True
104.2,True,27.122099489538677,368.7030203490375,2826.12276680993,True,-7.538858426414663e-12,0.0,0.0,0.0,True
104.30000000000001,True,26.945535580558545,371.1189918679921,2810.4193610522566,True,3.774811574430714e-09,0.0,0.0,0.0,True
104.4,True,26.77011382503046,373.5508957996976,2794.7998833331803,True,-1.3907349938335756e-08,0.0,0.0,0.0,True
104.5,True,26.595826920603923,375.9988373308652,2779.26391320311,True,-5.205080810810614e-11,0.0,0.0,0.0,True
104.60000000000001,True,26.422667612419612,378.4629223167322,2763.811032259092,True,1.3580248037214915e-10,0.0,0.0,0.0,True
104.7,True,26.25062868966894,380.94325732989194,2748.440823808338,True,-3.434408313296444e-11,0.0,0.0,0.0,True
104.80000000000001,True,26.079702986773405,383.43994964481016,2733.152873013853,True,-5.329070518200751e-13,0.0,0.0,0.0,True
104.9,True,25.90988338291973,385.9531072452523,2717.94676686828,True,-2.0153549940005178e-09,0.0,0.0,0.0,True
105.0,True,25.741162801574607,388.48283883229595,2702.8220941653335,True,-1.0974332553814747e-11,0.0,0.0,0.0,True
105.10000000000001,True,25.57353421063655,391.029253822915,2687.7784455379015,True,-1.7140777686108777e-10,0.0,0.0,0.0,True
105.2,True,25.40699062175711,393.5924623609915,2672.815413408848,True,-2.0605739337042905e-13,0.0,0.0,0.0,True
105.30000000000001,True,25.241525090394564,396.1725753173848,2657.932592018548,True,-3.925354263856207e-09,0.0,0.0,0.0,True
105.4,True,25.077130715136473,398.7697043012992,2643.1295773753845,True,-2.1798136629058718e-09,0.0,0.0,0.0,True
105.5,True,24.913800638026366,401.383961656048,2628.4059673117818,True,-4.7627679577999515e-11,0.0,0.0,0.0,True
105.60000000000001,True,24.75152804437571,404.015460462543,2613.761361486075,True,-2.1375718972649338e-08,0.0,0.0,0.0,True
105.7,True,24.590306160326524,406.6643145799374,2599.1953611465137,True,1.892370704581481e-09,0.0,0.0,0.0,True
105.80000000000001,True,24.43012825714297,409.3306385764128,2584.707569605727,True,-6.572520305780927e-13,0.0,0.0,0.0,True
105.9,True,24.27098764632185,412.0145478099426,2570.297591745484,True,-6.436806643250748e-11,0.0,0.0,0.0,True
106.0,True,24.112877682354426,414.71615838361356,2555.9650343295693,True,-2.7059602558665574e-08,0.0,0.0,0.0,True
106.10000000000001,True,23.955791759224066,417.4355872061522,2541.7095056536737,True,6.017231157784408e-11,0.0,0.0,0.0,True
106.2,True,23.799723315502177,420.17295190513425,2527.5306161063313,True,-1.8388846001471393e-11,0.0,0.0,0.0,True
106.30000000000001,True,23.644665828905552,422.9283709214034,2513.4279776126605,True,-6.278703779116768e-09,0.0,0.0,0.0,True
106.4,True,23.490612818109295,425.7019634792515,2499.401203846829,True,-5.648814749292796e-13,0.0,0.0,0.0,True
106.5,True,23.33755784318809,428.49384957898934,2485.4499102995314,True,-9.134026868196088e-12,0.0,0.0,0.0,True
106.60000000000001,True,23.185494504149325,431.30415002407557,2471.5737141423183,True,8.392220252062543e-11,0.0,0.0,0.0,True
106.7,True,23.03441644131432,434.1329864152361,2457.772234288238,True,4.405364961712621e-13,0.0,0.0,0.0,True
106.80000000000001,True,22.884317335014828,436.98048115681405,2444.045091379584,True,-3.978072982135927e-09,0.0,0.0,0.0,True
106.9,True,22.73519090542996,439.846757460552,2430.391907790463,True,-2.2941236466067494e-08,0.0,0.0,0.0,True
107.0,True,22.5870309108957,442.73193937925356,2416.8123074658397,True,-7.105427357601002e-15,0.0,0.0,0.0,True
107.10000000000001,True,22.439831151329393,445.6361517411674,2403.305916307378,True,2.4797941478027496e-12,0.0,0.0,0.0,True
107.2,True,22.29358546395145,448.55952023374255,2389.872361735596,True,7.887024366937112e-13,0.0,0.0,0.0,True
107.30000000000001,True,22.148287725188503,451.5021713677367,2376.511272912727,True,-1.1013412404281553e-12,0.0,0.0,0.0,True
107.4,True,22.003931849786785,454.4642324956527,2363.2222806671007,True,1.1061739968454276e-08,0.0,0.0,0.0,True
107.5,True,21.8605117916389,457.4458317954272,2350.005017601182,True,1.5631940186722204e-13,0.0,0.0,0.0,True
107.60000000000001,True,21.718021541054696,460.44709832783263,2336.8591178174856,True,2.0089572672077338e-08,0.0,0.0,0.0,True
107.7,True,21.576455128562454,463.4681619578098,2323.7842173461763,True,3.248956659263058e-11,0.0,0.0,0.0,True
107.80000000000001,True,21.435806619966623,466.5091534593985,2310.7799536324023,True,-8.920832073044949e-09,0.0,0.0,0.0,True
107.9,True,21.296070119402454,469.5702044523785,2297.845965883525,True,-4.9419917047544004e-09,0.0,0.0,0.0,True
108.0,True,21.157239768264542,472.6514474255668,2284.9818949725704,True,8.641638515882732e-09,0.0,0.0,0.0,True
108.10000000000001,True,21.01930974593174,475.75301572096043,2272.187383535221,True,-2.6935683905549013e-08,0.0,0.0,0.0,True
108.2,True,20.88227426527339,478.8750436359179,2259.4620755025812,True,1.3153922395758855e-10,0.0,0.0,0.0,True
108.30000000000001,True,20.74612757947779,482.0176662700208,2246.805616857445,True,-8.339533508205932e-10,0.0,0.0,0.0,True
108.4,True,20.61086397574289,485.1810196685151,2234.2176549705296,True,-7.210338992535981e-10,0.0,0.0,0.0,True
108.5,True,20.47647777787825,488.36524076438053,2221.6978388997904,True,-2.9629632081196178e-12,0.0,0.0,0.0,True
108.60000000000001,True,20.34296334554417,491.57046739654845,2209.2458193260973,True,-5.9330318435968366e-12,0.0,0.0,0.0,True
108.7,True,20.210315074032803,494.79683831591944,2196.861248547366,True,-2.8172841837204032e-09,0.0,0.0,0.0,True
108.80000000000001,True,20.078527393804023,498.0444931975376,2184.543780445878,True,2.005236865443294e-09,0.0,0.0,0.0,True
108.9,True,19.94759477097435,501.31357262936535,2172.293070559107,True,-2.162643397696229e-10,0.0,0.0,0.0,True
109.0,True,19.817511706175807,504.6042181412544,2160.108775973163,True,3.680753479784471e-10,0.0,0.0,0.0,True
109.10000000000001,True,19.688272735055723,507.9165721934874,2147.9905553945796,True,-3.5988989566249074e-12,0.0,0.0,0.0,True
109.2,True,19.559872427716627,511.2507781916743,2135.938069106656,True,-9.947598300641403e-14,0.0,0.0,0.0,True
109.30000000000001,True,19.43230538863281,514.6069804898,2123.950978977566,True,3.552713678800501e-15,0.0,0.0,0.0,True
109.4,True,19.305566256393867,517.9853243977276,2112.0289484494892,True,4.6494363914462156e-10,0.0,0.0,0.0,True
109.5,True,19.17964970351647,521.3859561870185,2100.1716425350537,True,1.6599450702869945e-09,0.0,0.0,0.0,True
109.60000000000001,True,19.054550436344286,524.809023094357,2088.378727823334,True,-2.1505428549062344e-09,0.0,0.0,0.0,True
109.7,True,18.930263194424473,528.2546733394229,2076.6498724283647,True,-4.583000645652646e-13,0.0,0.0,0.0,True
109.80000000000001,True,18.806782750961993,531.7230561132784,2064.984746055627,True,3.346656285430072e-12,0.0,0.0,0.0,True
109.9,True,18.68410391198086,535.2143216024223,2053.3830199266963,True,5.228454114103442e-09,0.0,0.0,0.0,True
110.0,True,18.562221517024753,538.7286209696549,2041.8443668727227,True,-1.0742567724264518e-08,0.0,0.0,0.0,True
110.10000000000001,True,18.44113043697775,542.2661064176531,2030.3684611112506,True,5.044853423896711e-13,0.0,0.0,0.0,True
110.2,True,18.320825576710174,545.8269311134218,2018.9549785534612,True,4.133401176886764e-09,0.0,0.0,0.0,True
110.30000000000001,True,18.201301872908445,549.4112492515936,2007.6035965818016,True,-5.2120157079116325e-09,0.0,0.0,0.0,True
110.4,True,18.082554293730315,553.019216066574,1996.3139940278268,True,-1.2920864378429542e-10,0.0,0.0,0.0,True
110.5,True,17.96457783968604,556.6509878071683,1985.0858512853074,True,2.2908483998662632e-08,0.0,0.0,0.0,True
110.60000000000001,True,17.84736754421826,560.3067217181588,1973.91885039054,True,2.5224267119483557e-13,0.0,0.0,0.0,True
110.7,True,17.730918469895663,563.9865761595171,1962.8126746174498,True,-8.508536097906472e-10,0.0,0.0,0.0,True
110.80000000000001,True,17.615225712232547,567.6907104889208,1951.7670089153664,True,-1.0968115304876846e-09,0.0,0.0,0.0,True
110.9,True,17.500284397122012,571.4192851428481,1940.7815396408312,True,1.9469727163823336e-08,0.0,0.0,0.0,True
111.0,True,17.3860896828576,575.1724615719563,1929.8559547971938,True,-1.1851852832478471e-11,0.0,0.0,0.0,True
111.10000000000001,True,17.27263675658352,578.9504023575595,1918.9899436564292,True,-1.4986849095066646e-08,0.0,0.0,0.0,True
111.2,True,17.15992083638358,582.7532711454792,1908.1831970058543,True,-1.717953779234449e-09,0.0,0.0,0.0,True
111.30000000000001,True,17.047937171854514,586.5812326261745,1897.4354072274075,True,2.4158453015843406e-13,0.0,0.0,0.0,True
111.4,True,16.936681041718572,590.4344526160655,1886.746268047449,True,9.497256314716651e-09,0.0,0.0,0.0,True
111.5,True,16.826147755523802,594.3130980005291,1876.115474740904,True,-4.2032155533888726e-11,0.0,0.0,0.0,True
111.60000000000001,True,16.716332651652316,598.2173368039284,1865.5427239243986,True,-4.773355044562777e-10,0.0,0.0,0.0,True
111.7,True,16.607231098767468,602.1473381400808,1855.0277137323262,True,2.0250467969162855e-13,0.0,0.0,0.0,True
111.80000000000001,True,16.498838495249586,606.1032722321174,1844.570143768904,True,-2.1931512605988246e-08,0.0,0.0,0.0,True
111.9,True,16.391150267156114,610.0853104884026,1834.1697148947692,True,-3.055333763768431e-13,0.0,0.0,0.0,True
112.0,True,16.284161871976096,614.0936253654725,1823.8261296613227,True,-3.922195901395753e-12,0.0,0.0,0.0,True
112.10000000000001,True,16.17786879458384,618.1283905175372,1813.5390918728488,True,-2.0017374424696754e-09,0.0,0.0,0.0,True
112.2,True,16.072266548842514,622.1897807388078,1803.3083067801301,True,-6.603713131880795e-10,0.0,0.0,0.0,True
112.30000000000001,True,15.967350677331936,626.2779719741803,1793.1334810643766,True,4.973799150320701e-13,0.0,0.0,0.0,True
112.4,True,15.863116751060785,630.3931413308982,1783.0143228192323,True,-7.130280366141051e-09,0.0,0.0,0.0,True
112.5,True,15.75956036871413,634.5354671093486,1772.9505414803396,True,5.766089827830001e-10,0.0,0.0,0.0,True
112.60000000000001,True,15.656677157806488,638.7051287580491,1762.9418479690107,True,-1.034905494634586e-11,0.0,0.0,0.0,True
112.7,True,15.5544627731409,642.9023069358446,1752.9879545329795,True,-5.417888360170764e-13,0.0,0.0,0.0,True
112.80000000000001,True,15.452912897350396,647.1271834913811,1743.088574821125,True,8.988276789523297e-10,0.0,0.0,0.0,True
112.9,True,15.35202324092628,651.3799414621417,1733.2434239005772,True,-1.7125183049415682e-08,0.0,0.0,0.0,True
113.0,True,15.251789540107508,655.6607651648405,1723.4522180321483,True,1.7213027447837703e-08,0.0,0.0,0.0,True
113.10000000000001,True,15.152207561699326,659.9698399906617,1713.714675228194,True,-1.97577190164111e-08,0.0,0.0,0.0,True
113.2,True,15.053273095494728,664.3073527306752,1704.0305144100032,True,-2.1525305982095233e-08,0.0,0.0,0.0,True
113.30000000000001,True,14.95498196018285,668.6734913238058,1694.3994560887172,True,3.5349501104064984e-13,0.0,0.0,0.0,True
113.4,True,14.857330001687764,673.0684449267815,1684.8212221913925,True,-8.700595799382427e-11,0.0,0.0,0.0,True
113.5,True,14.760313091274778,677.4924039999714,1675.2955358596873,True,-6.306066779870889e-12,0.0,0.0,0.0,True
113.60000000000001,True,14.663927126926138,681.9455602474891,1665.8221216188094,True,-1.829647544582258e-13,0.0,0.0,0.0,True
113.7,True,14.568168032789455,686.4281066426744,1656.400705328161,True,1.1723955140041653e-13,0.0,0.0,0.0,True
113.80000000000001,True,14.473031759364318,690.9402374198354,1647.0310142156595,True,-1.9926261529690237e-08,0.0,0.0,0.0,True
113.9,True,14.378514281624863,695.4821481646111,1637.712776677072,True,-2.877698079828406e-13,0.0,0.0,0.0,True
114.0,True,14.284611602301808,700.0540356581071,1628.445722662406,True,-7.919851441329229e-10,0.0,0.0,0.0,True
114.10000000000001,True,14.191319748225187,704.6560980525178,1619.229583272494,True,4.369837824924616e-13,0.0,0.0,0.0,True
114.2,True,14.098634772017057,709.2885347911828,1610.064090964348,True,-5.6196824971266324e-11,0.0,0.0,0.0,True
114.30000000000001,True,14.006552751449602,713.9515466405575,1600.9489794906897,True,2.149391775674303e-13,0.0,0.0,0.0,True
114.4,True,13.915069789366582,718.6453356950933,1591.883983903537,True,-4.624034488642792e-11,0.0,0.0,0.0,True
114.5,True,13.82418201351484,723.3701053866166,1582.868840547449,True,-8.773461956934625e-10,0.0,0.0,0.0,True
114.60000000000001,True,13.733885576332609,728.126060496153,1573.9032870477172,True,-3.2654945414378744e-10,0.0,0.0,0.0,True
114.7,True,13.644176654907984,732.9134071569553,1564.9870623179459,True,-1.5987211554602254e-13,0.0,0.0,0.0,True
114.80000000000001,True,13.555051450735842,737.7323528681366,1556.1199065444748,True,-2.091482542709855e-11,0.0,0.0,0.0,True
114.9,True,13.466506189628618,742.5831065003047,1547.3015611883282,True,-2.751576744230988e-09,0.0,0.0,0.0,True
115.0,True,13.378537121347751,747.4658783166423,1538.5317689549913,True,1.2089884648958105e-11,0.0,0.0,0.0,True
115.10000000000001,True,13.291140519910288,752.3808799568313,1529.8102738416742,True,3.241318324853637e-11,0.0,0.0,0.0,True
115.2,True,13.204312682975967,757.3283244718056,1521.1368210788314,True,-1.7678303265711293e-11,0.0,0.0,0.0,True
115.30000000000001,True,13.118049931930207,762.3084263202364,1512.511157151553,True,-2.6004975950399967e-10,0.0,0.0,0.0,True
115.4,True,13.032348611675031,767.3214013812903,1503.9330297872987,True,-9.769962616701378e-14,0.0,0.0,0.0,True
115.5,True,12.947205090520155,772.3674669618019,1495.402187955078,True,-4.813927034774679e-13,0.0,0.0,0.0,True
115.60000000000001,True,12.862615759992337,777.4468418083226,1486.9183818551144,True,1.510613856225973e-10,0.0,0.0,0.0,True
115.7,True,12.778577034776777,782.5597461114091,1478.4813629236733,True,-3.135642856477716e-09,0.0,0.0,0.0,True
115.80000000000001,True,12.6950853523016,787.7064015317561,1470.0908837965255,True,-1.2793286430223816e-09,0.0,0.0,0.0,True
115.9,True,12.61213717305399,792.8870311817684,1461.7466983569575,True,-9.832010761101628e-10,0.0,0.0,0.0,True
116.0,True,12.529728980025713,798.1018596604536,1453.4485616829827,True,3.4497915635256504e-10,0.0,0.0,0.0,True
116.10000000000001,True,12.447857278818708,803.3511130478669,1445.1962300708522,True,-2.162661161264623e-10,0.0,0.0,0.0,True
116.2,True,12.366518597453952,808.6350189178402,1436.9894610241493,True,-8.13363065788053e-09,0.0,0.0,0.0,True
116.30000000000001,True,12.285709485709306,813.9538063822822,1428.8280131879924,True,3.1530333899354446e-12,0.0,0.0,0.0,True
116.4,True,12.205426516250816,819.3077060179405,1420.711646491595,True,1.0198064614996838e-11,0.0,0.0,0.0,True
116.5,True,12.12566628316683,824.696949963258,1412.6401219889356,True,-3.667111059257877e-11,0.0,0.0,0.0,True
116.60000000000001,True,12.04642540249836,830.1217718847997,1404.6132019313088,True,1.1191048088221578e-13,0.0,0.0,0.0,True
116.7,True,11.967700511954455,835.582406997156,1396.6306497450848,True,1.2108003488719987e-09,0.0,0.0,0.0,True
116.80000000000001,True,11.889488270755065,841.0790920747451,1388.6922300241918,True,6.909603555982358e-09,0.0,0.0,0.0,True
116.9,True,11.811785359975065,846.6120654279405,1380.797708581085,True,-6.474611069506864e-09,0.0,0.0,0.0,True
117.0,True,11.734588480937452,852.1815670182854,1372.9468522696818,True,-4.884981308350689e-13,0.0,0.0,0.0,True
117.10000000000001,True,11.657894357182784,857.7878383190782,1365.139429226104,True,6.485834092018194e-11,0.0,0.0,0.0,True
117.2,True,11.581699732564624,863.4311224528373,1357.375208656574,True,9.894170815982761e-09,0.0,0.0,0.0,True
117.30000000000001,True,11.506001372600723,869.1116640932298,1349.653961006065,True,-2.240186702806568e-09,0.0,0.0,0.0,True
117.4,True,11.430796062449167,874.8297096166893,1341.9754577315323,True,-4.988347512835389e-10,0.0,0.0,0.0,True
117.5,True,11.35608060871986,880.5855069680835,1334.3394715245836,True,-2.312816604899126e-12,0.0,0.0,0.0,True
117.60000000000001,True,11.28185183807792,886.3793057668528,1326.7457761579635,True,1.0544262352141232e-08,0.0,0.0,0.0,True
117.7,True,11.208106598241358,892.2113572304067,1319.194146613008,True,-1.8329160411667544e-10,0.0,0.0,0.0,True
117.80000000000001,True,11.134841756102185,898.0819143226474,1311.6843588688375,True,1.2836718354947152e-09,0.0,0.0,0.0,True
117.9,True,11.062054199512154,903.9912316141977,1304.216190122483,True,-4.214548710024246e-09,0.0,0.0,0.0,True
118.0,True,10.98974083571634,909.9395654081568,1296.7894186145281,True,-3.0482283364108298e-12,0.0,0.0,0.0,True
118.10000000000001,True,10.917898592060402,915.9271736845122,1289.4038237223335,True,1.5201175429524483e-08,0.0,0.0,0.0,True
118.2,True,10.846524416300547,921.9543160730492,1282.0591860067245,True,2.764934947663278e-10,0.0,0.0,0.0,True
118.30000000000001,True,10.775615274403567,928.0212540395752,1274.7552869619421,True,-3.673861215247598e-11,0.0,0.0,0.0,True
118.4,True,10.705168152768426,934.1282507004744,1267.4919092877817,True,-1.552535877635819e-12,0.0,0.0,0.0,True
118.5,True,10.635180056922932,940.2755709331442,1260.2688367453675,True,2.1431745267364022e-11,0.0,0.0,0.0,True
118.60000000000001,True,10.565648011621668,946.4634813691043,1253.08585417833,True,-1.1503686891956022e-11,0.0,0.0,0.0,True
118.7,True,10.496569060753595,952.6922504030146,1245.9427475114517,True,-1.6322108109534383e-09,0.0,0.0,0.0,True
118.80000000000001,True,10.427940266970081,958.962148227339,1238.8393037160458,True,7.801036261412264e-09,0.0,0.0,0.0,True
118.9,True,10.359758712503945,965.2734467580093,1231.775310916719,True,-3.4245299929125395e-09,0.0,0.0,0.0,True
119.0,True,10.292021497264097,971.6264198105567,1224.7505581744274,True,-5.394795721258561e-12,0.0,0.0,0.0,True
119.10000000000001,True,10.224725740651056,978.021342933669,1217.7648357115409,True,-2.438902413359756e-10,0.0,0.0,0.0,True
119.2,True,10.157868580218699,984.4584935341525,1210.817934762069,True,1.0554934704032348e-10,0.0,0.0,0.0,True
119.30000000000001,True,10.091447172003038,990.9381508475075,1203.9096476199625,True,-2.9309887850104133e-13,0.0,0.0,0.0,True
119.4,True,10.0254586902958,997.4605959605176,1197.0397676213186,True,-3.11928260998684e-12,0.0,0.0,0.0,True
119.5,False,0.0,,0.0,False,,,,,False
119.60000000000001,False,0.0,,0.0,False,,,,,False
119.7,False,0.0,,0.0,False,,,,,False
119.80000000000001,False,0.0,,0.0,False,,,,,False
119.9,False,0.0,,0.0,False,,,,,False
120.0,False,0.0,,0.0,False,,,,,False
120.10000000000001,False,0.0,,0.0,False,,,,,False
120.2,False,0.0,,0.0,False,,,,,False
120.30000000000001,False,0.0,,0.0,False,,,,,False
120.4,False,0.0,,0.0,False,,,,,False
120.5,False,0.0,,0.0,False,,,,,False
120.60000000000001,False,0.0,,0.0,False,,,,,False
120.7,False,0.0,,0.0,False,,,,,False
120.80000000000001,False,0.0,,0.0,False,,,,,False
120.9,False,0.0,,0.0,False,,,,,False
121.0,False,0.0,,0.0,False,,,,,False
121.10000000000001,False,0.0,,0.0,False,,,,,False
121.2,False,0.0,,0.0,False,,,,,False
121.30000000000001,False,0.0,,0.0,False,,,,,False
121.4,False,0.0,,0.0,False,,,,,False
121.5,False,0.0,,0.0,False,,,,,False
121.60000000000001,False,0.0,,0.0,False,,,,,False
121.7,False,0.0,,0.0,False,,,,,False
121.80000000000001,False,0.0,,0.0,False,,,,,False
121.9,False,0.0,,0.0,False,,,,,False
122.0,False,0.0,,0.0,False,,,,,False
122.10000000000001,False,0.0,,0.0,False,,,,,False
122.2,False,0.0,,0.0,False,,,,,False
122.30000000000001,False,0.0,,0.0,False,,,,,False
122.4,False,0.0,,0.0,False,,,,,False
122.5,False,0.0,,0.0,False,,,,,False
122.60000000000001,False,0.0,,0.0,False,,,,,False
122.7,False,0.0,,0.0,False,,,,,False
122.80000000000001,False,0.0,,0.0,False,,,,,False
122.9,False,0.0,,0.0,False,,,,,False
123.0,False,0.0,,0.0,False,,,,,False
123.10000000000001,False,0.0,,0.0,False,,,,,False
123.2,False,0.0,,0.0,False,,,,,False
123.30000000000001,False,0.0,,0.0,False,,,,,False
123.4,False,0.0,,0.0,False,,,,,False
123.5,False,0.0,,0.0,False,,,,,False
123.60000000000001,False,0.0,,0.0,False,,,,,False
123.7,False,0.0,,0.0,False,,,,,False
123.80000000000001,False,0.0,,0.0,False,,,,,False
123.9,False,0.0,,0.0,False,,,,,False
124.0,False,0.0,,0.0,False,,,,,False
124.10000000000001,False,0.0,,0.0,False,,,,,False
124.2,False,0.0,,0.0,False,,,,,False
124.30000000000001,False,0.0,,0.0,False,,,,,False
124.4,False,0.0,,0.0,False,,,,,False
124.5,False,0.0,,0.0,False,,,,,False
124.60000000000001,False,0.0,,0.0,False,,,,,False
124.7,False,0.0,,0.0,False,,,,,False
124.80000000000001,False,0.0,,0.0,False,,,,,False
124.9,False,0.0,,0.0,False,,,,,False
125.0,False,0.0,,0.0,False,,,,,False
125.10000000000001,False,0.0,,0.0,False,,,,,False
125.2,False,0.0,,0.0,False,,,,,False
125.30000000000001,False,0.0,,0.0,False,,,,,False
125.4,False,0.0,,0.0,False,,,,,False
125.5,False,0.0,,0.0,False,,,,,False
125.60000000000001,False,0.0,,0.0,False,,,,,False
125.7,False,0.0,,0.0,False,,,,,False
125.80000000000001,False,0.0,,0.0,False,,,,,False
125.9,False,0.0,,0.0,False,,,,,False
126.0,False,0.0,,0.0,False,,,,,False
126.10000000000001,False,0.0,,0.0,False,,,,,False
126.2,False,0.0,,0.0,False,,,,,False
126.30000000000001,False,0.0,,0.0,False,,,,,False
126.4,False,0.0,,0.0,False,,,,,False
126.5,False,0.0,,0.0,False,,,,,False
126.60000000000001,False,0.0,,0.0,False,,,,,False
126.7,False,0.0,,0.0,False,,,,,False
126.80000000000001,False,0.0,,0.0,False,,,,,False
126.9,False,0.0,,0.0,False,,,,,False
127.0,False,0.0,,0.0,False,,,,,False
127.10000000000001,False,0.0,,0.0,False,,,,,False
127.2,False,0.0,,0.0,False,,,,,False
127.30000000000001,False,0.0,,0.0,False,,,,,False
127.4,False,0.0,,0.0,False,,,,,False
127.5,False,0.0,,0.0,False,,,,,False
127.60000000000001,False,0.0,,0.0,False,,,,,False
127.7,False,0.0,,0.0,False,,,,,False
127.80000000000001,False,0.0,,0.0,False,,,,,False
127.9,False,0.0,,0.0,False,,,,,False
128.0,False,0.0,,0.0,False,,,,,False
128.1,False,0.0,,0.0,False,,,,,False
128.20000000000002,False,0.0,,0.0,False,,,,,False
128.3,False,0.0,,0.0,False,,,,,False
128.4,False,0.0,,0.0,False,,,,,False
128.5,False,0.0,,0.0,False,,,,,False
128.6,False,0.0,,0.0,False,,,,,False
128.70000000000002,False,0.0,,0.0,False,,,,,False
128.8,False,0.0,,0.0,False,,,,,False
128.9,False,0.0,,0.0,False,,,,,False
129.0,False,0.0,,0.0,False,,,,,False
129.1,False,0.0,,0.0,False,,,,,False
129.20000000000002,False,0.0,,0.0,False,,,,,False
129.3,False,0.0,,0.0,False,,,,,False
129.4,False,0.0,,0.0,False,,,,,False
129.5,False,0.0,,0.0,False,,,,,False
129.6,False,0.0,,0.0,False,,,,,False
129.70000000000002,False,0.0,,0.0,False,,,,,False
129.8,False,0.0,,0.0,False,,,,,False
129.9,False,0.0,,0.0,False,,,,,False
130.0,False,0.0,,0.0,False,,,,,False
130.1,False,0.0,,0.0,False,,,,,False
130.20000000000002,False,0.0,,0.0,False,,,,,False
130.3,False,0.0,,0.0,False,,,,,False
130.4,False,0.0,,0.0,False,,,,,False
130.5,False,0.0,,0.0,False,,,,,False
130.6,False,0.0,,0.0,False,,,,,False
130.70000000000002,False,0.0,,0.0,False,,,,,False
130.8,False,0.0,,0.0,False,,,,,False
130.9,False,0.0,,0.0,False,,,,,False
131.0,False,0.0,,0.0,False,,,,,False
131.1,False,0.0,,0.0,False,,,,,False
131.20000000000002,False,0.0,,0.0,False,,,,,False
131.3,False,0.0,,0.0,False,,,,,False
131.4,False,0.0,,0.0,False,,,,,False
131.5,False,0.0,,0.0,False,,,,,False
131.6,False,0.0,,0.0,False,,,,,False
131.70000000000002,False,0.0,,0.0,False,,,,,False
131.8,False,0.0,,0.0,False,,,,,False
131.9,False,0.0,,0.0,False,,,,,False
132.0,False,0.0,,0.0,False,,,,,False
132.1,False,0.0,,0.0,False,,,,,False
132.20000000000002,False,0.0,,0.0,False,,,,,False
132.3,False,0.0,,0.0,False,,,,,False
132.4,False,0.0,,0.0,False,,,,,False
132.5,False,0.0,,0.0,False,,,,,False
132.6,False,0.0,,0.0,False,,,,,False
132.70000000000002,False,0.0,,0.0,False,,,,,False
132.8,False,0.0,,0.0,False,,,,,False
132.9,False,0.0,,0.0,False,,,,,False
133.0,False,0.0,,0.0,False,,,,,False
133.1,False,0.0,,0.0,False,,,,,False
133.20000000000002,False,0.0,,0.0,False,,,,,False
133.3,False,0.0,,0.0,False,,,,,False
133.4,False,0.0,,0.0,False,,,,,False
133.5,False,0.0,,0.0,False,,,,,False
133.6,False,0.0,,0.0,False,,,,,False
133.70000000000002,False,0.0,,0.0,False,,,,,False
133.8,False,0.0,,0.0,False,,,,,False
133.9,False,0.0,,0.0,False,,,,,False
134.0,False,0.0,,0.0,False,,,,,False
134.1,False,0.0,,0.0,False,,,,,False
134.20000000000002,False,0.0,,0.0,False,,,,,False
134.3,False,0.0,,0.0,False,,,,,False
134.4,False,0.0,,0.0,False,,,,,False
134.5,False,0.0,,0.0,False,,,,,False
134.6,False,0.0,,0.0,False,,,,,False
134.70000000000002,False,0.0,,0.0,False,,,,,False
134.8,False,0.0,,0.0,False,,,,,False
134.9,False,0.0,,0.0,False,,,,,False
135.0,False,0.0,,0.0,False,,,,,False
135.1,False,0.0,,0.0,False,,,,,False
135.20000000000002,False,0.0,,0.0,False,,,,,False
135.3,False,0.0,,0.0,False,,,,,False
135.4,False,0.0,,0.0,False,,,,,False
135.5,False,0.0,,0.0,False,,,,,False
135.6,False,0.0,,0.0,False,,,,,False
135.70000000000002,False,0.0,,0.0,False,,,,,False
135.8,False,0.0,,0.0,False,,,,,False
135.9,False,0.0,,0.0,False,,,,,False
136.0,False,0.0,,0.0,False,,,,,False
136.1,False,0.0,,0.0,False,,,,,False
136.20000000000002,False,0.0,,0.0,False,,,,,False
136.3,False,0.0,,0.0,False,,,,,False
136.4,False,0.0,,0.0,False,,,,,False
136.5,False,0.0,,0.0,False,,,,,False
136.6,False,0.0,,0.0,False,,,,,False
136.70000000000002,False,0.0,,0.0,False,,,,,False
136.8,False,0.0,,0.0,False,,,,,False
136.9,False,0.0,,0.0,False,,,,,False
137.0,False,0.0,,0.0,False,,,,,False
137.1,False,0.0,,0.0,False,,,,,False
137.20000000000002,False,0.0,,0.0,False,,,,,False
137.3,False,0.0,,0.0,False,,,,,False
137.4,False,0.0,,0.0,False,,,,,False
137.5,False,0.0,,0.0,False,,,,,False
137.6,False,0.0,,0.0,False,,,,,False
137.70000000000002,False,0.0,,0.0,False,,,,,False
137.8,False,0.0,,0.0,False,,,,,False
137.9,False,0.0,,0.0,False,,,,,False
138.0,False,0.0,,0.0,False,,,,,False
138.1,False,0.0,,0.0,False,,,,,False
138.20000000000002,False,0.0,,0.0,False,,,,,False
138.3,False,0.0,,0.0,False,,,,,False
138.4,False,0.0,,0.0,False,,,,,False
138.5,False,0.0,,0.0,False,,,,,False
138.6,False,0.0,,0.0,False,,,,,False
138.70000000000002,False,0.0,,0.0,False,,,,,False
138.8,False,0.0,,0.0,False,,,,,False
138.9,False,0.0,,0.0,False,,,,,False
139.0,False,0.0,,0.0,False,,,,,False
139.1,False,0.0,,0.0,False,,,,,False
139.20000000000002,False,0.0,,0.0,False,,,,,False
139.3,False,0.0,,0.0,False,,,,,False
139.4,False,0.0,,0.0,False,,,,,False
139.5,False,0.0,,0.0,False,,,,,False
139.6,False,0.0,,0.0,False,,,,,False
139.70000000000002,False,0.0,,0.0,False,,,,,False
139.8,False,0.0,,0.0,False,,,,,False
139.9,False,0.0,,0.0,False,,,,,False
140.0,False,0.0,,0.0,False,,,,,False
140.1,False,0.0,,0.0,False,,,,,False
140.20000000000002,False,0.0,,0.0,False,,,,,False
140.3,False,0.0,,0.0,False,,,,,False
140.4,False,0.0,,0.0,False,,,,,False
140.5,False,0.0,,0.0,False,,,,,False
140.6,False,0.0,,0.0,False,,,,,False
140.70000000000002,False,0.0,,0.0,False,,,,,False
140.8,False,0.0,,0.0,False,,,,,False
140.9,False,0.0,,0.0,False,,,,,False
141.0,False,0.0,,0.0,False,,,,,False
141.1,False,0.0,,0.0,False,,,,,False
141.20000000000002,False,0.0,,0.0,False,,,,,False
141.3,False,0.0,,0.0,False,,,,,False
141.4,False,0.0,,0.0,False,,,,,False
141.5,False,0.0,,0.0,False,,,,,False
141.6,False,0.0,,0.0,False,,,,,False
141.70000000000002,False,0.0,,0.0,False,,,,,False
141.8,False,0.0,,0.0,False,,,,,False
141.9,False,0.0,,0.0,False,,,,,False
142.0,False,0.0,,0.0,False,,,,,False
142.1,False,0.0,,0.0,False,,,,,False
142.20000000000002,False,0.0,,0.0,False,,,,,False
142.3,False,0.0,,0.0,False,,,,,False
142.4,False,0.0,,0.0,False,,,,,False
142.5,False,0.0,,0.0,False,,,,,False
142.6,False,0.0,,0.0,False,,,,,False
142.70000000000002,False,0.0,,0.0,False,,,,,False
142.8,False,0.0,,0.0,False,,,,,False
142.9,False,0.0,,0.0,False,,,,,False
143.0,False,0.0,,0.0,False,,,,,False
143.1,False,0.0,,0.0,False,,,,,False
143.20000000000002,False,0.0,,0.0,False,,,,,False
143.3,False,0.0,,0.0,False,,,,,False
143.4,False,0.0,,0.0,False,,,,,False
143.5,False,0.0,,0.0,False,,,,,False
143.6,False,0.0,,0.0,False,,,,,False
143.70000000000002,False,0.0,,0.0,False,,,,,False
143.8,False,0.0,,0.0,False,,,,,False
143.9,False,0.0,,0.0,False,,,,,False
144.0,False,0.0,,0.0,False,,,,,False
144.1,False,0.0,,0.0,False,,,,,False
144.20000000000002,False,0.0,,0.0,False,,,,,False
144.3,False,0.0,,0.0,False,,,,,False
144.4,False,0.0,,0.0,False,,,,,False
144.5,False,0.0,,0.0,False,,,,,False
144.6,False,0.0,,0.0,False,,,,,False
144.70000000000002,False,0.0,,0.0,False,,,,,False
144.8,False,0.0,,0.0,False,,,,,False
144.9,False,0.0,,0.0,False,,,,,False
145.0,False,0.0,,0.0,False,,,,,False
145.1,False,0.0,,0.0,False,,,,,False
145.20000000000002,False,0.0,,0.0,False,,,,,False
145.3,False,0.0,,0.0,False,,,,,False
145.4,False,0.0,,0.0,False,,,,,False
145.5,False,0.0,,0.0,False,,,,,False
145.6,False,0.0,,0.0,False,,,,,False
145.70000000000002,False,0.0,,0.0,False,,,,,False
145.8,False,0.0,,0.0,False,,,,,False
145.9,False,0.0,,0.0,False,,,,,False
146.0,False,0.0,,0.0,False,,,,,False
146.1,False,0.0,,0.0,False,,,,,False
146.20000000000002,False,0.0,,0.0,False,,,,,False
146.3,False,0.0,,0.0,False,,,,,False
146.4,False,0.0,,0.0,False,,,,,False
146.5,False,0.0,,0.0,False,,,,,False
146.6,False,0.0,,0.0,False,,,,,False
146.70000000000002,False,0.0,,0.0,False,,,,,False
146.8,False,0.0,,0.0,False,,,,,False
146.9,False,0.0,,0.0,False,,,,,False
147.0,False,0.0,,0.0,False,,,,,False
147.1,False,0.0,,0.0,False,,,,,False
147.20000000000002,False,0.0,,0.0,False,,,,,False
147.3,False,0.0,,0.0,False,,,,,False
147.4,False,0.0,,0.0,False,,,,,False
147.5,False,0.0,,0.0,False,,,,,False
147.6,False,0.0,,0.0,False,,,,,False
147.70000000000002,False,0.0,,0.0,False,,,,,False
147.8,False,0.0,,0.0,False,,,,,False
147.9,False,0.0,,0.0,False,,,,,False
148.0,False,0.0,,0.0,False,,,,,False
148.1,False,0.0,,0.0,False,,,,,False
148.20000000000002,False,0.0,,0.0,False,,,,,False
148.3,False,0.0,,0.0,False,,,,,False
148.4,False,0.0,,0.0,False,,,,,False
148.5,False,0.0,,0.0,False,,,,,False
148.6,False,0.0,,0.0,False,,,,,False
148.70000000000002,False,0.0,,0.0,False,,,,,False
148.8,False,0.0,,0.0,False,,,,,False
148.9,False,0.0,,0.0,False,,,,,False
149.0,False,0.0,,0.0,False,,,,,False
149.1,False,0.0,,0.0,False,,,,,False
149.20000000000002,False,0.0,,0.0,False,,,,,False
149.3,False,0.0,,0.0,False,,,,,False
149.4,False,0.0,,0.0,False,,,,,False
149.5,False,0.0,,0.0,False,,,,,False
149.6,False,0.0,,0.0,False,,,,,False
149.70000000000002,False,0.0,,0.0,False,,,,,False
149.8,False,0.0,,0.0,False,,,,,False
149.9,False,0.0,,0.0,False,,,,,False
150.0,False,0.0,,0.0,False,,,,,False
